{"type": "FeatureCollection", "name": "strat_chart_localities", "crs": {"type": "name", "properties": {"name": "urn:ogc:def:crs:OGC:1.3:CRS84"}}, "features": [{"type": "Feature", "geometry": {"type": "Point", "coordinates": [-113.639769, 42.086661]}, "properties": {"chart_id": 1, "chart_title": "Albion Mountains, Idaho", "index_label": "Albion", "source_filename": "001_Albion.jpg", "chart_type": "stratigraphic_column", "state": "ID", "image_url": "https://firebasestorage.googleapis.com/v0/b/ut-dnr-ugs-geolmapportal-prod.firebasestorage.app/o/strat-charts%2F001_Albion.jpg?alt=media", "thumbnail_url": "https://firebasestorage.googleapis.com/v0/b/ut-dnr-ugs-geolmapportal-prod.firebasestorage.app/o/strat-charts%2Fthumbs%2F001_Albion.jpg?alt=media", "position_uncertainty_m": 18000, "source_title": "Geologic History of Utah: A Field Guide to Utah's Rocks", "source_authors": "Hintze, L.F., and Kowallis, B.J.", "source_year": "2021", "source_publisher": "Department of Geological Sciences, Brigham Young University, Provo, Utah", "source_url": "https://utahmapstore.com/products/geologic-history-of-utah-a-field-guide-to-utahs-rocks", "source_series": "", "preview_url": "https://firebasestorage.googleapis.com/v0/b/ut-dnr-ugs-geolmapportal-prod.firebasestorage.app/o/strat-charts%2Fpreviews%2F001_Albion.jpg?alt=media"}}, {"type": "Feature", "geometry": {"type": "Point", "coordinates": [-113.417086, 41.915036]}, "properties": {"chart_id": 2, "chart_title": "Raft River Range", "index_label": "Raft River", "source_filename": "002_RaftRiver.jpg", "chart_type": "stratigraphic_column", "state": "UT", "image_url": "https://firebasestorage.googleapis.com/v0/b/ut-dnr-ugs-geolmapportal-prod.firebasestorage.app/o/strat-charts%2F002_RaftRiver.jpg?alt=media", "thumbnail_url": "https://firebasestorage.googleapis.com/v0/b/ut-dnr-ugs-geolmapportal-prod.firebasestorage.app/o/strat-charts%2Fthumbs%2F002_RaftRiver.jpg?alt=media", "position_uncertainty_m": 18000, "source_title": "Geologic History of Utah: A Field Guide to Utah's Rocks", "source_authors": "Hintze, L.F., and Kowallis, B.J.", "source_year": "2021", "source_publisher": "Department of Geological Sciences, Brigham Young University, Provo, Utah", "source_url": "https://utahmapstore.com/products/geologic-history-of-utah-a-field-guide-to-utahs-rocks", "source_series": "", "preview_url": "https://firebasestorage.googleapis.com/v0/b/ut-dnr-ugs-geolmapportal-prod.firebasestorage.app/o/strat-charts%2Fpreviews%2F002_RaftRiver.jpg?alt=media"}}, {"type": "Feature", "geometry": {"type": "Point", "coordinates": [-113.159693, 42.044612]}, "properties": {"chart_id": 3, "chart_title": "Strevell \u2013 Black Pine Mts", "index_label": "Strevell", "source_filename": "003_Strevell.jpg", "chart_type": "stratigraphic_column", "state": "ID", "image_url": "https://firebasestorage.googleapis.com/v0/b/ut-dnr-ugs-geolmapportal-prod.firebasestorage.app/o/strat-charts%2F003_Strevell.jpg?alt=media", "thumbnail_url": "https://firebasestorage.googleapis.com/v0/b/ut-dnr-ugs-geolmapportal-prod.firebasestorage.app/o/strat-charts%2Fthumbs%2F003_Strevell.jpg?alt=media", "position_uncertainty_m": 18000, "source_title": "Geologic History of Utah: A Field Guide to Utah's Rocks", "source_authors": "Hintze, L.F., and Kowallis, B.J.", "source_year": "2021", "source_publisher": "Department of Geological Sciences, Brigham Young University, Provo, Utah", "source_url": "https://utahmapstore.com/products/geologic-history-of-utah-a-field-guide-to-utahs-rocks", "source_series": "", "preview_url": "https://firebasestorage.googleapis.com/v0/b/ut-dnr-ugs-geolmapportal-prod.firebasestorage.app/o/strat-charts%2Fpreviews%2F003_Strevell.jpg?alt=media"}}, {"type": "Feature", "geometry": {"type": "Point", "coordinates": [-112.750286, 42.006586]}, "properties": {"chart_id": 4, "chart_title": "Curlew Valley \u2013 Sublette Range, Utah\u2013Idaho", "index_label": "Curlew Valley", "source_filename": "004_CurlewValley.jpg", "chart_type": "stratigraphic_column", "state": "ID", "image_url": "https://firebasestorage.googleapis.com/v0/b/ut-dnr-ugs-geolmapportal-prod.firebasestorage.app/o/strat-charts%2F004_CurlewValley.jpg?alt=media", "thumbnail_url": "https://firebasestorage.googleapis.com/v0/b/ut-dnr-ugs-geolmapportal-prod.firebasestorage.app/o/strat-charts%2Fthumbs%2F004_CurlewValley.jpg?alt=media", "position_uncertainty_m": 18000, "source_title": "Geologic History of Utah: A Field Guide to Utah's Rocks", "source_authors": "Hintze, L.F., and Kowallis, B.J.", "source_year": "2021", "source_publisher": "Department of Geological Sciences, Brigham Young University, Provo, Utah", "source_url": "https://utahmapstore.com/products/geologic-history-of-utah-a-field-guide-to-utahs-rocks", "source_series": "", "preview_url": "https://firebasestorage.googleapis.com/v0/b/ut-dnr-ugs-geolmapportal-prod.firebasestorage.app/o/strat-charts%2Fpreviews%2F004_CurlewValley.jpg?alt=media"}}, {"type": "Feature", "geometry": {"type": "Point", "coordinates": [-113.969509, 41.819863]}, "properties": {"chart_id": 5, "chart_title": "Goose Creek & Rhyolite Mts", "index_label": "Goose Creek", "source_filename": "005_GooseCreek.jpg", "chart_type": "stratigraphic_column", "state": "UT", "image_url": "https://firebasestorage.googleapis.com/v0/b/ut-dnr-ugs-geolmapportal-prod.firebasestorage.app/o/strat-charts%2F005_GooseCreek.jpg?alt=media", "thumbnail_url": "https://firebasestorage.googleapis.com/v0/b/ut-dnr-ugs-geolmapportal-prod.firebasestorage.app/o/strat-charts%2Fthumbs%2F005_GooseCreek.jpg?alt=media", "position_uncertainty_m": 18000, "source_title": "Geologic History of Utah: A Field Guide to Utah's Rocks", "source_authors": "Hintze, L.F., and Kowallis, B.J.", "source_year": "2021", "source_publisher": "Department of Geological Sciences, Brigham Young University, Provo, Utah", "source_url": "https://utahmapstore.com/products/geologic-history-of-utah-a-field-guide-to-utahs-rocks", "source_series": "", "preview_url": "https://firebasestorage.googleapis.com/v0/b/ut-dnr-ugs-geolmapportal-prod.firebasestorage.app/o/strat-charts%2Fpreviews%2F005_GooseCreek.jpg?alt=media"}}, {"type": "Feature", "geometry": {"type": "Point", "coordinates": [-113.701106, 41.66343]}, "properties": {"chart_id": 6, "chart_title": "Grouse Creek & Matlin Mts", "index_label": "Grouse Creek", "source_filename": "006_GrouseCreek.jpg", "chart_type": "stratigraphic_column", "state": "UT", "image_url": "https://firebasestorage.googleapis.com/v0/b/ut-dnr-ugs-geolmapportal-prod.firebasestorage.app/o/strat-charts%2F006_GrouseCreek.jpg?alt=media", "thumbnail_url": "https://firebasestorage.googleapis.com/v0/b/ut-dnr-ugs-geolmapportal-prod.firebasestorage.app/o/strat-charts%2Fthumbs%2F006_GrouseCreek.jpg?alt=media", "position_uncertainty_m": 18000, "source_title": "Geologic History of Utah: A Field Guide to Utah's Rocks", "source_authors": "Hintze, L.F., and Kowallis, B.J.", "source_year": "2021", "source_publisher": "Department of Geological Sciences, Brigham Young University, Provo, Utah", "source_url": "https://utahmapstore.com/products/geologic-history-of-utah-a-field-guide-to-utahs-rocks", "source_series": "", "preview_url": "https://firebasestorage.googleapis.com/v0/b/ut-dnr-ugs-geolmapportal-prod.firebasestorage.app/o/strat-charts%2Fpreviews%2F006_GrouseCreek.jpg?alt=media"}}, {"type": "Feature", "geometry": {"type": "Point", "coordinates": [-112.376867, 41.694634]}, "properties": {"chart_id": 7, "chart_title": "Blue Spring Hills", "index_label": "Blue Spring", "source_filename": "007_BlueSpring.jpg", "chart_type": "stratigraphic_column", "state": "UT", "image_url": "https://firebasestorage.googleapis.com/v0/b/ut-dnr-ugs-geolmapportal-prod.firebasestorage.app/o/strat-charts%2F007_BlueSpring.jpg?alt=media", "thumbnail_url": "https://firebasestorage.googleapis.com/v0/b/ut-dnr-ugs-geolmapportal-prod.firebasestorage.app/o/strat-charts%2Fthumbs%2F007_BlueSpring.jpg?alt=media", "position_uncertainty_m": 18000, "source_title": "Geologic History of Utah: A Field Guide to Utah's Rocks", "source_authors": "Hintze, L.F., and Kowallis, B.J.", "source_year": "2021", "source_publisher": "Department of Geological Sciences, Brigham Young University, Provo, Utah", "source_url": "https://utahmapstore.com/products/geologic-history-of-utah-a-field-guide-to-utahs-rocks", "source_series": "", "preview_url": "https://firebasestorage.googleapis.com/v0/b/ut-dnr-ugs-geolmapportal-prod.firebasestorage.app/o/strat-charts%2Fpreviews%2F007_BlueSpring.jpg?alt=media"}}, {"type": "Feature", "geometry": {"type": "Point", "coordinates": [-112.337427, 41.945191]}, "properties": {"chart_id": 8, "chart_title": "Portage, Utah \u2013 Samaria, Idaho", "index_label": "Portage", "source_filename": "008_Portage.jpg", "chart_type": "stratigraphic_column", "state": "UT", "image_url": "https://firebasestorage.googleapis.com/v0/b/ut-dnr-ugs-geolmapportal-prod.firebasestorage.app/o/strat-charts%2F008_Portage.jpg?alt=media", "thumbnail_url": "https://firebasestorage.googleapis.com/v0/b/ut-dnr-ugs-geolmapportal-prod.firebasestorage.app/o/strat-charts%2Fthumbs%2F008_Portage.jpg?alt=media", "position_uncertainty_m": 18000, "source_title": "Geologic History of Utah: A Field Guide to Utah's Rocks", "source_authors": "Hintze, L.F., and Kowallis, B.J.", "source_year": "2021", "source_publisher": "Department of Geological Sciences, Brigham Young University, Provo, Utah", "source_url": "https://utahmapstore.com/products/geologic-history-of-utah-a-field-guide-to-utahs-rocks", "source_series": "", "preview_url": "https://firebasestorage.googleapis.com/v0/b/ut-dnr-ugs-geolmapportal-prod.firebasestorage.app/o/strat-charts%2Fpreviews%2F008_Portage.jpg?alt=media"}}, {"type": "Feature", "geometry": {"type": "Point", "coordinates": [-113.50868, 41.482738]}, "properties": {"chart_id": 9, "chart_title": "Terrace Mountain", "index_label": "Terrace Mountain", "source_filename": "009_TerraceMountain.jpg", "chart_type": "stratigraphic_column", "state": "UT", "image_url": "https://firebasestorage.googleapis.com/v0/b/ut-dnr-ugs-geolmapportal-prod.firebasestorage.app/o/strat-charts%2F009_TerraceMountain.jpg?alt=media", "thumbnail_url": "https://firebasestorage.googleapis.com/v0/b/ut-dnr-ugs-geolmapportal-prod.firebasestorage.app/o/strat-charts%2Fthumbs%2F009_TerraceMountain.jpg?alt=media", "position_uncertainty_m": 18000, "source_title": "Geologic History of Utah: A Field Guide to Utah's Rocks", "source_authors": "Hintze, L.F., and Kowallis, B.J.", "source_year": "2021", "source_publisher": "Department of Geological Sciences, Brigham Young University, Provo, Utah", "source_url": "https://utahmapstore.com/products/geologic-history-of-utah-a-field-guide-to-utahs-rocks", "source_series": "", "preview_url": "https://firebasestorage.googleapis.com/v0/b/ut-dnr-ugs-geolmapportal-prod.firebasestorage.app/o/strat-charts%2Fpreviews%2F009_TerraceMountain.jpg?alt=media"}}, {"type": "Feature", "geometry": {"type": "Point", "coordinates": [-113.185171, 41.532578]}, "properties": {"chart_id": 10, "chart_title": "Hogup Mountains", "index_label": "Hogup", "source_filename": "010_Hogup.jpg", "chart_type": "stratigraphic_column", "state": "UT", "image_url": "https://firebasestorage.googleapis.com/v0/b/ut-dnr-ugs-geolmapportal-prod.firebasestorage.app/o/strat-charts%2F010_Hogup.jpg?alt=media", "thumbnail_url": "https://firebasestorage.googleapis.com/v0/b/ut-dnr-ugs-geolmapportal-prod.firebasestorage.app/o/strat-charts%2Fthumbs%2F010_Hogup.jpg?alt=media", "position_uncertainty_m": 18000, "source_title": "Geologic History of Utah: A Field Guide to Utah's Rocks", "source_authors": "Hintze, L.F., and Kowallis, B.J.", "source_year": "2021", "source_publisher": "Department of Geological Sciences, Brigham Young University, Provo, Utah", "source_url": "https://utahmapstore.com/products/geologic-history-of-utah-a-field-guide-to-utahs-rocks", "source_series": "", "preview_url": "https://firebasestorage.googleapis.com/v0/b/ut-dnr-ugs-geolmapportal-prod.firebasestorage.app/o/strat-charts%2Fpreviews%2F010_Hogup.jpg?alt=media"}}, {"type": "Feature", "geometry": {"type": "Point", "coordinates": [-114.010434, 41.439292]}, "properties": {"chart_id": 11, "chart_title": "Lucin Area", "index_label": "Lucin", "source_filename": "011_Lucin.jpg", "chart_type": "stratigraphic_column", "state": "UT", "image_url": "https://firebasestorage.googleapis.com/v0/b/ut-dnr-ugs-geolmapportal-prod.firebasestorage.app/o/strat-charts%2F011_Lucin.jpg?alt=media", "thumbnail_url": "https://firebasestorage.googleapis.com/v0/b/ut-dnr-ugs-geolmapportal-prod.firebasestorage.app/o/strat-charts%2Fthumbs%2F011_Lucin.jpg?alt=media", "position_uncertainty_m": 18000, "source_title": "Geologic History of Utah: A Field Guide to Utah's Rocks", "source_authors": "Hintze, L.F., and Kowallis, B.J.", "source_year": "2021", "source_publisher": "Department of Geological Sciences, Brigham Young University, Provo, Utah", "source_url": "https://utahmapstore.com/products/geologic-history-of-utah-a-field-guide-to-utahs-rocks", "source_series": "", "preview_url": "https://firebasestorage.googleapis.com/v0/b/ut-dnr-ugs-geolmapportal-prod.firebasestorage.app/o/strat-charts%2Fpreviews%2F011_Lucin.jpg?alt=media"}}, {"type": "Feature", "geometry": {"type": "Point", "coordinates": [-113.764945, 41.341045]}, "properties": {"chart_id": 12, "chart_title": "Lemay Island Area", "index_label": "Lemay Island", "source_filename": "012_LemayIsland.jpg", "chart_type": "stratigraphic_column", "state": "UT", "image_url": "https://firebasestorage.googleapis.com/v0/b/ut-dnr-ugs-geolmapportal-prod.firebasestorage.app/o/strat-charts%2F012_LemayIsland.jpg?alt=media", "thumbnail_url": "https://firebasestorage.googleapis.com/v0/b/ut-dnr-ugs-geolmapportal-prod.firebasestorage.app/o/strat-charts%2Fthumbs%2F012_LemayIsland.jpg?alt=media", "position_uncertainty_m": 18000, "source_title": "Geologic History of Utah: A Field Guide to Utah's Rocks", "source_authors": "Hintze, L.F., and Kowallis, B.J.", "source_year": "2021", "source_publisher": "Department of Geological Sciences, Brigham Young University, Provo, Utah", "source_url": "https://utahmapstore.com/products/geologic-history-of-utah-a-field-guide-to-utahs-rocks", "source_series": "", "preview_url": "https://firebasestorage.googleapis.com/v0/b/ut-dnr-ugs-geolmapportal-prod.firebasestorage.app/o/strat-charts%2Fpreviews%2F012_LemayIsland.jpg?alt=media"}}, {"type": "Feature", "geometry": {"type": "Point", "coordinates": [-114.041214, 41.212804]}, "properties": {"chart_id": 13, "chart_title": "Pilot Range, Utah \u2013 Nevada", "index_label": "Pilot Range", "source_filename": "013_PilotRange.jpg", "chart_type": "stratigraphic_column", "state": "UT", "image_url": "https://firebasestorage.googleapis.com/v0/b/ut-dnr-ugs-geolmapportal-prod.firebasestorage.app/o/strat-charts%2F013_PilotRange.jpg?alt=media", "thumbnail_url": "https://firebasestorage.googleapis.com/v0/b/ut-dnr-ugs-geolmapportal-prod.firebasestorage.app/o/strat-charts%2Fthumbs%2F013_PilotRange.jpg?alt=media", "position_uncertainty_m": 18000, "source_title": "Geologic History of Utah: A Field Guide to Utah's Rocks", "source_authors": "Hintze, L.F., and Kowallis, B.J.", "source_year": "2021", "source_publisher": "Department of Geological Sciences, Brigham Young University, Provo, Utah", "source_url": "https://utahmapstore.com/products/geologic-history-of-utah-a-field-guide-to-utahs-rocks", "source_series": "", "preview_url": "https://firebasestorage.googleapis.com/v0/b/ut-dnr-ugs-geolmapportal-prod.firebasestorage.app/o/strat-charts%2Fpreviews%2F013_PilotRange.jpg?alt=media"}}, {"type": "Feature", "geometry": {"type": "Point", "coordinates": [-113.706568, 41.106534]}, "properties": {"chart_id": 14, "chart_title": "Crater Island", "index_label": "Crater Island", "source_filename": "014_CraterIsland.jpg", "chart_type": "stratigraphic_column", "state": "UT", "image_url": "https://firebasestorage.googleapis.com/v0/b/ut-dnr-ugs-geolmapportal-prod.firebasestorage.app/o/strat-charts%2F014_CraterIsland.jpg?alt=media", "thumbnail_url": "https://firebasestorage.googleapis.com/v0/b/ut-dnr-ugs-geolmapportal-prod.firebasestorage.app/o/strat-charts%2Fthumbs%2F014_CraterIsland.jpg?alt=media", "position_uncertainty_m": 18000, "source_title": "Geologic History of Utah: A Field Guide to Utah's Rocks", "source_authors": "Hintze, L.F., and Kowallis, B.J.", "source_year": "2021", "source_publisher": "Department of Geological Sciences, Brigham Young University, Provo, Utah", "source_url": "https://utahmapstore.com/products/geologic-history-of-utah-a-field-guide-to-utahs-rocks", "source_series": "", "preview_url": "https://firebasestorage.googleapis.com/v0/b/ut-dnr-ugs-geolmapportal-prod.firebasestorage.app/o/strat-charts%2Fpreviews%2F014_CraterIsland.jpg?alt=media"}}, {"type": "Feature", "geometry": {"type": "Point", "coordinates": [-113.947453, 41.015971]}, "properties": {"chart_id": 15, "chart_title": "Silver Island Mts", "index_label": "Silver Island", "source_filename": "015_SilverIsland.jpg", "chart_type": "stratigraphic_column", "state": "UT", "image_url": "https://firebasestorage.googleapis.com/v0/b/ut-dnr-ugs-geolmapportal-prod.firebasestorage.app/o/strat-charts%2F015_SilverIsland.jpg?alt=media", "thumbnail_url": "https://firebasestorage.googleapis.com/v0/b/ut-dnr-ugs-geolmapportal-prod.firebasestorage.app/o/strat-charts%2Fthumbs%2F015_SilverIsland.jpg?alt=media", "position_uncertainty_m": 18000, "source_title": "Geologic History of Utah: A Field Guide to Utah's Rocks", "source_authors": "Hintze, L.F., and Kowallis, B.J.", "source_year": "2021", "source_publisher": "Department of Geological Sciences, Brigham Young University, Provo, Utah", "source_url": "https://utahmapstore.com/products/geologic-history-of-utah-a-field-guide-to-utahs-rocks", "source_series": "", "preview_url": "https://firebasestorage.googleapis.com/v0/b/ut-dnr-ugs-geolmapportal-prod.firebasestorage.app/o/strat-charts%2Fpreviews%2F015_SilverIsland.jpg?alt=media"}}, {"type": "Feature", "geometry": {"type": "Point", "coordinates": [-114.061801, 40.810941]}, "properties": {"chart_id": 16, "chart_title": "Wendover \u2013 Leppy Hills", "index_label": "Wendover", "source_filename": "016_Wendover.jpg", "chart_type": "stratigraphic_column", "state": "NV", "image_url": "https://firebasestorage.googleapis.com/v0/b/ut-dnr-ugs-geolmapportal-prod.firebasestorage.app/o/strat-charts%2F016_Wendover.jpg?alt=media", "thumbnail_url": "https://firebasestorage.googleapis.com/v0/b/ut-dnr-ugs-geolmapportal-prod.firebasestorage.app/o/strat-charts%2Fthumbs%2F016_Wendover.jpg?alt=media", "position_uncertainty_m": 18000, "source_title": "Geologic History of Utah: A Field Guide to Utah's Rocks", "source_authors": "Hintze, L.F., and Kowallis, B.J.", "source_year": "2021", "source_publisher": "Department of Geological Sciences, Brigham Young University, Provo, Utah", "source_url": "https://utahmapstore.com/products/geologic-history-of-utah-a-field-guide-to-utahs-rocks", "source_series": "", "preview_url": "https://firebasestorage.googleapis.com/v0/b/ut-dnr-ugs-geolmapportal-prod.firebasestorage.app/o/strat-charts%2Fpreviews%2F016_Wendover.jpg?alt=media"}}, {"type": "Feature", "geometry": {"type": "Point", "coordinates": [-113.338149, 41.158967]}, "properties": {"chart_id": 17, "chart_title": "Newfoundland Mountains", "index_label": "Newfoundland", "source_filename": "017_Newfoundland.jpg", "chart_type": "stratigraphic_column", "state": "UT", "image_url": "https://firebasestorage.googleapis.com/v0/b/ut-dnr-ugs-geolmapportal-prod.firebasestorage.app/o/strat-charts%2F017_Newfoundland.jpg?alt=media", "thumbnail_url": "https://firebasestorage.googleapis.com/v0/b/ut-dnr-ugs-geolmapportal-prod.firebasestorage.app/o/strat-charts%2Fthumbs%2F017_Newfoundland.jpg?alt=media", "position_uncertainty_m": 18000, "source_title": "Geologic History of Utah: A Field Guide to Utah's Rocks", "source_authors": "Hintze, L.F., and Kowallis, B.J.", "source_year": "2021", "source_publisher": "Department of Geological Sciences, Brigham Young University, Provo, Utah", "source_url": "https://utahmapstore.com/products/geologic-history-of-utah-a-field-guide-to-utahs-rocks", "source_series": "", "preview_url": "https://firebasestorage.googleapis.com/v0/b/ut-dnr-ugs-geolmapportal-prod.firebasestorage.app/o/strat-charts%2Fpreviews%2F017_Newfoundland.jpg?alt=media"}}, {"type": "Feature", "geometry": {"type": "Point", "coordinates": [-112.492248, 41.403183]}, "properties": {"chart_id": 18, "chart_title": "Promontory Range", "index_label": "Promontory", "source_filename": "018_Promontory.jpg", "chart_type": "stratigraphic_column", "state": "UT", "image_url": "https://firebasestorage.googleapis.com/v0/b/ut-dnr-ugs-geolmapportal-prod.firebasestorage.app/o/strat-charts%2F018_Promontory.jpg?alt=media", "thumbnail_url": "https://firebasestorage.googleapis.com/v0/b/ut-dnr-ugs-geolmapportal-prod.firebasestorage.app/o/strat-charts%2Fthumbs%2F018_Promontory.jpg?alt=media", "position_uncertainty_m": 18000, "source_title": "Geologic History of Utah: A Field Guide to Utah's Rocks", "source_authors": "Hintze, L.F., and Kowallis, B.J.", "source_year": "2021", "source_publisher": "Department of Geological Sciences, Brigham Young University, Provo, Utah", "source_url": "https://utahmapstore.com/products/geologic-history-of-utah-a-field-guide-to-utahs-rocks", "source_series": "", "preview_url": "https://firebasestorage.googleapis.com/v0/b/ut-dnr-ugs-geolmapportal-prod.firebasestorage.app/o/strat-charts%2Fpreviews%2F018_Promontory.jpg?alt=media"}}, {"type": "Feature", "geometry": {"type": "Point", "coordinates": [-112.865381, 40.946728]}, "properties": {"chart_id": 19, "chart_title": "Lakeside & Grassy Mountains", "index_label": "Lakeside", "source_filename": "019_Lakeside.jpg", "chart_type": "stratigraphic_column", "state": "UT", "image_url": "https://firebasestorage.googleapis.com/v0/b/ut-dnr-ugs-geolmapportal-prod.firebasestorage.app/o/strat-charts%2F019_Lakeside.jpg?alt=media", "thumbnail_url": "https://firebasestorage.googleapis.com/v0/b/ut-dnr-ugs-geolmapportal-prod.firebasestorage.app/o/strat-charts%2Fthumbs%2F019_Lakeside.jpg?alt=media", "position_uncertainty_m": 18000, "source_title": "Geologic History of Utah: A Field Guide to Utah's Rocks", "source_authors": "Hintze, L.F., and Kowallis, B.J.", "source_year": "2021", "source_publisher": "Department of Geological Sciences, Brigham Young University, Provo, Utah", "source_url": "https://utahmapstore.com/products/geologic-history-of-utah-a-field-guide-to-utahs-rocks", "source_series": "", "preview_url": "https://firebasestorage.googleapis.com/v0/b/ut-dnr-ugs-geolmapportal-prod.firebasestorage.app/o/strat-charts%2Fpreviews%2F019_Lakeside.jpg?alt=media"}}, {"type": "Feature", "geometry": {"type": "Point", "coordinates": [-112.931994, 40.576423]}, "properties": {"chart_id": 20, "chart_title": "Cedar Mountains", "index_label": "Cedar Mountains", "source_filename": "020_CedarMountains.jpg", "chart_type": "stratigraphic_column", "state": "UT", "image_url": "https://firebasestorage.googleapis.com/v0/b/ut-dnr-ugs-geolmapportal-prod.firebasestorage.app/o/strat-charts%2F020_CedarMountains.jpg?alt=media", "thumbnail_url": "https://firebasestorage.googleapis.com/v0/b/ut-dnr-ugs-geolmapportal-prod.firebasestorage.app/o/strat-charts%2Fthumbs%2F020_CedarMountains.jpg?alt=media", "position_uncertainty_m": 18000, "source_title": "Geologic History of Utah: A Field Guide to Utah's Rocks", "source_authors": "Hintze, L.F., and Kowallis, B.J.", "source_year": "2021", "source_publisher": "Department of Geological Sciences, Brigham Young University, Provo, Utah", "source_url": "https://utahmapstore.com/products/geologic-history-of-utah-a-field-guide-to-utahs-rocks", "source_series": "", "preview_url": "https://firebasestorage.googleapis.com/v0/b/ut-dnr-ugs-geolmapportal-prod.firebasestorage.app/o/strat-charts%2Fpreviews%2F020_CedarMountains.jpg?alt=media"}}, {"type": "Feature", "geometry": {"type": "Point", "coordinates": [-112.027094, 41.957499]}, "properties": {"chart_id": 21, "chart_title": "Clarkston Mt \u2013 Malad Range", "index_label": "Clarkston", "source_filename": "021_Clarkston.jpg", "chart_type": "stratigraphic_column", "state": "UT", "image_url": "https://firebasestorage.googleapis.com/v0/b/ut-dnr-ugs-geolmapportal-prod.firebasestorage.app/o/strat-charts%2F021_Clarkston.jpg?alt=media", "thumbnail_url": "https://firebasestorage.googleapis.com/v0/b/ut-dnr-ugs-geolmapportal-prod.firebasestorage.app/o/strat-charts%2Fthumbs%2F021_Clarkston.jpg?alt=media", "position_uncertainty_m": 18000, "source_title": "Geologic History of Utah: A Field Guide to Utah's Rocks", "source_authors": "Hintze, L.F., and Kowallis, B.J.", "source_year": "2021", "source_publisher": "Department of Geological Sciences, Brigham Young University, Provo, Utah", "source_url": "https://utahmapstore.com/products/geologic-history-of-utah-a-field-guide-to-utahs-rocks", "source_series": "", "preview_url": "https://firebasestorage.googleapis.com/v0/b/ut-dnr-ugs-geolmapportal-prod.firebasestorage.app/o/strat-charts%2Fpreviews%2F021_Clarkston.jpg?alt=media"}}, {"type": "Feature", "geometry": {"type": "Point", "coordinates": [-111.704921, 42.084617]}, "properties": {"chart_id": 22, "chart_title": "Preston \u2013 Pocatello, Idaho", "index_label": "Preston", "source_filename": "022_Preston.jpg", "chart_type": "stratigraphic_column", "state": "ID", "image_url": "https://firebasestorage.googleapis.com/v0/b/ut-dnr-ugs-geolmapportal-prod.firebasestorage.app/o/strat-charts%2F022_Preston.jpg?alt=media", "thumbnail_url": "https://firebasestorage.googleapis.com/v0/b/ut-dnr-ugs-geolmapportal-prod.firebasestorage.app/o/strat-charts%2Fthumbs%2F022_Preston.jpg?alt=media", "position_uncertainty_m": 18000, "source_title": "Geologic History of Utah: A Field Guide to Utah's Rocks", "source_authors": "Hintze, L.F., and Kowallis, B.J.", "source_year": "2021", "source_publisher": "Department of Geological Sciences, Brigham Young University, Provo, Utah", "source_url": "https://utahmapstore.com/products/geologic-history-of-utah-a-field-guide-to-utahs-rocks", "source_series": "", "preview_url": "https://firebasestorage.googleapis.com/v0/b/ut-dnr-ugs-geolmapportal-prod.firebasestorage.app/o/strat-charts%2Fpreviews%2F022_Preston.jpg?alt=media"}}, {"type": "Feature", "geometry": {"type": "Point", "coordinates": [-111.958414, 41.551134]}, "properties": {"chart_id": 23, "chart_title": "Brigham City \u2013 Wellsville Mtn", "index_label": "Brigham Wellsville", "source_filename": "023_BrighamWellsville.jpg", "chart_type": "stratigraphic_column", "state": "UT", "image_url": "https://firebasestorage.googleapis.com/v0/b/ut-dnr-ugs-geolmapportal-prod.firebasestorage.app/o/strat-charts%2F023_BrighamWellsville.jpg?alt=media", "thumbnail_url": "https://firebasestorage.googleapis.com/v0/b/ut-dnr-ugs-geolmapportal-prod.firebasestorage.app/o/strat-charts%2Fthumbs%2F023_BrighamWellsville.jpg?alt=media", "position_uncertainty_m": 18000, "source_title": "Geologic History of Utah: A Field Guide to Utah's Rocks", "source_authors": "Hintze, L.F., and Kowallis, B.J.", "source_year": "2021", "source_publisher": "Department of Geological Sciences, Brigham Young University, Provo, Utah", "source_url": "https://utahmapstore.com/products/geologic-history-of-utah-a-field-guide-to-utahs-rocks", "source_series": "", "preview_url": "https://firebasestorage.googleapis.com/v0/b/ut-dnr-ugs-geolmapportal-prod.firebasestorage.app/o/strat-charts%2Fpreviews%2F023_BrighamWellsville.jpg?alt=media"}}, {"type": "Feature", "geometry": {"type": "Point", "coordinates": [-111.669034, 41.783015]}, "properties": {"chart_id": 24, "chart_title": "Logan \u2013 Bear River Range", "index_label": "Logan", "source_filename": "024_Logan.jpg", "chart_type": "stratigraphic_column", "state": "UT", "image_url": "https://firebasestorage.googleapis.com/v0/b/ut-dnr-ugs-geolmapportal-prod.firebasestorage.app/o/strat-charts%2F024_Logan.jpg?alt=media", "thumbnail_url": "https://firebasestorage.googleapis.com/v0/b/ut-dnr-ugs-geolmapportal-prod.firebasestorage.app/o/strat-charts%2Fthumbs%2F024_Logan.jpg?alt=media", "position_uncertainty_m": 18000, "source_title": "Geologic History of Utah: A Field Guide to Utah's Rocks", "source_authors": "Hintze, L.F., and Kowallis, B.J.", "source_year": "2021", "source_publisher": "Department of Geological Sciences, Brigham Young University, Provo, Utah", "source_url": "https://utahmapstore.com/products/geologic-history-of-utah-a-field-guide-to-utahs-rocks", "source_series": "", "preview_url": "https://firebasestorage.googleapis.com/v0/b/ut-dnr-ugs-geolmapportal-prod.firebasestorage.app/o/strat-charts%2Fpreviews%2F024_Logan.jpg?alt=media"}}, {"type": "Feature", "geometry": {"type": "Point", "coordinates": [-111.83808, 41.206015]}, "properties": {"chart_id": 25, "chart_title": "Ogden \u2013 Farmington Canyon", "index_label": "Ogden", "source_filename": "025_Ogden.jpg", "chart_type": "stratigraphic_column", "state": "UT", "image_url": "https://firebasestorage.googleapis.com/v0/b/ut-dnr-ugs-geolmapportal-prod.firebasestorage.app/o/strat-charts%2F025_Ogden.jpg?alt=media", "thumbnail_url": "https://firebasestorage.googleapis.com/v0/b/ut-dnr-ugs-geolmapportal-prod.firebasestorage.app/o/strat-charts%2Fthumbs%2F025_Ogden.jpg?alt=media", "position_uncertainty_m": 18000, "source_title": "Geologic History of Utah: A Field Guide to Utah's Rocks", "source_authors": "Hintze, L.F., and Kowallis, B.J.", "source_year": "2021", "source_publisher": "Department of Geological Sciences, Brigham Young University, Provo, Utah", "source_url": "https://utahmapstore.com/products/geologic-history-of-utah-a-field-guide-to-utahs-rocks", "source_series": "", "preview_url": "https://firebasestorage.googleapis.com/v0/b/ut-dnr-ugs-geolmapportal-prod.firebasestorage.app/o/strat-charts%2Fpreviews%2F025_Ogden.jpg?alt=media"}}, {"type": "Feature", "geometry": {"type": "Point", "coordinates": [-111.72383, 41.397923]}, "properties": {"chart_id": 26, "chart_title": "Willard Thrust near Huntsville", "index_label": "Huntsville", "source_filename": "026_Huntsville.jpg", "chart_type": "stratigraphic_column", "state": "UT", "image_url": "https://firebasestorage.googleapis.com/v0/b/ut-dnr-ugs-geolmapportal-prod.firebasestorage.app/o/strat-charts%2F026_Huntsville.jpg?alt=media", "thumbnail_url": "https://firebasestorage.googleapis.com/v0/b/ut-dnr-ugs-geolmapportal-prod.firebasestorage.app/o/strat-charts%2Fthumbs%2F026_Huntsville.jpg?alt=media", "position_uncertainty_m": 18000, "source_title": "Geologic History of Utah: A Field Guide to Utah's Rocks", "source_authors": "Hintze, L.F., and Kowallis, B.J.", "source_year": "2021", "source_publisher": "Department of Geological Sciences, Brigham Young University, Provo, Utah", "source_url": "https://utahmapstore.com/products/geologic-history-of-utah-a-field-guide-to-utahs-rocks", "source_series": "", "preview_url": "https://firebasestorage.googleapis.com/v0/b/ut-dnr-ugs-geolmapportal-prod.firebasestorage.app/o/strat-charts%2Fpreviews%2F026_Huntsville.jpg?alt=media"}}, {"type": "Feature", "geometry": {"type": "Point", "coordinates": [-111.125318, 41.921219]}, "properties": {"chart_id": 27, "chart_title": "Bear Lake \u2013 Laketown", "index_label": "Bear Lake", "source_filename": "027_BearLake.jpg", "chart_type": "stratigraphic_column", "state": "UT", "image_url": "https://firebasestorage.googleapis.com/v0/b/ut-dnr-ugs-geolmapportal-prod.firebasestorage.app/o/strat-charts%2F027_BearLake.jpg?alt=media", "thumbnail_url": "https://firebasestorage.googleapis.com/v0/b/ut-dnr-ugs-geolmapportal-prod.firebasestorage.app/o/strat-charts%2Fthumbs%2F027_BearLake.jpg?alt=media", "position_uncertainty_m": 18000, "source_title": "Geologic History of Utah: A Field Guide to Utah's Rocks", "source_authors": "Hintze, L.F., and Kowallis, B.J.", "source_year": "2021", "source_publisher": "Department of Geological Sciences, Brigham Young University, Provo, Utah", "source_url": "https://utahmapstore.com/products/geologic-history-of-utah-a-field-guide-to-utahs-rocks", "source_series": "", "preview_url": "https://firebasestorage.googleapis.com/v0/b/ut-dnr-ugs-geolmapportal-prod.firebasestorage.app/o/strat-charts%2Fpreviews%2F027_BearLake.jpg?alt=media"}}, {"type": "Feature", "geometry": {"type": "Point", "coordinates": [-111.034768, 41.693373]}, "properties": {"chart_id": 28, "chart_title": "Crawford Mountains, Utah\u2013Wyoming", "index_label": "Crawford Mtns", "source_filename": "028_CrawfordMtns.jpg", "chart_type": "stratigraphic_column", "state": "WY", "image_url": "https://firebasestorage.googleapis.com/v0/b/ut-dnr-ugs-geolmapportal-prod.firebasestorage.app/o/strat-charts%2F028_CrawfordMtns.jpg?alt=media", "thumbnail_url": "https://firebasestorage.googleapis.com/v0/b/ut-dnr-ugs-geolmapportal-prod.firebasestorage.app/o/strat-charts%2Fthumbs%2F028_CrawfordMtns.jpg?alt=media", "position_uncertainty_m": 18000, "source_title": "Geologic History of Utah: A Field Guide to Utah's Rocks", "source_authors": "Hintze, L.F., and Kowallis, B.J.", "source_year": "2021", "source_publisher": "Department of Geological Sciences, Brigham Young University, Provo, Utah", "source_url": "https://utahmapstore.com/products/geologic-history-of-utah-a-field-guide-to-utahs-rocks", "source_series": "", "preview_url": "https://firebasestorage.googleapis.com/v0/b/ut-dnr-ugs-geolmapportal-prod.firebasestorage.app/o/strat-charts%2Fpreviews%2F028_CrawfordMtns.jpg?alt=media"}}, {"type": "Feature", "geometry": {"type": "Point", "coordinates": [-111.39754, 41.398119]}, "properties": {"chart_id": 29, "chart_title": "Monte Cristo Range", "index_label": "Monte Cristo", "source_filename": "029_MonteCristo.jpg", "chart_type": "stratigraphic_column", "state": "UT", "image_url": "https://firebasestorage.googleapis.com/v0/b/ut-dnr-ugs-geolmapportal-prod.firebasestorage.app/o/strat-charts%2F029_MonteCristo.jpg?alt=media", "thumbnail_url": "https://firebasestorage.googleapis.com/v0/b/ut-dnr-ugs-geolmapportal-prod.firebasestorage.app/o/strat-charts%2Fthumbs%2F029_MonteCristo.jpg?alt=media", "position_uncertainty_m": 18000, "source_title": "Geologic History of Utah: A Field Guide to Utah's Rocks", "source_authors": "Hintze, L.F., and Kowallis, B.J.", "source_year": "2021", "source_publisher": "Department of Geological Sciences, Brigham Young University, Provo, Utah", "source_url": "https://utahmapstore.com/products/geologic-history-of-utah-a-field-guide-to-utahs-rocks", "source_series": "", "preview_url": "https://firebasestorage.googleapis.com/v0/b/ut-dnr-ugs-geolmapportal-prod.firebasestorage.app/o/strat-charts%2Fpreviews%2F029_MonteCristo.jpg?alt=media"}}, {"type": "Feature", "geometry": {"type": "Point", "coordinates": [-111.000892, 41.015517]}, "properties": {"chart_id": 30, "chart_title": "Anschutz Ranch \u2013 Pineview", "index_label": "Anschutz Ranch", "source_filename": "030_AnschutzRanch.jpg", "chart_type": "stratigraphic_column", "state": "WY", "image_url": "https://firebasestorage.googleapis.com/v0/b/ut-dnr-ugs-geolmapportal-prod.firebasestorage.app/o/strat-charts%2F030_AnschutzRanch.jpg?alt=media", "thumbnail_url": "https://firebasestorage.googleapis.com/v0/b/ut-dnr-ugs-geolmapportal-prod.firebasestorage.app/o/strat-charts%2Fthumbs%2F030_AnschutzRanch.jpg?alt=media", "position_uncertainty_m": 18000, "source_title": "Geologic History of Utah: A Field Guide to Utah's Rocks", "source_authors": "Hintze, L.F., and Kowallis, B.J.", "source_year": "2021", "source_publisher": "Department of Geological Sciences, Brigham Young University, Provo, Utah", "source_url": "https://utahmapstore.com/products/geologic-history-of-utah-a-field-guide-to-utahs-rocks", "source_series": "", "preview_url": "https://firebasestorage.googleapis.com/v0/b/ut-dnr-ugs-geolmapportal-prod.firebasestorage.app/o/strat-charts%2Fpreviews%2F030_AnschutzRanch.jpg?alt=media"}}, {"type": "Feature", "geometry": {"type": "Point", "coordinates": [-111.535372, 41.024638]}, "properties": {"chart_id": 31, "chart_title": "Weber Canyon near Devils Slide", "index_label": "Weber Canyon", "source_filename": "031_WeberCanyon.jpg", "chart_type": "stratigraphic_column", "state": "UT", "image_url": "https://firebasestorage.googleapis.com/v0/b/ut-dnr-ugs-geolmapportal-prod.firebasestorage.app/o/strat-charts%2F031_WeberCanyon.jpg?alt=media", "thumbnail_url": "https://firebasestorage.googleapis.com/v0/b/ut-dnr-ugs-geolmapportal-prod.firebasestorage.app/o/strat-charts%2Fthumbs%2F031_WeberCanyon.jpg?alt=media", "position_uncertainty_m": 18000, "source_title": "Geologic History of Utah: A Field Guide to Utah's Rocks", "source_authors": "Hintze, L.F., and Kowallis, B.J.", "source_year": "2021", "source_publisher": "Department of Geological Sciences, Brigham Young University, Provo, Utah", "source_url": "https://utahmapstore.com/products/geologic-history-of-utah-a-field-guide-to-utahs-rocks", "source_series": "", "preview_url": "https://firebasestorage.googleapis.com/v0/b/ut-dnr-ugs-geolmapportal-prod.firebasestorage.app/o/strat-charts%2Fpreviews%2F031_WeberCanyon.jpg?alt=media"}}, {"type": "Feature", "geometry": {"type": "Point", "coordinates": [-111.254195, 40.842779]}, "properties": {"chart_id": 32, "chart_title": "Coalville \u2013 Park City \u2013 Kamas", "index_label": "Coalville", "source_filename": "032_Coalville.jpg", "chart_type": "stratigraphic_column", "state": "UT", "image_url": "https://firebasestorage.googleapis.com/v0/b/ut-dnr-ugs-geolmapportal-prod.firebasestorage.app/o/strat-charts%2F032_Coalville.jpg?alt=media", "thumbnail_url": "https://firebasestorage.googleapis.com/v0/b/ut-dnr-ugs-geolmapportal-prod.firebasestorage.app/o/strat-charts%2Fthumbs%2F032_Coalville.jpg?alt=media", "position_uncertainty_m": 18000, "source_title": "Geologic History of Utah: A Field Guide to Utah's Rocks", "source_authors": "Hintze, L.F., and Kowallis, B.J.", "source_year": "2021", "source_publisher": "Department of Geological Sciences, Brigham Young University, Provo, Utah", "source_url": "https://utahmapstore.com/products/geologic-history-of-utah-a-field-guide-to-utahs-rocks", "source_series": "", "preview_url": "https://firebasestorage.googleapis.com/v0/b/ut-dnr-ugs-geolmapportal-prod.firebasestorage.app/o/strat-charts%2Fpreviews%2F032_Coalville.jpg?alt=media"}}, {"type": "Feature", "geometry": {"type": "Point", "coordinates": [-112.067225, 40.511531]}, "properties": {"chart_id": 33, "chart_title": "Bingham \u2013 N. Oquirrh Mountains", "index_label": "Bingham", "source_filename": "033_Bingham.jpg", "chart_type": "stratigraphic_column", "state": "UT", "image_url": "https://firebasestorage.googleapis.com/v0/b/ut-dnr-ugs-geolmapportal-prod.firebasestorage.app/o/strat-charts%2F033_Bingham.jpg?alt=media", "thumbnail_url": "https://firebasestorage.googleapis.com/v0/b/ut-dnr-ugs-geolmapportal-prod.firebasestorage.app/o/strat-charts%2Fthumbs%2F033_Bingham.jpg?alt=media", "position_uncertainty_m": 18000, "source_title": "Geologic History of Utah: A Field Guide to Utah's Rocks", "source_authors": "Hintze, L.F., and Kowallis, B.J.", "source_year": "2021", "source_publisher": "Department of Geological Sciences, Brigham Young University, Provo, Utah", "source_url": "https://utahmapstore.com/products/geologic-history-of-utah-a-field-guide-to-utahs-rocks", "source_series": "", "preview_url": "https://firebasestorage.googleapis.com/v0/b/ut-dnr-ugs-geolmapportal-prod.firebasestorage.app/o/strat-charts%2Fpreviews%2F033_Bingham.jpg?alt=media"}}, {"type": "Feature", "geometry": {"type": "Point", "coordinates": [-111.673636, 40.694095]}, "properties": {"chart_id": 34, "chart_title": "Salt Lake City \u2013 Wasatch Range", "index_label": "Salt Lake", "source_filename": "034_SaltLake.jpg", "chart_type": "stratigraphic_column", "state": "UT", "image_url": "https://firebasestorage.googleapis.com/v0/b/ut-dnr-ugs-geolmapportal-prod.firebasestorage.app/o/strat-charts%2F034_SaltLake.jpg?alt=media", "thumbnail_url": "https://firebasestorage.googleapis.com/v0/b/ut-dnr-ugs-geolmapportal-prod.firebasestorage.app/o/strat-charts%2Fthumbs%2F034_SaltLake.jpg?alt=media", "position_uncertainty_m": 18000, "source_title": "Geologic History of Utah: A Field Guide to Utah's Rocks", "source_authors": "Hintze, L.F., and Kowallis, B.J.", "source_year": "2021", "source_publisher": "Department of Geological Sciences, Brigham Young University, Provo, Utah", "source_url": "https://utahmapstore.com/products/geologic-history-of-utah-a-field-guide-to-utahs-rocks", "source_series": "", "preview_url": "https://firebasestorage.googleapis.com/v0/b/ut-dnr-ugs-geolmapportal-prod.firebasestorage.app/o/strat-charts%2Fpreviews%2F034_SaltLake.jpg?alt=media"}}, {"type": "Feature", "geometry": {"type": "Point", "coordinates": [-111.519675, 40.314124]}, "properties": {"chart_id": 35, "chart_title": "Provo \u2013 Utah Valley \u2013 Wallsburg", "index_label": "Provo", "source_filename": "035_Provo.jpg", "chart_type": "stratigraphic_column", "state": "UT", "image_url": "https://firebasestorage.googleapis.com/v0/b/ut-dnr-ugs-geolmapportal-prod.firebasestorage.app/o/strat-charts%2F035_Provo.jpg?alt=media", "thumbnail_url": "https://firebasestorage.googleapis.com/v0/b/ut-dnr-ugs-geolmapportal-prod.firebasestorage.app/o/strat-charts%2Fthumbs%2F035_Provo.jpg?alt=media", "position_uncertainty_m": 18000, "source_title": "Geologic History of Utah: A Field Guide to Utah's Rocks", "source_authors": "Hintze, L.F., and Kowallis, B.J.", "source_year": "2021", "source_publisher": "Department of Geological Sciences, Brigham Young University, Provo, Utah", "source_url": "https://utahmapstore.com/products/geologic-history-of-utah-a-field-guide-to-utahs-rocks", "source_series": "", "preview_url": "https://firebasestorage.googleapis.com/v0/b/ut-dnr-ugs-geolmapportal-prod.firebasestorage.app/o/strat-charts%2Fpreviews%2F035_Provo.jpg?alt=media"}}, {"type": "Feature", "geometry": {"type": "Point", "coordinates": [-111.189003, 40.476201]}, "properties": {"chart_id": 36, "chart_title": "Charleston \u2013 Center Creek", "index_label": "Charleston", "source_filename": "036_Charleston.jpg", "chart_type": "stratigraphic_column", "state": "UT", "image_url": "https://firebasestorage.googleapis.com/v0/b/ut-dnr-ugs-geolmapportal-prod.firebasestorage.app/o/strat-charts%2F036_Charleston.jpg?alt=media", "thumbnail_url": "https://firebasestorage.googleapis.com/v0/b/ut-dnr-ugs-geolmapportal-prod.firebasestorage.app/o/strat-charts%2Fthumbs%2F036_Charleston.jpg?alt=media", "position_uncertainty_m": 18000, "source_title": "Geologic History of Utah: A Field Guide to Utah's Rocks", "source_authors": "Hintze, L.F., and Kowallis, B.J.", "source_year": "2021", "source_publisher": "Department of Geological Sciences, Brigham Young University, Provo, Utah", "source_url": "https://utahmapstore.com/products/geologic-history-of-utah-a-field-guide-to-utahs-rocks", "source_series": "", "preview_url": "https://firebasestorage.googleapis.com/v0/b/ut-dnr-ugs-geolmapportal-prod.firebasestorage.app/o/strat-charts%2Fpreviews%2F036_Charleston.jpg?alt=media"}}, {"type": "Feature", "geometry": {"type": "Point", "coordinates": [-112.056426, 40.361348]}, "properties": {"chart_id": 37, "chart_title": "So. Oquirrh Mts & South Mtn", "index_label": "South Oquirrh", "source_filename": "037_SouthOquirrh.jpg", "chart_type": "stratigraphic_column", "state": "UT", "image_url": "https://firebasestorage.googleapis.com/v0/b/ut-dnr-ugs-geolmapportal-prod.firebasestorage.app/o/strat-charts%2F037_SouthOquirrh.jpg?alt=media", "thumbnail_url": "https://firebasestorage.googleapis.com/v0/b/ut-dnr-ugs-geolmapportal-prod.firebasestorage.app/o/strat-charts%2Fthumbs%2F037_SouthOquirrh.jpg?alt=media", "position_uncertainty_m": 18000, "source_title": "Geologic History of Utah: A Field Guide to Utah's Rocks", "source_authors": "Hintze, L.F., and Kowallis, B.J.", "source_year": "2021", "source_publisher": "Department of Geological Sciences, Brigham Young University, Provo, Utah", "source_url": "https://utahmapstore.com/products/geologic-history-of-utah-a-field-guide-to-utahs-rocks", "source_series": "", "preview_url": "https://firebasestorage.googleapis.com/v0/b/ut-dnr-ugs-geolmapportal-prod.firebasestorage.app/o/strat-charts%2Fpreviews%2F037_SouthOquirrh.jpg?alt=media"}}, {"type": "Feature", "geometry": {"type": "Point", "coordinates": [-111.975308, 40.155421]}, "properties": {"chart_id": 38, "chart_title": "Lake Mountains \u2013 West Mountain", "index_label": "Lake Mountains", "source_filename": "038_LakeMountains.jpg", "chart_type": "stratigraphic_column", "state": "UT", "image_url": "https://firebasestorage.googleapis.com/v0/b/ut-dnr-ugs-geolmapportal-prod.firebasestorage.app/o/strat-charts%2F038_LakeMountains.jpg?alt=media", "thumbnail_url": "https://firebasestorage.googleapis.com/v0/b/ut-dnr-ugs-geolmapportal-prod.firebasestorage.app/o/strat-charts%2Fthumbs%2F038_LakeMountains.jpg?alt=media", "position_uncertainty_m": 18000, "source_title": "Geologic History of Utah: A Field Guide to Utah's Rocks", "source_authors": "Hintze, L.F., and Kowallis, B.J.", "source_year": "2021", "source_publisher": "Department of Geological Sciences, Brigham Young University, Provo, Utah", "source_url": "https://utahmapstore.com/products/geologic-history-of-utah-a-field-guide-to-utahs-rocks", "source_series": "", "preview_url": "https://firebasestorage.googleapis.com/v0/b/ut-dnr-ugs-geolmapportal-prod.firebasestorage.app/o/strat-charts%2Fpreviews%2F038_LakeMountains.jpg?alt=media"}}, {"type": "Feature", "geometry": {"type": "Point", "coordinates": [-112.137155, 39.958129]}, "properties": {"chart_id": 39, "chart_title": "East Tintic Mountains", "index_label": "East Tintic Mountains", "source_filename": "039_EastTinticMountains.jpg", "chart_type": "stratigraphic_column", "state": "UT", "image_url": "https://firebasestorage.googleapis.com/v0/b/ut-dnr-ugs-geolmapportal-prod.firebasestorage.app/o/strat-charts%2F039_EastTinticMountains.jpg?alt=media", "thumbnail_url": "https://firebasestorage.googleapis.com/v0/b/ut-dnr-ugs-geolmapportal-prod.firebasestorage.app/o/strat-charts%2Fthumbs%2F039_EastTinticMountains.jpg?alt=media", "position_uncertainty_m": 18000, "source_title": "Geologic History of Utah: A Field Guide to Utah's Rocks", "source_authors": "Hintze, L.F., and Kowallis, B.J.", "source_year": "2021", "source_publisher": "Department of Geological Sciences, Brigham Young University, Provo, Utah", "source_url": "https://utahmapstore.com/products/geologic-history-of-utah-a-field-guide-to-utahs-rocks", "source_series": "", "preview_url": "https://firebasestorage.googleapis.com/v0/b/ut-dnr-ugs-geolmapportal-prod.firebasestorage.app/o/strat-charts%2Fpreviews%2F039_EastTinticMountains.jpg?alt=media"}}, {"type": "Feature", "geometry": {"type": "Point", "coordinates": [-111.85072, 39.959925]}, "properties": {"chart_id": 40, "chart_title": "Goshen \u2013 Northern Long Ridge", "index_label": "Goshen", "source_filename": "040_Goshen.jpg", "chart_type": "stratigraphic_column", "state": "UT", "image_url": "https://firebasestorage.googleapis.com/v0/b/ut-dnr-ugs-geolmapportal-prod.firebasestorage.app/o/strat-charts%2F040_Goshen.jpg?alt=media", "thumbnail_url": "https://firebasestorage.googleapis.com/v0/b/ut-dnr-ugs-geolmapportal-prod.firebasestorage.app/o/strat-charts%2Fthumbs%2F040_Goshen.jpg?alt=media", "position_uncertainty_m": 18000, "source_title": "Geologic History of Utah: A Field Guide to Utah's Rocks", "source_authors": "Hintze, L.F., and Kowallis, B.J.", "source_year": "2021", "source_publisher": "Department of Geological Sciences, Brigham Young University, Provo, Utah", "source_url": "https://utahmapstore.com/products/geologic-history-of-utah-a-field-guide-to-utahs-rocks", "source_series": "", "preview_url": "https://firebasestorage.googleapis.com/v0/b/ut-dnr-ugs-geolmapportal-prod.firebasestorage.app/o/strat-charts%2Fpreviews%2F040_Goshen.jpg?alt=media"}}, {"type": "Feature", "geometry": {"type": "Point", "coordinates": [-113.831536, 40.218005]}, "properties": {"chart_id": 41, "chart_title": "Gold Hill \u2013 N. Deep Creek Mtns", "index_label": "Gold Hill", "source_filename": "041_GoldHill.jpg", "chart_type": "stratigraphic_column", "state": "UT", "image_url": "https://firebasestorage.googleapis.com/v0/b/ut-dnr-ugs-geolmapportal-prod.firebasestorage.app/o/strat-charts%2F041_GoldHill.jpg?alt=media", "thumbnail_url": "https://firebasestorage.googleapis.com/v0/b/ut-dnr-ugs-geolmapportal-prod.firebasestorage.app/o/strat-charts%2Fthumbs%2F041_GoldHill.jpg?alt=media", "position_uncertainty_m": 18000, "source_title": "Geologic History of Utah: A Field Guide to Utah's Rocks", "source_authors": "Hintze, L.F., and Kowallis, B.J.", "source_year": "2021", "source_publisher": "Department of Geological Sciences, Brigham Young University, Provo, Utah", "source_url": "https://utahmapstore.com/products/geologic-history-of-utah-a-field-guide-to-utahs-rocks", "source_series": "", "preview_url": "https://firebasestorage.googleapis.com/v0/b/ut-dnr-ugs-geolmapportal-prod.firebasestorage.app/o/strat-charts%2Fpreviews%2F041_GoldHill.jpg?alt=media"}}, {"type": "Feature", "geometry": {"type": "Point", "coordinates": [-113.46367, 39.814123]}, "properties": {"chart_id": 42, "chart_title": "Fish Springs Range", "index_label": "Fish Springs", "source_filename": "042_FishSprings.jpg", "chart_type": "stratigraphic_column", "state": "UT", "image_url": "https://firebasestorage.googleapis.com/v0/b/ut-dnr-ugs-geolmapportal-prod.firebasestorage.app/o/strat-charts%2F042_FishSprings.jpg?alt=media", "thumbnail_url": "https://firebasestorage.googleapis.com/v0/b/ut-dnr-ugs-geolmapportal-prod.firebasestorage.app/o/strat-charts%2Fthumbs%2F042_FishSprings.jpg?alt=media", "position_uncertainty_m": 18000, "source_title": "Geologic History of Utah: A Field Guide to Utah's Rocks", "source_authors": "Hintze, L.F., and Kowallis, B.J.", "source_year": "2021", "source_publisher": "Department of Geological Sciences, Brigham Young University, Provo, Utah", "source_url": "https://utahmapstore.com/products/geologic-history-of-utah-a-field-guide-to-utahs-rocks", "source_series": "", "preview_url": "https://firebasestorage.googleapis.com/v0/b/ut-dnr-ugs-geolmapportal-prod.firebasestorage.app/o/strat-charts%2Fpreviews%2F042_FishSprings.jpg?alt=media"}}, {"type": "Feature", "geometry": {"type": "Point", "coordinates": [-113.106892, 40.03236]}, "properties": {"chart_id": 43, "chart_title": "Dugway Range", "index_label": "Dugway", "source_filename": "043_Dugway.jpg", "chart_type": "stratigraphic_column", "state": "UT", "image_url": "https://firebasestorage.googleapis.com/v0/b/ut-dnr-ugs-geolmapportal-prod.firebasestorage.app/o/strat-charts%2F043_Dugway.jpg?alt=media", "thumbnail_url": "https://firebasestorage.googleapis.com/v0/b/ut-dnr-ugs-geolmapportal-prod.firebasestorage.app/o/strat-charts%2Fthumbs%2F043_Dugway.jpg?alt=media", "position_uncertainty_m": 18000, "source_title": "Geologic History of Utah: A Field Guide to Utah's Rocks", "source_authors": "Hintze, L.F., and Kowallis, B.J.", "source_year": "2021", "source_publisher": "Department of Geological Sciences, Brigham Young University, Provo, Utah", "source_url": "https://utahmapstore.com/products/geologic-history-of-utah-a-field-guide-to-utahs-rocks", "source_series": "", "preview_url": "https://firebasestorage.googleapis.com/v0/b/ut-dnr-ugs-geolmapportal-prod.firebasestorage.app/o/strat-charts%2Fpreviews%2F043_Dugway.jpg?alt=media"}}, {"type": "Feature", "geometry": {"type": "Point", "coordinates": [-112.624882, 40.408559]}, "properties": {"chart_id": 44, "chart_title": "Stansbury Mountains", "index_label": "Stansbury", "source_filename": "044_Stansbury.jpg", "chart_type": "stratigraphic_column", "state": "UT", "image_url": "https://firebasestorage.googleapis.com/v0/b/ut-dnr-ugs-geolmapportal-prod.firebasestorage.app/o/strat-charts%2F044_Stansbury.jpg?alt=media", "thumbnail_url": "https://firebasestorage.googleapis.com/v0/b/ut-dnr-ugs-geolmapportal-prod.firebasestorage.app/o/strat-charts%2Fthumbs%2F044_Stansbury.jpg?alt=media", "position_uncertainty_m": 18000, "source_title": "Geologic History of Utah: A Field Guide to Utah's Rocks", "source_authors": "Hintze, L.F., and Kowallis, B.J.", "source_year": "2021", "source_publisher": "Department of Geological Sciences, Brigham Young University, Provo, Utah", "source_url": "https://utahmapstore.com/products/geologic-history-of-utah-a-field-guide-to-utahs-rocks", "source_series": "", "preview_url": "https://firebasestorage.googleapis.com/v0/b/ut-dnr-ugs-geolmapportal-prod.firebasestorage.app/o/strat-charts%2Fpreviews%2F044_Stansbury.jpg?alt=media"}}, {"type": "Feature", "geometry": {"type": "Point", "coordinates": [-113.873761, 39.740481]}, "properties": {"chart_id": 45, "chart_title": "So. Deep Creek \u2013 Kern Mts", "index_label": "Deep Creek", "source_filename": "045_DeepCreek.jpg", "chart_type": "stratigraphic_column", "state": "UT", "image_url": "https://firebasestorage.googleapis.com/v0/b/ut-dnr-ugs-geolmapportal-prod.firebasestorage.app/o/strat-charts%2F045_DeepCreek.jpg?alt=media", "thumbnail_url": "https://firebasestorage.googleapis.com/v0/b/ut-dnr-ugs-geolmapportal-prod.firebasestorage.app/o/strat-charts%2Fthumbs%2F045_DeepCreek.jpg?alt=media", "position_uncertainty_m": 18000, "source_title": "Geologic History of Utah: A Field Guide to Utah's Rocks", "source_authors": "Hintze, L.F., and Kowallis, B.J.", "source_year": "2021", "source_publisher": "Department of Geological Sciences, Brigham Young University, Provo, Utah", "source_url": "https://utahmapstore.com/products/geologic-history-of-utah-a-field-guide-to-utahs-rocks", "source_series": "", "preview_url": "https://firebasestorage.googleapis.com/v0/b/ut-dnr-ugs-geolmapportal-prod.firebasestorage.app/o/strat-charts%2Fpreviews%2F045_DeepCreek.jpg?alt=media"}}, {"type": "Feature", "geometry": {"type": "Point", "coordinates": [-114.093596, 39.253041]}, "properties": {"chart_id": 46, "chart_title": "Northern Snake Range, Nevada", "index_label": "Snake Range", "source_filename": "046_SnakeRange.jpg", "chart_type": "stratigraphic_column", "state": "NV", "image_url": "https://firebasestorage.googleapis.com/v0/b/ut-dnr-ugs-geolmapportal-prod.firebasestorage.app/o/strat-charts%2F046_SnakeRange.jpg?alt=media", "thumbnail_url": "https://firebasestorage.googleapis.com/v0/b/ut-dnr-ugs-geolmapportal-prod.firebasestorage.app/o/strat-charts%2Fthumbs%2F046_SnakeRange.jpg?alt=media", "position_uncertainty_m": 18000, "source_title": "Geologic History of Utah: A Field Guide to Utah's Rocks", "source_authors": "Hintze, L.F., and Kowallis, B.J.", "source_year": "2021", "source_publisher": "Department of Geological Sciences, Brigham Young University, Provo, Utah", "source_url": "https://utahmapstore.com/products/geologic-history-of-utah-a-field-guide-to-utahs-rocks", "source_series": "", "preview_url": "https://firebasestorage.googleapis.com/v0/b/ut-dnr-ugs-geolmapportal-prod.firebasestorage.app/o/strat-charts%2Fpreviews%2F046_SnakeRange.jpg?alt=media"}}, {"type": "Feature", "geometry": {"type": "Point", "coordinates": [-113.892796, 38.874228]}, "properties": {"chart_id": 47, "chart_title": "Burbank Hills", "index_label": "Burbank Hills", "source_filename": "047_BurbankHills.jpg", "chart_type": "stratigraphic_column", "state": "UT", "image_url": "https://firebasestorage.googleapis.com/v0/b/ut-dnr-ugs-geolmapportal-prod.firebasestorage.app/o/strat-charts%2F047_BurbankHills.jpg?alt=media", "thumbnail_url": "https://firebasestorage.googleapis.com/v0/b/ut-dnr-ugs-geolmapportal-prod.firebasestorage.app/o/strat-charts%2Fthumbs%2F047_BurbankHills.jpg?alt=media", "position_uncertainty_m": 18000, "source_title": "Geologic History of Utah: A Field Guide to Utah's Rocks", "source_authors": "Hintze, L.F., and Kowallis, B.J.", "source_year": "2021", "source_publisher": "Department of Geological Sciences, Brigham Young University, Provo, Utah", "source_url": "https://utahmapstore.com/products/geologic-history-of-utah-a-field-guide-to-utahs-rocks", "source_series": "", "preview_url": "https://firebasestorage.googleapis.com/v0/b/ut-dnr-ugs-geolmapportal-prod.firebasestorage.app/o/strat-charts%2Fpreviews%2F047_BurbankHills.jpg?alt=media"}}, {"type": "Feature", "geometry": {"type": "Point", "coordinates": [-113.732276, 39.330678]}, "properties": {"chart_id": 48, "chart_title": "Confusion Range No. of Hwy 50-6", "index_label": "Confusion Range", "source_filename": "048_ConfusionRange.jpg", "chart_type": "stratigraphic_column", "state": "UT", "image_url": "https://firebasestorage.googleapis.com/v0/b/ut-dnr-ugs-geolmapportal-prod.firebasestorage.app/o/strat-charts%2F048_ConfusionRange.jpg?alt=media", "thumbnail_url": "https://firebasestorage.googleapis.com/v0/b/ut-dnr-ugs-geolmapportal-prod.firebasestorage.app/o/strat-charts%2Fthumbs%2F048_ConfusionRange.jpg?alt=media", "position_uncertainty_m": 18000, "source_title": "Geologic History of Utah: A Field Guide to Utah's Rocks", "source_authors": "Hintze, L.F., and Kowallis, B.J.", "source_year": "2021", "source_publisher": "Department of Geological Sciences, Brigham Young University, Provo, Utah", "source_url": "https://utahmapstore.com/products/geologic-history-of-utah-a-field-guide-to-utahs-rocks", "source_series": "", "preview_url": "https://firebasestorage.googleapis.com/v0/b/ut-dnr-ugs-geolmapportal-prod.firebasestorage.app/o/strat-charts%2Fpreviews%2F048_ConfusionRange.jpg?alt=media"}}, {"type": "Feature", "geometry": {"type": "Point", "coordinates": [-113.511043, 38.885641]}, "properties": {"chart_id": 49, "chart_title": "Ibex \u2013 Crystal Peak Area", "index_label": "Ibex-Crystal Peak", "source_filename": "049_Ibex-CrystalPeak.jpg", "chart_type": "stratigraphic_column", "state": "UT", "image_url": "https://firebasestorage.googleapis.com/v0/b/ut-dnr-ugs-geolmapportal-prod.firebasestorage.app/o/strat-charts%2F049_Ibex-CrystalPeak.jpg?alt=media", "thumbnail_url": "https://firebasestorage.googleapis.com/v0/b/ut-dnr-ugs-geolmapportal-prod.firebasestorage.app/o/strat-charts%2Fthumbs%2F049_Ibex-CrystalPeak.jpg?alt=media", "position_uncertainty_m": 18000, "source_title": "Geologic History of Utah: A Field Guide to Utah's Rocks", "source_authors": "Hintze, L.F., and Kowallis, B.J.", "source_year": "2021", "source_publisher": "Department of Geological Sciences, Brigham Young University, Provo, Utah", "source_url": "https://utahmapstore.com/products/geologic-history-of-utah-a-field-guide-to-utahs-rocks", "source_series": "", "preview_url": "https://firebasestorage.googleapis.com/v0/b/ut-dnr-ugs-geolmapportal-prod.firebasestorage.app/o/strat-charts%2Fpreviews%2F049_Ibex-CrystalPeak.jpg?alt=media"}}, {"type": "Feature", "geometry": {"type": "Point", "coordinates": [-113.331596, 39.410333]}, "properties": {"chart_id": 50, "chart_title": "House Range North of Highway 50-6", "index_label": "House Range North", "source_filename": "050_HouseRangeNorth.jpg", "chart_type": "stratigraphic_column", "state": "UT", "image_url": "https://firebasestorage.googleapis.com/v0/b/ut-dnr-ugs-geolmapportal-prod.firebasestorage.app/o/strat-charts%2F050_HouseRangeNorth.jpg?alt=media", "thumbnail_url": "https://firebasestorage.googleapis.com/v0/b/ut-dnr-ugs-geolmapportal-prod.firebasestorage.app/o/strat-charts%2Fthumbs%2F050_HouseRangeNorth.jpg?alt=media", "position_uncertainty_m": 18000, "source_title": "Geologic History of Utah: A Field Guide to Utah's Rocks", "source_authors": "Hintze, L.F., and Kowallis, B.J.", "source_year": "2021", "source_publisher": "Department of Geological Sciences, Brigham Young University, Provo, Utah", "source_url": "https://utahmapstore.com/products/geologic-history-of-utah-a-field-guide-to-utahs-rocks", "source_series": "", "preview_url": "https://firebasestorage.googleapis.com/v0/b/ut-dnr-ugs-geolmapportal-prod.firebasestorage.app/o/strat-charts%2Fpreviews%2F050_HouseRangeNorth.jpg?alt=media"}}, {"type": "Feature", "geometry": {"type": "Point", "coordinates": [-113.035069, 39.495512]}, "properties": {"chart_id": 51, "chart_title": "Drum \u2013 Little Drum Mts & Smelter Knolls", "index_label": "Drum-Little Drum Mtns", "source_filename": "051_Drum-LittleDrumMtns.jpg", "chart_type": "stratigraphic_column", "state": "UT", "image_url": "https://firebasestorage.googleapis.com/v0/b/ut-dnr-ugs-geolmapportal-prod.firebasestorage.app/o/strat-charts%2F051_Drum-LittleDrumMtns.jpg?alt=media", "thumbnail_url": "https://firebasestorage.googleapis.com/v0/b/ut-dnr-ugs-geolmapportal-prod.firebasestorage.app/o/strat-charts%2Fthumbs%2F051_Drum-LittleDrumMtns.jpg?alt=media", "position_uncertainty_m": 18000, "source_title": "Geologic History of Utah: A Field Guide to Utah's Rocks", "source_authors": "Hintze, L.F., and Kowallis, B.J.", "source_year": "2021", "source_publisher": "Department of Geological Sciences, Brigham Young University, Provo, Utah", "source_url": "https://utahmapstore.com/products/geologic-history-of-utah-a-field-guide-to-utahs-rocks", "source_series": "", "preview_url": "https://firebasestorage.googleapis.com/v0/b/ut-dnr-ugs-geolmapportal-prod.firebasestorage.app/o/strat-charts%2Fpreviews%2F051_Drum-LittleDrumMtns.jpg?alt=media"}}, {"type": "Feature", "geometry": {"type": "Point", "coordinates": [-112.986196, 38.913459]}, "properties": {"chart_id": 52, "chart_title": "Cricket Mts & Black Rock Desert", "index_label": "Cricket Mtns", "source_filename": "052_CricketMtns.jpg", "chart_type": "stratigraphic_column", "state": "UT", "image_url": "https://firebasestorage.googleapis.com/v0/b/ut-dnr-ugs-geolmapportal-prod.firebasestorage.app/o/strat-charts%2F052_CricketMtns.jpg?alt=media", "thumbnail_url": "https://firebasestorage.googleapis.com/v0/b/ut-dnr-ugs-geolmapportal-prod.firebasestorage.app/o/strat-charts%2Fthumbs%2F052_CricketMtns.jpg?alt=media", "position_uncertainty_m": 18000, "source_title": "Geologic History of Utah: A Field Guide to Utah's Rocks", "source_authors": "Hintze, L.F., and Kowallis, B.J.", "source_year": "2021", "source_publisher": "Department of Geological Sciences, Brigham Young University, Provo, Utah", "source_url": "https://utahmapstore.com/products/geologic-history-of-utah-a-field-guide-to-utahs-rocks", "source_series": "", "preview_url": "https://firebasestorage.googleapis.com/v0/b/ut-dnr-ugs-geolmapportal-prod.firebasestorage.app/o/strat-charts%2Fpreviews%2F052_CricketMtns.jpg?alt=media"}}, {"type": "Feature", "geometry": {"type": "Point", "coordinates": [-113.08202, 39.735284]}, "properties": {"chart_id": 53, "chart_title": "Thomas Range \u2013 Keg Mountains", "index_label": "Thomas Range", "source_filename": "053_ThomasRange.jpg", "chart_type": "stratigraphic_column", "state": "UT", "image_url": "https://firebasestorage.googleapis.com/v0/b/ut-dnr-ugs-geolmapportal-prod.firebasestorage.app/o/strat-charts%2F053_ThomasRange.jpg?alt=media", "thumbnail_url": "https://firebasestorage.googleapis.com/v0/b/ut-dnr-ugs-geolmapportal-prod.firebasestorage.app/o/strat-charts%2Fthumbs%2F053_ThomasRange.jpg?alt=media", "position_uncertainty_m": 18000, "source_title": "Geologic History of Utah: A Field Guide to Utah's Rocks", "source_authors": "Hintze, L.F., and Kowallis, B.J.", "source_year": "2021", "source_publisher": "Department of Geological Sciences, Brigham Young University, Provo, Utah", "source_url": "https://utahmapstore.com/products/geologic-history-of-utah-a-field-guide-to-utahs-rocks", "source_series": "", "preview_url": "https://firebasestorage.googleapis.com/v0/b/ut-dnr-ugs-geolmapportal-prod.firebasestorage.app/o/strat-charts%2Fpreviews%2F053_ThomasRange.jpg?alt=media"}}, {"type": "Feature", "geometry": {"type": "Point", "coordinates": [-112.48128, 40.002753]}, "properties": {"chart_id": 54, "chart_title": "Simpson \u2013 Sheeprock \u2013 West Tintic Mts", "index_label": "Simpson", "source_filename": "054_Simpson.jpg", "chart_type": "stratigraphic_column", "state": "UT", "image_url": "https://firebasestorage.googleapis.com/v0/b/ut-dnr-ugs-geolmapportal-prod.firebasestorage.app/o/strat-charts%2F054_Simpson.jpg?alt=media", "thumbnail_url": "https://firebasestorage.googleapis.com/v0/b/ut-dnr-ugs-geolmapportal-prod.firebasestorage.app/o/strat-charts%2Fthumbs%2F054_Simpson.jpg?alt=media", "position_uncertainty_m": 18000, "source_title": "Geologic History of Utah: A Field Guide to Utah's Rocks", "source_authors": "Hintze, L.F., and Kowallis, B.J.", "source_year": "2021", "source_publisher": "Department of Geological Sciences, Brigham Young University, Provo, Utah", "source_url": "https://utahmapstore.com/products/geologic-history-of-utah-a-field-guide-to-utahs-rocks", "source_series": "", "preview_url": "https://firebasestorage.googleapis.com/v0/b/ut-dnr-ugs-geolmapportal-prod.firebasestorage.app/o/strat-charts%2Fpreviews%2F054_Simpson.jpg?alt=media"}}, {"type": "Feature", "geometry": {"type": "Point", "coordinates": [-112.065649, 39.735098]}, "properties": {"chart_id": 55, "chart_title": "Gilson \u2013 S. East Tintic Mts", "index_label": "Gilson", "source_filename": "055_Gilson.jpg", "chart_type": "stratigraphic_column", "state": "UT", "image_url": "https://firebasestorage.googleapis.com/v0/b/ut-dnr-ugs-geolmapportal-prod.firebasestorage.app/o/strat-charts%2F055_Gilson.jpg?alt=media", "thumbnail_url": "https://firebasestorage.googleapis.com/v0/b/ut-dnr-ugs-geolmapportal-prod.firebasestorage.app/o/strat-charts%2Fthumbs%2F055_Gilson.jpg?alt=media", "position_uncertainty_m": 18000, "source_title": "Geologic History of Utah: A Field Guide to Utah's Rocks", "source_authors": "Hintze, L.F., and Kowallis, B.J.", "source_year": "2021", "source_publisher": "Department of Geological Sciences, Brigham Young University, Provo, Utah", "source_url": "https://utahmapstore.com/products/geologic-history-of-utah-a-field-guide-to-utahs-rocks", "source_series": "", "preview_url": "https://firebasestorage.googleapis.com/v0/b/ut-dnr-ugs-geolmapportal-prod.firebasestorage.app/o/strat-charts%2Fpreviews%2F055_Gilson.jpg?alt=media"}}, {"type": "Feature", "geometry": {"type": "Point", "coordinates": [-112.017518, 39.52069]}, "properties": {"chart_id": 56, "chart_title": "Mills & Sage Valleys & West Hills", "index_label": "Mills Sage Valley", "source_filename": "056_MillsSageValley.jpg", "chart_type": "stratigraphic_column", "state": "UT", "image_url": "https://firebasestorage.googleapis.com/v0/b/ut-dnr-ugs-geolmapportal-prod.firebasestorage.app/o/strat-charts%2F056_MillsSageValley.jpg?alt=media", "thumbnail_url": "https://firebasestorage.googleapis.com/v0/b/ut-dnr-ugs-geolmapportal-prod.firebasestorage.app/o/strat-charts%2Fthumbs%2F056_MillsSageValley.jpg?alt=media", "position_uncertainty_m": 18000, "source_title": "Geologic History of Utah: A Field Guide to Utah's Rocks", "source_authors": "Hintze, L.F., and Kowallis, B.J.", "source_year": "2021", "source_publisher": "Department of Geological Sciences, Brigham Young University, Provo, Utah", "source_url": "https://utahmapstore.com/products/geologic-history-of-utah-a-field-guide-to-utahs-rocks", "source_series": "", "preview_url": "https://firebasestorage.googleapis.com/v0/b/ut-dnr-ugs-geolmapportal-prod.firebasestorage.app/o/strat-charts%2Fpreviews%2F056_MillsSageValley.jpg?alt=media"}}, {"type": "Feature", "geometry": {"type": "Point", "coordinates": [-112.208194, 39.338486]}, "properties": {"chart_id": 57, "chart_title": "Canyon Rng Thrust Plate & Post-Thrust Rocks", "index_label": "Canyon Range Thrust", "source_filename": "057_CanyonRangeThrust.jpg", "chart_type": "stratigraphic_column", "state": "UT", "image_url": "https://firebasestorage.googleapis.com/v0/b/ut-dnr-ugs-geolmapportal-prod.firebasestorage.app/o/strat-charts%2F057_CanyonRangeThrust.jpg?alt=media", "thumbnail_url": "https://firebasestorage.googleapis.com/v0/b/ut-dnr-ugs-geolmapportal-prod.firebasestorage.app/o/strat-charts%2Fthumbs%2F057_CanyonRangeThrust.jpg?alt=media", "position_uncertainty_m": 18000, "source_title": "Geologic History of Utah: A Field Guide to Utah's Rocks", "source_authors": "Hintze, L.F., and Kowallis, B.J.", "source_year": "2021", "source_publisher": "Department of Geological Sciences, Brigham Young University, Provo, Utah", "source_url": "https://utahmapstore.com/products/geologic-history-of-utah-a-field-guide-to-utahs-rocks", "source_series": "", "preview_url": "https://firebasestorage.googleapis.com/v0/b/ut-dnr-ugs-geolmapportal-prod.firebasestorage.app/o/strat-charts%2Fpreviews%2F057_CanyonRangeThrust.jpg?alt=media"}}, {"type": "Feature", "geometry": {"type": "Point", "coordinates": [-112.093417, 39.140865]}, "properties": {"chart_id": 58, "chart_title": "Pahvant Thrust Plate East of Fillmore", "index_label": "Pahvant Thrust", "source_filename": "058_PahvantThrust.jpg", "chart_type": "stratigraphic_column", "state": "UT", "image_url": "https://firebasestorage.googleapis.com/v0/b/ut-dnr-ugs-geolmapportal-prod.firebasestorage.app/o/strat-charts%2F058_PahvantThrust.jpg?alt=media", "thumbnail_url": "https://firebasestorage.googleapis.com/v0/b/ut-dnr-ugs-geolmapportal-prod.firebasestorage.app/o/strat-charts%2Fthumbs%2F058_PahvantThrust.jpg?alt=media", "position_uncertainty_m": 18000, "source_title": "Geologic History of Utah: A Field Guide to Utah's Rocks", "source_authors": "Hintze, L.F., and Kowallis, B.J.", "source_year": "2021", "source_publisher": "Department of Geological Sciences, Brigham Young University, Provo, Utah", "source_url": "https://utahmapstore.com/products/geologic-history-of-utah-a-field-guide-to-utahs-rocks", "source_series": "", "preview_url": "https://firebasestorage.googleapis.com/v0/b/ut-dnr-ugs-geolmapportal-prod.firebasestorage.app/o/strat-charts%2Fpreviews%2F058_PahvantThrust.jpg?alt=media"}}, {"type": "Feature", "geometry": {"type": "Point", "coordinates": [-112.419746, 38.949311]}, "properties": {"chart_id": 59, "chart_title": "Fillmore \u2013 Cove Fort Area", "index_label": "Fillmore", "source_filename": "059_Fillmore.jpg", "chart_type": "stratigraphic_column", "state": "UT", "image_url": "https://firebasestorage.googleapis.com/v0/b/ut-dnr-ugs-geolmapportal-prod.firebasestorage.app/o/strat-charts%2F059_Fillmore.jpg?alt=media", "thumbnail_url": "https://firebasestorage.googleapis.com/v0/b/ut-dnr-ugs-geolmapportal-prod.firebasestorage.app/o/strat-charts%2Fthumbs%2F059_Fillmore.jpg?alt=media", "position_uncertainty_m": 18000, "source_title": "Geologic History of Utah: A Field Guide to Utah's Rocks", "source_authors": "Hintze, L.F., and Kowallis, B.J.", "source_year": "2021", "source_publisher": "Department of Geological Sciences, Brigham Young University, Provo, Utah", "source_url": "https://utahmapstore.com/products/geologic-history-of-utah-a-field-guide-to-utahs-rocks", "source_series": "", "preview_url": "https://firebasestorage.googleapis.com/v0/b/ut-dnr-ugs-geolmapportal-prod.firebasestorage.app/o/strat-charts%2Fpreviews%2F059_Fillmore.jpg?alt=media"}}, {"type": "Feature", "geometry": {"type": "Point", "coordinates": [-112.078727, 38.845895]}, "properties": {"chart_id": 60, "chart_title": "Richfield \u2013 Monroe Area", "index_label": "Richfield", "source_filename": "060_Richfield.jpg", "chart_type": "stratigraphic_column", "state": "UT", "image_url": "https://firebasestorage.googleapis.com/v0/b/ut-dnr-ugs-geolmapportal-prod.firebasestorage.app/o/strat-charts%2F060_Richfield.jpg?alt=media", "thumbnail_url": "https://firebasestorage.googleapis.com/v0/b/ut-dnr-ugs-geolmapportal-prod.firebasestorage.app/o/strat-charts%2Fthumbs%2F060_Richfield.jpg?alt=media", "position_uncertainty_m": 18000, "source_title": "Geologic History of Utah: A Field Guide to Utah's Rocks", "source_authors": "Hintze, L.F., and Kowallis, B.J.", "source_year": "2021", "source_publisher": "Department of Geological Sciences, Brigham Young University, Provo, Utah", "source_url": "https://utahmapstore.com/products/geologic-history-of-utah-a-field-guide-to-utahs-rocks", "source_series": "", "preview_url": "https://firebasestorage.googleapis.com/v0/b/ut-dnr-ugs-geolmapportal-prod.firebasestorage.app/o/strat-charts%2Fpreviews%2F060_Richfield.jpg?alt=media"}}, {"type": "Feature", "geometry": {"type": "Point", "coordinates": [-111.696604, 39.785191]}, "properties": {"chart_id": 61, "chart_title": "Mt. Nebo \u2013 Santaquin Area", "index_label": "Mt Nebo", "source_filename": "061_MtNebo.jpg", "chart_type": "stratigraphic_column", "state": "UT", "image_url": "https://firebasestorage.googleapis.com/v0/b/ut-dnr-ugs-geolmapportal-prod.firebasestorage.app/o/strat-charts%2F061_MtNebo.jpg?alt=media", "thumbnail_url": "https://firebasestorage.googleapis.com/v0/b/ut-dnr-ugs-geolmapportal-prod.firebasestorage.app/o/strat-charts%2Fthumbs%2F061_MtNebo.jpg?alt=media", "position_uncertainty_m": 18000, "source_title": "Geologic History of Utah: A Field Guide to Utah's Rocks", "source_authors": "Hintze, L.F., and Kowallis, B.J.", "source_year": "2021", "source_publisher": "Department of Geological Sciences, Brigham Young University, Provo, Utah", "source_url": "https://utahmapstore.com/products/geologic-history-of-utah-a-field-guide-to-utahs-rocks", "source_series": "", "preview_url": "https://firebasestorage.googleapis.com/v0/b/ut-dnr-ugs-geolmapportal-prod.firebasestorage.app/o/strat-charts%2Fpreviews%2F061_MtNebo.jpg?alt=media"}}, {"type": "Feature", "geometry": {"type": "Point", "coordinates": [-111.499673, 40.007948]}, "properties": {"chart_id": 62, "chart_title": "Spanish Fork Canyon \u2013 Thistle", "index_label": "Spanish Fork Canyon", "source_filename": "062_SpanishForkCanyon.jpg", "chart_type": "stratigraphic_column", "state": "UT", "image_url": "https://firebasestorage.googleapis.com/v0/b/ut-dnr-ugs-geolmapportal-prod.firebasestorage.app/o/strat-charts%2F062_SpanishForkCanyon.jpg?alt=media", "thumbnail_url": "https://firebasestorage.googleapis.com/v0/b/ut-dnr-ugs-geolmapportal-prod.firebasestorage.app/o/strat-charts%2Fthumbs%2F062_SpanishForkCanyon.jpg?alt=media", "position_uncertainty_m": 18000, "source_title": "Geologic History of Utah: A Field Guide to Utah's Rocks", "source_authors": "Hintze, L.F., and Kowallis, B.J.", "source_year": "2021", "source_publisher": "Department of Geological Sciences, Brigham Young University, Provo, Utah", "source_url": "https://utahmapstore.com/products/geologic-history-of-utah-a-field-guide-to-utahs-rocks", "source_series": "", "preview_url": "https://firebasestorage.googleapis.com/v0/b/ut-dnr-ugs-geolmapportal-prod.firebasestorage.app/o/strat-charts%2Fpreviews%2F062_SpanishForkCanyon.jpg?alt=media"}}, {"type": "Feature", "geometry": {"type": "Point", "coordinates": [-111.56214, 39.553656]}, "properties": {"chart_id": 63, "chart_title": "Moroni \u2013 Cedar Hills", "index_label": "Moroni", "source_filename": "063_Moroni.jpg", "chart_type": "stratigraphic_column", "state": "UT", "image_url": "https://firebasestorage.googleapis.com/v0/b/ut-dnr-ugs-geolmapportal-prod.firebasestorage.app/o/strat-charts%2F063_Moroni.jpg?alt=media", "thumbnail_url": "https://firebasestorage.googleapis.com/v0/b/ut-dnr-ugs-geolmapportal-prod.firebasestorage.app/o/strat-charts%2Fthumbs%2F063_Moroni.jpg?alt=media", "position_uncertainty_m": 18000, "source_title": "Geologic History of Utah: A Field Guide to Utah's Rocks", "source_authors": "Hintze, L.F., and Kowallis, B.J.", "source_year": "2021", "source_publisher": "Department of Geological Sciences, Brigham Young University, Provo, Utah", "source_url": "https://utahmapstore.com/products/geologic-history-of-utah-a-field-guide-to-utahs-rocks", "source_series": "", "preview_url": "https://firebasestorage.googleapis.com/v0/b/ut-dnr-ugs-geolmapportal-prod.firebasestorage.app/o/strat-charts%2Fpreviews%2F063_Moroni.jpg?alt=media"}}, {"type": "Feature", "geometry": {"type": "Point", "coordinates": [-111.27233, 39.693963]}, "properties": {"chart_id": 64, "chart_title": "Fairview \u2013 Scofield Area", "index_label": "Fairview", "source_filename": "064_Fairview.jpg", "chart_type": "stratigraphic_column", "state": "UT", "image_url": "https://firebasestorage.googleapis.com/v0/b/ut-dnr-ugs-geolmapportal-prod.firebasestorage.app/o/strat-charts%2F064_Fairview.jpg?alt=media", "thumbnail_url": "https://firebasestorage.googleapis.com/v0/b/ut-dnr-ugs-geolmapportal-prod.firebasestorage.app/o/strat-charts%2Fthumbs%2F064_Fairview.jpg?alt=media", "position_uncertainty_m": 18000, "source_title": "Geologic History of Utah: A Field Guide to Utah's Rocks", "source_authors": "Hintze, L.F., and Kowallis, B.J.", "source_year": "2021", "source_publisher": "Department of Geological Sciences, Brigham Young University, Provo, Utah", "source_url": "https://utahmapstore.com/products/geologic-history-of-utah-a-field-guide-to-utahs-rocks", "source_series": "", "preview_url": "https://firebasestorage.googleapis.com/v0/b/ut-dnr-ugs-geolmapportal-prod.firebasestorage.app/o/strat-charts%2Fpreviews%2F064_Fairview.jpg?alt=media"}}, {"type": "Feature", "geometry": {"type": "Point", "coordinates": [-111.77495, 39.450872]}, "properties": {"chart_id": 65, "chart_title": "Sanpitch Mountains", "index_label": "Sanpitch Mountains", "source_filename": "065_SanpitchMountains.jpg", "chart_type": "stratigraphic_column", "state": "UT", "image_url": "https://firebasestorage.googleapis.com/v0/b/ut-dnr-ugs-geolmapportal-prod.firebasestorage.app/o/strat-charts%2F065_SanpitchMountains.jpg?alt=media", "thumbnail_url": "https://firebasestorage.googleapis.com/v0/b/ut-dnr-ugs-geolmapportal-prod.firebasestorage.app/o/strat-charts%2Fthumbs%2F065_SanpitchMountains.jpg?alt=media", "position_uncertainty_m": 18000, "source_title": "Geologic History of Utah: A Field Guide to Utah's Rocks", "source_authors": "Hintze, L.F., and Kowallis, B.J.", "source_year": "2021", "source_publisher": "Department of Geological Sciences, Brigham Young University, Provo, Utah", "source_url": "https://utahmapstore.com/products/geologic-history-of-utah-a-field-guide-to-utahs-rocks", "source_series": "", "preview_url": "https://firebasestorage.googleapis.com/v0/b/ut-dnr-ugs-geolmapportal-prod.firebasestorage.app/o/strat-charts%2Fpreviews%2F065_SanpitchMountains.jpg?alt=media"}}, {"type": "Feature", "geometry": {"type": "Point", "coordinates": [-111.433486, 39.311258]}, "properties": {"chart_id": 66, "chart_title": "Wasatch Plateau", "index_label": "Wasatch Plateau", "source_filename": "066_WasatchPlateau.jpg", "chart_type": "stratigraphic_column", "state": "UT", "image_url": "https://firebasestorage.googleapis.com/v0/b/ut-dnr-ugs-geolmapportal-prod.firebasestorage.app/o/strat-charts%2F066_WasatchPlateau.jpg?alt=media", "thumbnail_url": "https://firebasestorage.googleapis.com/v0/b/ut-dnr-ugs-geolmapportal-prod.firebasestorage.app/o/strat-charts%2Fthumbs%2F066_WasatchPlateau.jpg?alt=media", "position_uncertainty_m": 18000, "source_title": "Geologic History of Utah: A Field Guide to Utah's Rocks", "source_authors": "Hintze, L.F., and Kowallis, B.J.", "source_year": "2021", "source_publisher": "Department of Geological Sciences, Brigham Young University, Provo, Utah", "source_url": "https://utahmapstore.com/products/geologic-history-of-utah-a-field-guide-to-utahs-rocks", "source_series": "", "preview_url": "https://firebasestorage.googleapis.com/v0/b/ut-dnr-ugs-geolmapportal-prod.firebasestorage.app/o/strat-charts%2Fpreviews%2F066_WasatchPlateau.jpg?alt=media"}}, {"type": "Feature", "geometry": {"type": "Point", "coordinates": [-111.83032, 39.059562]}, "properties": {"chart_id": 67, "chart_title": "Redmond \u2013 Valley Mountains", "index_label": "Redmond", "source_filename": "067_Redmond.jpg", "chart_type": "stratigraphic_column", "state": "UT", "image_url": "https://firebasestorage.googleapis.com/v0/b/ut-dnr-ugs-geolmapportal-prod.firebasestorage.app/o/strat-charts%2F067_Redmond.jpg?alt=media", "thumbnail_url": "https://firebasestorage.googleapis.com/v0/b/ut-dnr-ugs-geolmapportal-prod.firebasestorage.app/o/strat-charts%2Fthumbs%2F067_Redmond.jpg?alt=media", "position_uncertainty_m": 18000, "source_title": "Geologic History of Utah: A Field Guide to Utah's Rocks", "source_authors": "Hintze, L.F., and Kowallis, B.J.", "source_year": "2021", "source_publisher": "Department of Geological Sciences, Brigham Young University, Provo, Utah", "source_url": "https://utahmapstore.com/products/geologic-history-of-utah-a-field-guide-to-utahs-rocks", "source_series": "", "preview_url": "https://firebasestorage.googleapis.com/v0/b/ut-dnr-ugs-geolmapportal-prod.firebasestorage.app/o/strat-charts%2Fpreviews%2F067_Redmond.jpg?alt=media"}}, {"type": "Feature", "geometry": {"type": "Point", "coordinates": [-111.799599, 38.910556]}, "properties": {"chart_id": 68, "chart_title": "Salina Canyon Mouth", "index_label": "Salina Canyon Mouth", "source_filename": "068_SalinaCanyonMouth.jpg", "chart_type": "stratigraphic_column", "state": "UT", "image_url": "https://firebasestorage.googleapis.com/v0/b/ut-dnr-ugs-geolmapportal-prod.firebasestorage.app/o/strat-charts%2F068_SalinaCanyonMouth.jpg?alt=media", "thumbnail_url": "https://firebasestorage.googleapis.com/v0/b/ut-dnr-ugs-geolmapportal-prod.firebasestorage.app/o/strat-charts%2Fthumbs%2F068_SalinaCanyonMouth.jpg?alt=media", "position_uncertainty_m": 18000, "source_title": "Geologic History of Utah: A Field Guide to Utah's Rocks", "source_authors": "Hintze, L.F., and Kowallis, B.J.", "source_year": "2021", "source_publisher": "Department of Geological Sciences, Brigham Young University, Provo, Utah", "source_url": "https://utahmapstore.com/products/geologic-history-of-utah-a-field-guide-to-utahs-rocks", "source_series": "", "preview_url": "https://firebasestorage.googleapis.com/v0/b/ut-dnr-ugs-geolmapportal-prod.firebasestorage.app/o/strat-charts%2Fpreviews%2F068_SalinaCanyonMouth.jpg?alt=media"}}, {"type": "Feature", "geometry": {"type": "Point", "coordinates": [-110.140323, 40.437932]}, "properties": {"chart_id": 69, "chart_title": "Uinta Basin", "index_label": "Uinta Basin", "source_filename": "069_UintaBasin.jpg", "chart_type": "stratigraphic_column", "state": "UT", "image_url": "https://firebasestorage.googleapis.com/v0/b/ut-dnr-ugs-geolmapportal-prod.firebasestorage.app/o/strat-charts%2F069_UintaBasin.jpg?alt=media", "thumbnail_url": "https://firebasestorage.googleapis.com/v0/b/ut-dnr-ugs-geolmapportal-prod.firebasestorage.app/o/strat-charts%2Fthumbs%2F069_UintaBasin.jpg?alt=media", "position_uncertainty_m": 18000, "source_title": "Geologic History of Utah: A Field Guide to Utah's Rocks", "source_authors": "Hintze, L.F., and Kowallis, B.J.", "source_year": "2021", "source_publisher": "Department of Geological Sciences, Brigham Young University, Provo, Utah", "source_url": "https://utahmapstore.com/products/geologic-history-of-utah-a-field-guide-to-utahs-rocks", "source_series": "", "preview_url": "https://firebasestorage.googleapis.com/v0/b/ut-dnr-ugs-geolmapportal-prod.firebasestorage.app/o/strat-charts%2Fpreviews%2F069_UintaBasin.jpg?alt=media"}}, {"type": "Feature", "geometry": {"type": "Point", "coordinates": [-109.968331, 40.43347]}, "properties": {"chart_id": 70, "chart_title": "Uinta Basin Maps & Cross Section", "index_label": "Uinta Basin Maps", "source_filename": "070_Uinta Basin Maps.jpg", "chart_type": "map_cross_section", "state": "UT", "image_url": "https://firebasestorage.googleapis.com/v0/b/ut-dnr-ugs-geolmapportal-prod.firebasestorage.app/o/strat-charts%2F070_Uinta%20Basin%20Maps.jpg?alt=media", "thumbnail_url": "https://firebasestorage.googleapis.com/v0/b/ut-dnr-ugs-geolmapportal-prod.firebasestorage.app/o/strat-charts%2Fthumbs%2F070_Uinta%20Basin%20Maps.jpg?alt=media", "position_uncertainty_m": 18000, "source_title": "Geologic History of Utah: A Field Guide to Utah's Rocks", "source_authors": "Hintze, L.F., and Kowallis, B.J.", "source_year": "2021", "source_publisher": "Department of Geological Sciences, Brigham Young University, Provo, Utah", "source_url": "https://utahmapstore.com/products/geologic-history-of-utah-a-field-guide-to-utahs-rocks", "source_series": "", "preview_url": "https://firebasestorage.googleapis.com/v0/b/ut-dnr-ugs-geolmapportal-prod.firebasestorage.app/o/strat-charts%2Fpreviews%2F070_Uinta%20Basin%20Maps.jpg?alt=media"}}, {"type": "Feature", "geometry": {"type": "Point", "coordinates": [-110.443772, 40.285179]}, "properties": {"chart_id": 71, "chart_title": "Duchesne River \u2013 Altamont", "index_label": "Duchesne River", "source_filename": "071_DuchesneRiver.jpg", "chart_type": "stratigraphic_column", "state": "UT", "image_url": "https://firebasestorage.googleapis.com/v0/b/ut-dnr-ugs-geolmapportal-prod.firebasestorage.app/o/strat-charts%2F071_DuchesneRiver.jpg?alt=media", "thumbnail_url": "https://firebasestorage.googleapis.com/v0/b/ut-dnr-ugs-geolmapportal-prod.firebasestorage.app/o/strat-charts%2Fthumbs%2F071_DuchesneRiver.jpg?alt=media", "position_uncertainty_m": 18000, "source_title": "Geologic History of Utah: A Field Guide to Utah's Rocks", "source_authors": "Hintze, L.F., and Kowallis, B.J.", "source_year": "2021", "source_publisher": "Department of Geological Sciences, Brigham Young University, Provo, Utah", "source_url": "https://utahmapstore.com/products/geologic-history-of-utah-a-field-guide-to-utahs-rocks", "source_series": "", "preview_url": "https://firebasestorage.googleapis.com/v0/b/ut-dnr-ugs-geolmapportal-prod.firebasestorage.app/o/strat-charts%2Fpreviews%2F071_DuchesneRiver.jpg?alt=media"}}, {"type": "Feature", "geometry": {"type": "Point", "coordinates": [-109.816534, 40.188722]}, "properties": {"chart_id": 72, "chart_title": "Uinta Basin near Ouray", "index_label": "Uinta Basin", "source_filename": "072_UintaBasin.jpg", "chart_type": "stratigraphic_column", "state": "UT", "image_url": "https://firebasestorage.googleapis.com/v0/b/ut-dnr-ugs-geolmapportal-prod.firebasestorage.app/o/strat-charts%2F072_UintaBasin.jpg?alt=media", "thumbnail_url": "https://firebasestorage.googleapis.com/v0/b/ut-dnr-ugs-geolmapportal-prod.firebasestorage.app/o/strat-charts%2Fthumbs%2F072_UintaBasin.jpg?alt=media", "position_uncertainty_m": 18000, "source_title": "Geologic History of Utah: A Field Guide to Utah's Rocks", "source_authors": "Hintze, L.F., and Kowallis, B.J.", "source_year": "2021", "source_publisher": "Department of Geological Sciences, Brigham Young University, Provo, Utah", "source_url": "https://utahmapstore.com/products/geologic-history-of-utah-a-field-guide-to-utahs-rocks", "source_series": "", "preview_url": "https://firebasestorage.googleapis.com/v0/b/ut-dnr-ugs-geolmapportal-prod.firebasestorage.app/o/strat-charts%2Fpreviews%2F072_UintaBasin.jpg?alt=media"}}, {"type": "Feature", "geometry": {"type": "Point", "coordinates": [-109.612174, 40.943162]}, "properties": {"chart_id": 73, "chart_title": "Flaming Gorge \u2013 NE Uinta Mts", "index_label": "Flaming Gorge", "source_filename": "073_FlamingGorge.jpg", "chart_type": "stratigraphic_column", "state": "UT", "image_url": "https://firebasestorage.googleapis.com/v0/b/ut-dnr-ugs-geolmapportal-prod.firebasestorage.app/o/strat-charts%2F073_FlamingGorge.jpg?alt=media", "thumbnail_url": "https://firebasestorage.googleapis.com/v0/b/ut-dnr-ugs-geolmapportal-prod.firebasestorage.app/o/strat-charts%2Fthumbs%2F073_FlamingGorge.jpg?alt=media", "position_uncertainty_m": 18000, "source_title": "Geologic History of Utah: A Field Guide to Utah's Rocks", "source_authors": "Hintze, L.F., and Kowallis, B.J.", "source_year": "2021", "source_publisher": "Department of Geological Sciences, Brigham Young University, Provo, Utah", "source_url": "https://utahmapstore.com/products/geologic-history-of-utah-a-field-guide-to-utahs-rocks", "source_series": "", "preview_url": "https://firebasestorage.googleapis.com/v0/b/ut-dnr-ugs-geolmapportal-prod.firebasestorage.app/o/strat-charts%2Fpreviews%2F073_FlamingGorge.jpg?alt=media"}}, {"type": "Feature", "geometry": {"type": "Point", "coordinates": [-109.213773, 40.495755]}, "properties": {"chart_id": 74, "chart_title": "Dinosaur Monument \u2013 SE Uinta Mts", "index_label": "Dinosaur Monument", "source_filename": "074_DinosaurMonument.jpg", "chart_type": "stratigraphic_column", "state": "UT", "image_url": "https://firebasestorage.googleapis.com/v0/b/ut-dnr-ugs-geolmapportal-prod.firebasestorage.app/o/strat-charts%2F074_DinosaurMonument.jpg?alt=media", "thumbnail_url": "https://firebasestorage.googleapis.com/v0/b/ut-dnr-ugs-geolmapportal-prod.firebasestorage.app/o/strat-charts%2Fthumbs%2F074_DinosaurMonument.jpg?alt=media", "position_uncertainty_m": 18000, "source_title": "Geologic History of Utah: A Field Guide to Utah's Rocks", "source_authors": "Hintze, L.F., and Kowallis, B.J.", "source_year": "2021", "source_publisher": "Department of Geological Sciences, Brigham Young University, Provo, Utah", "source_url": "https://utahmapstore.com/products/geologic-history-of-utah-a-field-guide-to-utahs-rocks", "source_series": "", "preview_url": "https://firebasestorage.googleapis.com/v0/b/ut-dnr-ugs-geolmapportal-prod.firebasestorage.app/o/strat-charts%2Fpreviews%2F074_DinosaurMonument.jpg?alt=media"}}, {"type": "Feature", "geometry": {"type": "Point", "coordinates": [-109.16626, 39.942844]}, "properties": {"chart_id": 75, "chart_title": "Bonanza, Utah \u2013 Rangely, Colorado", "index_label": "Bonanza", "source_filename": "075_Bonanza.jpg", "chart_type": "stratigraphic_column", "state": "UT", "image_url": "https://firebasestorage.googleapis.com/v0/b/ut-dnr-ugs-geolmapportal-prod.firebasestorage.app/o/strat-charts%2F075_Bonanza.jpg?alt=media", "thumbnail_url": "https://firebasestorage.googleapis.com/v0/b/ut-dnr-ugs-geolmapportal-prod.firebasestorage.app/o/strat-charts%2Fthumbs%2F075_Bonanza.jpg?alt=media", "position_uncertainty_m": 18000, "source_title": "Geologic History of Utah: A Field Guide to Utah's Rocks", "source_authors": "Hintze, L.F., and Kowallis, B.J.", "source_year": "2021", "source_publisher": "Department of Geological Sciences, Brigham Young University, Provo, Utah", "source_url": "https://utahmapstore.com/products/geologic-history-of-utah-a-field-guide-to-utahs-rocks", "source_series": "", "preview_url": "https://firebasestorage.googleapis.com/v0/b/ut-dnr-ugs-geolmapportal-prod.firebasestorage.app/o/strat-charts%2Fpreviews%2F075_Bonanza.jpg?alt=media"}}, {"type": "Feature", "geometry": {"type": "Point", "coordinates": [-108.892136, 39.197022]}, "properties": {"chart_id": 76, "chart_title": "Grand Junction Area, Colorado", "index_label": "Grand Junction", "source_filename": "076_GrandJunction.jpg", "chart_type": "stratigraphic_column", "state": "CO", "image_url": "https://firebasestorage.googleapis.com/v0/b/ut-dnr-ugs-geolmapportal-prod.firebasestorage.app/o/strat-charts%2F076_GrandJunction.jpg?alt=media", "thumbnail_url": "https://firebasestorage.googleapis.com/v0/b/ut-dnr-ugs-geolmapportal-prod.firebasestorage.app/o/strat-charts%2Fthumbs%2F076_GrandJunction.jpg?alt=media", "position_uncertainty_m": 18000, "source_title": "Geologic History of Utah: A Field Guide to Utah's Rocks", "source_authors": "Hintze, L.F., and Kowallis, B.J.", "source_year": "2021", "source_publisher": "Department of Geological Sciences, Brigham Young University, Provo, Utah", "source_url": "https://utahmapstore.com/products/geologic-history-of-utah-a-field-guide-to-utahs-rocks", "source_series": "", "preview_url": "https://firebasestorage.googleapis.com/v0/b/ut-dnr-ugs-geolmapportal-prod.firebasestorage.app/o/strat-charts%2Fpreviews%2F076_GrandJunction.jpg?alt=media"}}, {"type": "Feature", "geometry": {"type": "Point", "coordinates": [-110.89375, 39.681446]}, "properties": {"chart_id": 77, "chart_title": "Helper \u2013 Price \u2013 Wellington", "index_label": "Helper Price", "source_filename": "077_HelperPrice.jpg", "chart_type": "stratigraphic_column", "state": "UT", "image_url": "https://firebasestorage.googleapis.com/v0/b/ut-dnr-ugs-geolmapportal-prod.firebasestorage.app/o/strat-charts%2F077_HelperPrice.jpg?alt=media", "thumbnail_url": "https://firebasestorage.googleapis.com/v0/b/ut-dnr-ugs-geolmapportal-prod.firebasestorage.app/o/strat-charts%2Fthumbs%2F077_HelperPrice.jpg?alt=media", "position_uncertainty_m": 18000, "source_title": "Geologic History of Utah: A Field Guide to Utah's Rocks", "source_authors": "Hintze, L.F., and Kowallis, B.J.", "source_year": "2021", "source_publisher": "Department of Geological Sciences, Brigham Young University, Provo, Utah", "source_url": "https://utahmapstore.com/products/geologic-history-of-utah-a-field-guide-to-utahs-rocks", "source_series": "", "preview_url": "https://firebasestorage.googleapis.com/v0/b/ut-dnr-ugs-geolmapportal-prod.firebasestorage.app/o/strat-charts%2Fpreviews%2F077_HelperPrice.jpg?alt=media"}}, {"type": "Feature", "geometry": {"type": "Point", "coordinates": [-110.460885, 39.552436]}, "properties": {"chart_id": 78, "chart_title": "Sunnyside \u2013 Woodside \u2013 Book Cliffs", "index_label": "Sunnyside", "source_filename": "078_Sunnyside.jpg", "chart_type": "stratigraphic_column", "state": "UT", "image_url": "https://firebasestorage.googleapis.com/v0/b/ut-dnr-ugs-geolmapportal-prod.firebasestorage.app/o/strat-charts%2F078_Sunnyside.jpg?alt=media", "thumbnail_url": "https://firebasestorage.googleapis.com/v0/b/ut-dnr-ugs-geolmapportal-prod.firebasestorage.app/o/strat-charts%2Fthumbs%2F078_Sunnyside.jpg?alt=media", "position_uncertainty_m": 18000, "source_title": "Geologic History of Utah: A Field Guide to Utah's Rocks", "source_authors": "Hintze, L.F., and Kowallis, B.J.", "source_year": "2021", "source_publisher": "Department of Geological Sciences, Brigham Young University, Provo, Utah", "source_url": "https://utahmapstore.com/products/geologic-history-of-utah-a-field-guide-to-utahs-rocks", "source_series": "", "preview_url": "https://firebasestorage.googleapis.com/v0/b/ut-dnr-ugs-geolmapportal-prod.firebasestorage.app/o/strat-charts%2Fpreviews%2F078_Sunnyside.jpg?alt=media"}}, {"type": "Feature", "geometry": {"type": "Point", "coordinates": [-109.971613, 38.993296]}, "properties": {"chart_id": 79, "chart_title": "Book Cliffs near Green River", "index_label": "Book Cliffs", "source_filename": "079_BookCliffs.jpg", "chart_type": "stratigraphic_column", "state": "UT", "image_url": "https://firebasestorage.googleapis.com/v0/b/ut-dnr-ugs-geolmapportal-prod.firebasestorage.app/o/strat-charts%2F079_BookCliffs.jpg?alt=media", "thumbnail_url": "https://firebasestorage.googleapis.com/v0/b/ut-dnr-ugs-geolmapportal-prod.firebasestorage.app/o/strat-charts%2Fthumbs%2F079_BookCliffs.jpg?alt=media", "position_uncertainty_m": 18000, "source_title": "Geologic History of Utah: A Field Guide to Utah's Rocks", "source_authors": "Hintze, L.F., and Kowallis, B.J.", "source_year": "2021", "source_publisher": "Department of Geological Sciences, Brigham Young University, Provo, Utah", "source_url": "https://utahmapstore.com/products/geologic-history-of-utah-a-field-guide-to-utahs-rocks", "source_series": "", "preview_url": "https://firebasestorage.googleapis.com/v0/b/ut-dnr-ugs-geolmapportal-prod.firebasestorage.app/o/strat-charts%2Fpreviews%2F079_BookCliffs.jpg?alt=media"}}, {"type": "Feature", "geometry": {"type": "Point", "coordinates": [-109.331992, 39.099415]}, "properties": {"chart_id": 80, "chart_title": "Cisco \u2013 Harley Dome \u2013 Book Cliffs", "index_label": "Cisco", "source_filename": "080_Cisco.jpg", "chart_type": "stratigraphic_column", "state": "UT", "image_url": "https://firebasestorage.googleapis.com/v0/b/ut-dnr-ugs-geolmapportal-prod.firebasestorage.app/o/strat-charts%2F080_Cisco.jpg?alt=media", "thumbnail_url": "https://firebasestorage.googleapis.com/v0/b/ut-dnr-ugs-geolmapportal-prod.firebasestorage.app/o/strat-charts%2Fthumbs%2F080_Cisco.jpg?alt=media", "position_uncertainty_m": 18000, "source_title": "Geologic History of Utah: A Field Guide to Utah's Rocks", "source_authors": "Hintze, L.F., and Kowallis, B.J.", "source_year": "2021", "source_publisher": "Department of Geological Sciences, Brigham Young University, Provo, Utah", "source_url": "https://utahmapstore.com/products/geologic-history-of-utah-a-field-guide-to-utahs-rocks", "source_series": "", "preview_url": "https://firebasestorage.googleapis.com/v0/b/ut-dnr-ugs-geolmapportal-prod.firebasestorage.app/o/strat-charts%2Fpreviews%2F080_Cisco.jpg?alt=media"}}, {"type": "Feature", "geometry": {"type": "Point", "coordinates": [-111.089726, 39.952973]}, "properties": {"chart_id": 81, "chart_title": "Soldier Summit", "index_label": "Soldier Summit", "source_filename": "081_SoldierSummit.jpg", "chart_type": "stratigraphic_column", "state": "UT", "image_url": "https://firebasestorage.googleapis.com/v0/b/ut-dnr-ugs-geolmapportal-prod.firebasestorage.app/o/strat-charts%2F081_SoldierSummit.jpg?alt=media", "thumbnail_url": "https://firebasestorage.googleapis.com/v0/b/ut-dnr-ugs-geolmapportal-prod.firebasestorage.app/o/strat-charts%2Fthumbs%2F081_SoldierSummit.jpg?alt=media", "position_uncertainty_m": 18000, "source_title": "Geologic History of Utah: A Field Guide to Utah's Rocks", "source_authors": "Hintze, L.F., and Kowallis, B.J.", "source_year": "2021", "source_publisher": "Department of Geological Sciences, Brigham Young University, Provo, Utah", "source_url": "https://utahmapstore.com/products/geologic-history-of-utah-a-field-guide-to-utahs-rocks", "source_series": "", "preview_url": "https://firebasestorage.googleapis.com/v0/b/ut-dnr-ugs-geolmapportal-prod.firebasestorage.app/o/strat-charts%2Fpreviews%2F081_SoldierSummit.jpg?alt=media"}}, {"type": "Feature", "geometry": {"type": "Point", "coordinates": [-111.150707, 39.328037]}, "properties": {"chart_id": 82, "chart_title": "Wasatch Plateau near Castle Dale", "index_label": "Wasatch Plateau", "source_filename": "082_WasatchPlateau.jpg", "chart_type": "stratigraphic_column", "state": "UT", "image_url": "https://firebasestorage.googleapis.com/v0/b/ut-dnr-ugs-geolmapportal-prod.firebasestorage.app/o/strat-charts%2F082_WasatchPlateau.jpg?alt=media", "thumbnail_url": "https://firebasestorage.googleapis.com/v0/b/ut-dnr-ugs-geolmapportal-prod.firebasestorage.app/o/strat-charts%2Fthumbs%2F082_WasatchPlateau.jpg?alt=media", "position_uncertainty_m": 18000, "source_title": "Geologic History of Utah: A Field Guide to Utah's Rocks", "source_authors": "Hintze, L.F., and Kowallis, B.J.", "source_year": "2021", "source_publisher": "Department of Geological Sciences, Brigham Young University, Provo, Utah", "source_url": "https://utahmapstore.com/products/geologic-history-of-utah-a-field-guide-to-utahs-rocks", "source_series": "", "preview_url": "https://firebasestorage.googleapis.com/v0/b/ut-dnr-ugs-geolmapportal-prod.firebasestorage.app/o/strat-charts%2Fpreviews%2F082_WasatchPlateau.jpg?alt=media"}}, {"type": "Feature", "geometry": {"type": "Point", "coordinates": [-111.469193, 38.844161]}, "properties": {"chart_id": 83, "chart_title": "Upper Salina Canyon I-70", "index_label": "Upper Salina", "source_filename": "083_UpperSalina.jpg", "chart_type": "stratigraphic_column", "state": "UT", "image_url": "https://firebasestorage.googleapis.com/v0/b/ut-dnr-ugs-geolmapportal-prod.firebasestorage.app/o/strat-charts%2F083_UpperSalina.jpg?alt=media", "thumbnail_url": "https://firebasestorage.googleapis.com/v0/b/ut-dnr-ugs-geolmapportal-prod.firebasestorage.app/o/strat-charts%2Fthumbs%2F083_UpperSalina.jpg?alt=media", "position_uncertainty_m": 18000, "source_title": "Geologic History of Utah: A Field Guide to Utah's Rocks", "source_authors": "Hintze, L.F., and Kowallis, B.J.", "source_year": "2021", "source_publisher": "Department of Geological Sciences, Brigham Young University, Provo, Utah", "source_url": "https://utahmapstore.com/products/geologic-history-of-utah-a-field-guide-to-utahs-rocks", "source_series": "", "preview_url": "https://firebasestorage.googleapis.com/v0/b/ut-dnr-ugs-geolmapportal-prod.firebasestorage.app/o/strat-charts%2Fpreviews%2F083_UpperSalina.jpg?alt=media"}}, {"type": "Feature", "geometry": {"type": "Point", "coordinates": [-110.870292, 38.87906]}, "properties": {"chart_id": 84, "chart_title": "San Rafael Swell", "index_label": "San Rafael Swell", "source_filename": "084_SanRafaelSwell.jpg", "chart_type": "stratigraphic_column", "state": "UT", "image_url": "https://firebasestorage.googleapis.com/v0/b/ut-dnr-ugs-geolmapportal-prod.firebasestorage.app/o/strat-charts%2F084_SanRafaelSwell.jpg?alt=media", "thumbnail_url": "https://firebasestorage.googleapis.com/v0/b/ut-dnr-ugs-geolmapportal-prod.firebasestorage.app/o/strat-charts%2Fthumbs%2F084_SanRafaelSwell.jpg?alt=media", "position_uncertainty_m": 18000, "source_title": "Geologic History of Utah: A Field Guide to Utah's Rocks", "source_authors": "Hintze, L.F., and Kowallis, B.J.", "source_year": "2021", "source_publisher": "Department of Geological Sciences, Brigham Young University, Provo, Utah", "source_url": "https://utahmapstore.com/products/geologic-history-of-utah-a-field-guide-to-utahs-rocks", "source_series": "", "preview_url": "https://firebasestorage.googleapis.com/v0/b/ut-dnr-ugs-geolmapportal-prod.firebasestorage.app/o/strat-charts%2Fpreviews%2F084_SanRafaelSwell.jpg?alt=media"}}, {"type": "Feature", "geometry": {"type": "Point", "coordinates": [-113.929916, 38.611736]}, "properties": {"chart_id": 85, "chart_title": "Mountain Home Range", "index_label": "Mountain Home", "source_filename": "085_MountainHome.jpg", "chart_type": "stratigraphic_column", "state": "UT", "image_url": "https://firebasestorage.googleapis.com/v0/b/ut-dnr-ugs-geolmapportal-prod.firebasestorage.app/o/strat-charts%2F085_MountainHome.jpg?alt=media", "thumbnail_url": "https://firebasestorage.googleapis.com/v0/b/ut-dnr-ugs-geolmapportal-prod.firebasestorage.app/o/strat-charts%2Fthumbs%2F085_MountainHome.jpg?alt=media", "position_uncertainty_m": 18000, "source_title": "Geologic History of Utah: A Field Guide to Utah's Rocks", "source_authors": "Hintze, L.F., and Kowallis, B.J.", "source_year": "2021", "source_publisher": "Department of Geological Sciences, Brigham Young University, Provo, Utah", "source_url": "https://utahmapstore.com/products/geologic-history-of-utah-a-field-guide-to-utahs-rocks", "source_series": "", "preview_url": "https://firebasestorage.googleapis.com/v0/b/ut-dnr-ugs-geolmapportal-prod.firebasestorage.app/o/strat-charts%2Fpreviews%2F085_MountainHome.jpg?alt=media"}}, {"type": "Feature", "geometry": {"type": "Point", "coordinates": [-113.944424, 38.163388]}, "properties": {"chart_id": 86, "chart_title": "Indian Peak (Needle) Range", "index_label": "Indian Peak Needle Range", "source_filename": "086_IndianPeakNeedleRange.jpg", "chart_type": "stratigraphic_column", "state": "UT", "image_url": "https://firebasestorage.googleapis.com/v0/b/ut-dnr-ugs-geolmapportal-prod.firebasestorage.app/o/strat-charts%2F086_IndianPeakNeedleRange.jpg?alt=media", "thumbnail_url": "https://firebasestorage.googleapis.com/v0/b/ut-dnr-ugs-geolmapportal-prod.firebasestorage.app/o/strat-charts%2Fthumbs%2F086_IndianPeakNeedleRange.jpg?alt=media", "position_uncertainty_m": 18000, "source_title": "Geologic History of Utah: A Field Guide to Utah's Rocks", "source_authors": "Hintze, L.F., and Kowallis, B.J.", "source_year": "2021", "source_publisher": "Department of Geological Sciences, Brigham Young University, Provo, Utah", "source_url": "https://utahmapstore.com/products/geologic-history-of-utah-a-field-guide-to-utahs-rocks", "source_series": "", "preview_url": "https://firebasestorage.googleapis.com/v0/b/ut-dnr-ugs-geolmapportal-prod.firebasestorage.app/o/strat-charts%2Fpreviews%2F086_IndianPeakNeedleRange.jpg?alt=media"}}, {"type": "Feature", "geometry": {"type": "Point", "coordinates": [-113.591629, 38.355335]}, "properties": {"chart_id": 87, "chart_title": "Wah Wah Mountains", "index_label": "Wah Wah Mountains", "source_filename": "087_WahWahMountains.jpg", "chart_type": "stratigraphic_column", "state": "UT", "image_url": "https://firebasestorage.googleapis.com/v0/b/ut-dnr-ugs-geolmapportal-prod.firebasestorage.app/o/strat-charts%2F087_WahWahMountains.jpg?alt=media", "thumbnail_url": "https://firebasestorage.googleapis.com/v0/b/ut-dnr-ugs-geolmapportal-prod.firebasestorage.app/o/strat-charts%2Fthumbs%2F087_WahWahMountains.jpg?alt=media", "position_uncertainty_m": 18000, "source_title": "Geologic History of Utah: A Field Guide to Utah's Rocks", "source_authors": "Hintze, L.F., and Kowallis, B.J.", "source_year": "2021", "source_publisher": "Department of Geological Sciences, Brigham Young University, Provo, Utah", "source_url": "https://utahmapstore.com/products/geologic-history-of-utah-a-field-guide-to-utahs-rocks", "source_series": "", "preview_url": "https://firebasestorage.googleapis.com/v0/b/ut-dnr-ugs-geolmapportal-prod.firebasestorage.app/o/strat-charts%2Fpreviews%2F087_WahWahMountains.jpg?alt=media"}}, {"type": "Feature", "geometry": {"type": "Point", "coordinates": [-113.328501, 38.515832]}, "properties": {"chart_id": 88, "chart_title": "Frisco \u2013 Beaver Lake Mountains", "index_label": "Frisco Beaver Lake Mts", "source_filename": "088_FriscoBeaverLakeMts.jpg", "chart_type": "stratigraphic_column", "state": "UT", "image_url": "https://firebasestorage.googleapis.com/v0/b/ut-dnr-ugs-geolmapportal-prod.firebasestorage.app/o/strat-charts%2F088_FriscoBeaverLakeMts.jpg?alt=media", "thumbnail_url": "https://firebasestorage.googleapis.com/v0/b/ut-dnr-ugs-geolmapportal-prod.firebasestorage.app/o/strat-charts%2Fthumbs%2F088_FriscoBeaverLakeMts.jpg?alt=media", "position_uncertainty_m": 18000, "source_title": "Geologic History of Utah: A Field Guide to Utah's Rocks", "source_authors": "Hintze, L.F., and Kowallis, B.J.", "source_year": "2021", "source_publisher": "Department of Geological Sciences, Brigham Young University, Provo, Utah", "source_url": "https://utahmapstore.com/products/geologic-history-of-utah-a-field-guide-to-utahs-rocks", "source_series": "", "preview_url": "https://firebasestorage.googleapis.com/v0/b/ut-dnr-ugs-geolmapportal-prod.firebasestorage.app/o/strat-charts%2Fpreviews%2F088_FriscoBeaverLakeMts.jpg?alt=media"}}, {"type": "Feature", "geometry": {"type": "Point", "coordinates": [-113.893631, 37.635173]}, "properties": {"chart_id": 89, "chart_title": "Bull Valley Mts \u2013 Beryl Jct", "index_label": "Bull Valley", "source_filename": "089_BullValley.jpg", "chart_type": "stratigraphic_column", "state": "UT", "image_url": "https://firebasestorage.googleapis.com/v0/b/ut-dnr-ugs-geolmapportal-prod.firebasestorage.app/o/strat-charts%2F089_BullValley.jpg?alt=media", "thumbnail_url": "https://firebasestorage.googleapis.com/v0/b/ut-dnr-ugs-geolmapportal-prod.firebasestorage.app/o/strat-charts%2Fthumbs%2F089_BullValley.jpg?alt=media", "position_uncertainty_m": 18000, "source_title": "Geologic History of Utah: A Field Guide to Utah's Rocks", "source_authors": "Hintze, L.F., and Kowallis, B.J.", "source_year": "2021", "source_publisher": "Department of Geological Sciences, Brigham Young University, Provo, Utah", "source_url": "https://utahmapstore.com/products/geologic-history-of-utah-a-field-guide-to-utahs-rocks", "source_series": "", "preview_url": "https://firebasestorage.googleapis.com/v0/b/ut-dnr-ugs-geolmapportal-prod.firebasestorage.app/o/strat-charts%2Fpreviews%2F089_BullValley.jpg?alt=media"}}, {"type": "Feature", "geometry": {"type": "Point", "coordinates": [-113.520969, 38.04793]}, "properties": {"chart_id": 90, "chart_title": "Blue Mtn & S. Wah Wah Mts", "index_label": "Blue Mtn", "source_filename": "090_BlueMtn.jpg", "chart_type": "stratigraphic_column", "state": "UT", "image_url": "https://firebasestorage.googleapis.com/v0/b/ut-dnr-ugs-geolmapportal-prod.firebasestorage.app/o/strat-charts%2F090_BlueMtn.jpg?alt=media", "thumbnail_url": "https://firebasestorage.googleapis.com/v0/b/ut-dnr-ugs-geolmapportal-prod.firebasestorage.app/o/strat-charts%2Fthumbs%2F090_BlueMtn.jpg?alt=media", "position_uncertainty_m": 18000, "source_title": "Geologic History of Utah: A Field Guide to Utah's Rocks", "source_authors": "Hintze, L.F., and Kowallis, B.J.", "source_year": "2021", "source_publisher": "Department of Geological Sciences, Brigham Young University, Provo, Utah", "source_url": "https://utahmapstore.com/products/geologic-history-of-utah-a-field-guide-to-utahs-rocks", "source_series": "", "preview_url": "https://firebasestorage.googleapis.com/v0/b/ut-dnr-ugs-geolmapportal-prod.firebasestorage.app/o/strat-charts%2Fpreviews%2F090_BlueMtn.jpg?alt=media"}}, {"type": "Feature", "geometry": {"type": "Point", "coordinates": [-113.170882, 38.324856]}, "properties": {"chart_id": 91, "chart_title": "Star Range near Milford", "index_label": "Star Range", "source_filename": "091_StarRange.jpg", "chart_type": "stratigraphic_column", "state": "UT", "image_url": "https://firebasestorage.googleapis.com/v0/b/ut-dnr-ugs-geolmapportal-prod.firebasestorage.app/o/strat-charts%2F091_StarRange.jpg?alt=media", "thumbnail_url": "https://firebasestorage.googleapis.com/v0/b/ut-dnr-ugs-geolmapportal-prod.firebasestorage.app/o/strat-charts%2Fthumbs%2F091_StarRange.jpg?alt=media", "position_uncertainty_m": 18000, "source_title": "Geologic History of Utah: A Field Guide to Utah's Rocks", "source_authors": "Hintze, L.F., and Kowallis, B.J.", "source_year": "2021", "source_publisher": "Department of Geological Sciences, Brigham Young University, Provo, Utah", "source_url": "https://utahmapstore.com/products/geologic-history-of-utah-a-field-guide-to-utahs-rocks", "source_series": "", "preview_url": "https://firebasestorage.googleapis.com/v0/b/ut-dnr-ugs-geolmapportal-prod.firebasestorage.app/o/strat-charts%2Fpreviews%2F091_StarRange.jpg?alt=media"}}, {"type": "Feature", "geometry": {"type": "Point", "coordinates": [-112.844037, 38.508297]}, "properties": {"chart_id": 92, "chart_title": "Mineral Mountains", "index_label": "Mineral Mountains", "source_filename": "092_MineralMountains.jpg", "chart_type": "stratigraphic_column", "state": "UT", "image_url": "https://firebasestorage.googleapis.com/v0/b/ut-dnr-ugs-geolmapportal-prod.firebasestorage.app/o/strat-charts%2F092_MineralMountains.jpg?alt=media", "thumbnail_url": "https://firebasestorage.googleapis.com/v0/b/ut-dnr-ugs-geolmapportal-prod.firebasestorage.app/o/strat-charts%2Fthumbs%2F092_MineralMountains.jpg?alt=media", "position_uncertainty_m": 18000, "source_title": "Geologic History of Utah: A Field Guide to Utah's Rocks", "source_authors": "Hintze, L.F., and Kowallis, B.J.", "source_year": "2021", "source_publisher": "Department of Geological Sciences, Brigham Young University, Provo, Utah", "source_url": "https://utahmapstore.com/products/geologic-history-of-utah-a-field-guide-to-utahs-rocks", "source_series": "", "preview_url": "https://firebasestorage.googleapis.com/v0/b/ut-dnr-ugs-geolmapportal-prod.firebasestorage.app/o/strat-charts%2Fpreviews%2F092_MineralMountains.jpg?alt=media"}}, {"type": "Feature", "geometry": {"type": "Point", "coordinates": [-112.533544, 38.290843]}, "properties": {"chart_id": 93, "chart_title": "Beaver \u2013 Manderfield", "index_label": "Beaver Manderfield", "source_filename": "093_BeaverManderfield.jpg", "chart_type": "stratigraphic_column", "state": "UT", "image_url": "https://firebasestorage.googleapis.com/v0/b/ut-dnr-ugs-geolmapportal-prod.firebasestorage.app/o/strat-charts%2F093_BeaverManderfield.jpg?alt=media", "thumbnail_url": "https://firebasestorage.googleapis.com/v0/b/ut-dnr-ugs-geolmapportal-prod.firebasestorage.app/o/strat-charts%2Fthumbs%2F093_BeaverManderfield.jpg?alt=media", "position_uncertainty_m": 18000, "source_title": "Geologic History of Utah: A Field Guide to Utah's Rocks", "source_authors": "Hintze, L.F., and Kowallis, B.J.", "source_year": "2021", "source_publisher": "Department of Geological Sciences, Brigham Young University, Provo, Utah", "source_url": "https://utahmapstore.com/products/geologic-history-of-utah-a-field-guide-to-utahs-rocks", "source_series": "", "preview_url": "https://firebasestorage.googleapis.com/v0/b/ut-dnr-ugs-geolmapportal-prod.firebasestorage.app/o/strat-charts%2Fpreviews%2F093_BeaverManderfield.jpg?alt=media"}}, {"type": "Feature", "geometry": {"type": "Point", "coordinates": [-112.579899, 38.103435]}, "properties": {"chart_id": 94, "chart_title": "Southern Tushar Mountains", "index_label": "Southern Tushar Mtns", "source_filename": "094_SouthernTusharMtns.jpg", "chart_type": "stratigraphic_column", "state": "UT", "image_url": "https://firebasestorage.googleapis.com/v0/b/ut-dnr-ugs-geolmapportal-prod.firebasestorage.app/o/strat-charts%2F094_SouthernTusharMtns.jpg?alt=media", "thumbnail_url": "https://firebasestorage.googleapis.com/v0/b/ut-dnr-ugs-geolmapportal-prod.firebasestorage.app/o/strat-charts%2Fthumbs%2F094_SouthernTusharMtns.jpg?alt=media", "position_uncertainty_m": 18000, "source_title": "Geologic History of Utah: A Field Guide to Utah's Rocks", "source_authors": "Hintze, L.F., and Kowallis, B.J.", "source_year": "2021", "source_publisher": "Department of Geological Sciences, Brigham Young University, Provo, Utah", "source_url": "https://utahmapstore.com/products/geologic-history-of-utah-a-field-guide-to-utahs-rocks", "source_series": "", "preview_url": "https://firebasestorage.googleapis.com/v0/b/ut-dnr-ugs-geolmapportal-prod.firebasestorage.app/o/strat-charts%2Fpreviews%2F094_SouthernTusharMtns.jpg?alt=media"}}, {"type": "Feature", "geometry": {"type": "Point", "coordinates": [-112.156094, 38.438231]}, "properties": {"chart_id": 95, "chart_title": "Marysvale Area", "index_label": "Marysvale", "source_filename": "095_Marysvale.jpg", "chart_type": "stratigraphic_column", "state": "UT", "image_url": "https://firebasestorage.googleapis.com/v0/b/ut-dnr-ugs-geolmapportal-prod.firebasestorage.app/o/strat-charts%2F095_Marysvale.jpg?alt=media", "thumbnail_url": "https://firebasestorage.googleapis.com/v0/b/ut-dnr-ugs-geolmapportal-prod.firebasestorage.app/o/strat-charts%2Fthumbs%2F095_Marysvale.jpg?alt=media", "position_uncertainty_m": 18000, "source_title": "Geologic History of Utah: A Field Guide to Utah's Rocks", "source_authors": "Hintze, L.F., and Kowallis, B.J.", "source_year": "2021", "source_publisher": "Department of Geological Sciences, Brigham Young University, Provo, Utah", "source_url": "https://utahmapstore.com/products/geologic-history-of-utah-a-field-guide-to-utahs-rocks", "source_series": "", "preview_url": "https://firebasestorage.googleapis.com/v0/b/ut-dnr-ugs-geolmapportal-prod.firebasestorage.app/o/strat-charts%2Fpreviews%2F095_Marysvale.jpg?alt=media"}}, {"type": "Feature", "geometry": {"type": "Point", "coordinates": [-111.994364, 38.056049]}, "properties": {"chart_id": 96, "chart_title": "Antimony", "index_label": "Antimony", "source_filename": "096_Antimony.jpg", "chart_type": "stratigraphic_column", "state": "UT", "image_url": "https://firebasestorage.googleapis.com/v0/b/ut-dnr-ugs-geolmapportal-prod.firebasestorage.app/o/strat-charts%2F096_Antimony.jpg?alt=media", "thumbnail_url": "https://firebasestorage.googleapis.com/v0/b/ut-dnr-ugs-geolmapportal-prod.firebasestorage.app/o/strat-charts%2Fthumbs%2F096_Antimony.jpg?alt=media", "position_uncertainty_m": 18000, "source_title": "Geologic History of Utah: A Field Guide to Utah's Rocks", "source_authors": "Hintze, L.F., and Kowallis, B.J.", "source_year": "2021", "source_publisher": "Department of Geological Sciences, Brigham Young University, Provo, Utah", "source_url": "https://utahmapstore.com/products/geologic-history-of-utah-a-field-guide-to-utahs-rocks", "source_series": "", "preview_url": "https://firebasestorage.googleapis.com/v0/b/ut-dnr-ugs-geolmapportal-prod.firebasestorage.app/o/strat-charts%2Fpreviews%2F096_Antimony.jpg?alt=media"}}, {"type": "Feature", "geometry": {"type": "Point", "coordinates": [-111.752184, 38.509419]}, "properties": {"chart_id": 97, "chart_title": "Loa \u2013 Fish Lake Area", "index_label": "Loa Fish Lake", "source_filename": "097_LoaFishLake.jpg", "chart_type": "stratigraphic_column", "state": "UT", "image_url": "https://firebasestorage.googleapis.com/v0/b/ut-dnr-ugs-geolmapportal-prod.firebasestorage.app/o/strat-charts%2F097_LoaFishLake.jpg?alt=media", "thumbnail_url": "https://firebasestorage.googleapis.com/v0/b/ut-dnr-ugs-geolmapportal-prod.firebasestorage.app/o/strat-charts%2Fthumbs%2F097_LoaFishLake.jpg?alt=media", "position_uncertainty_m": 18000, "source_title": "Geologic History of Utah: A Field Guide to Utah's Rocks", "source_authors": "Hintze, L.F., and Kowallis, B.J.", "source_year": "2021", "source_publisher": "Department of Geological Sciences, Brigham Young University, Provo, Utah", "source_url": "https://utahmapstore.com/products/geologic-history-of-utah-a-field-guide-to-utahs-rocks", "source_series": "", "preview_url": "https://firebasestorage.googleapis.com/v0/b/ut-dnr-ugs-geolmapportal-prod.firebasestorage.app/o/strat-charts%2Fpreviews%2F097_LoaFishLake.jpg?alt=media"}}, {"type": "Feature", "geometry": {"type": "Point", "coordinates": [-111.383728, 38.302714]}, "properties": {"chart_id": 98, "chart_title": "Capitol Reef Area", "index_label": "Capital Reef", "source_filename": "098_CapitalReef.jpg", "chart_type": "stratigraphic_column", "state": "UT", "image_url": "https://firebasestorage.googleapis.com/v0/b/ut-dnr-ugs-geolmapportal-prod.firebasestorage.app/o/strat-charts%2F098_CapitalReef.jpg?alt=media", "thumbnail_url": "https://firebasestorage.googleapis.com/v0/b/ut-dnr-ugs-geolmapportal-prod.firebasestorage.app/o/strat-charts%2Fthumbs%2F098_CapitalReef.jpg?alt=media", "position_uncertainty_m": 18000, "source_title": "Geologic History of Utah: A Field Guide to Utah's Rocks", "source_authors": "Hintze, L.F., and Kowallis, B.J.", "source_year": "2021", "source_publisher": "Department of Geological Sciences, Brigham Young University, Provo, Utah", "source_url": "https://utahmapstore.com/products/geologic-history-of-utah-a-field-guide-to-utahs-rocks", "source_series": "", "preview_url": "https://firebasestorage.googleapis.com/v0/b/ut-dnr-ugs-geolmapportal-prod.firebasestorage.app/o/strat-charts%2Fpreviews%2F098_CapitalReef.jpg?alt=media"}}, {"type": "Feature", "geometry": {"type": "Point", "coordinates": [-110.773991, 38.273814]}, "properties": {"chart_id": 99, "chart_title": "Hanksville Area", "index_label": "Hanksville", "source_filename": "099_Hanksville.jpg", "chart_type": "stratigraphic_column", "state": "UT", "image_url": "https://firebasestorage.googleapis.com/v0/b/ut-dnr-ugs-geolmapportal-prod.firebasestorage.app/o/strat-charts%2F099_Hanksville.jpg?alt=media", "thumbnail_url": "https://firebasestorage.googleapis.com/v0/b/ut-dnr-ugs-geolmapportal-prod.firebasestorage.app/o/strat-charts%2Fthumbs%2F099_Hanksville.jpg?alt=media", "position_uncertainty_m": 18000, "source_title": "Geologic History of Utah: A Field Guide to Utah's Rocks", "source_authors": "Hintze, L.F., and Kowallis, B.J.", "source_year": "2021", "source_publisher": "Department of Geological Sciences, Brigham Young University, Provo, Utah", "source_url": "https://utahmapstore.com/products/geologic-history-of-utah-a-field-guide-to-utahs-rocks", "source_series": "", "preview_url": "https://firebasestorage.googleapis.com/v0/b/ut-dnr-ugs-geolmapportal-prod.firebasestorage.app/o/strat-charts%2Fpreviews%2F099_Hanksville.jpg?alt=media"}}, {"type": "Feature", "geometry": {"type": "Point", "coordinates": [-110.720934, 38.034188]}, "properties": {"chart_id": 100, "chart_title": "Henry Mountains", "index_label": "Henry", "source_filename": "100_Henry.jpg", "chart_type": "stratigraphic_column", "state": "UT", "image_url": "https://firebasestorage.googleapis.com/v0/b/ut-dnr-ugs-geolmapportal-prod.firebasestorage.app/o/strat-charts%2F100_Henry.jpg?alt=media", "thumbnail_url": "https://firebasestorage.googleapis.com/v0/b/ut-dnr-ugs-geolmapportal-prod.firebasestorage.app/o/strat-charts%2Fthumbs%2F100_Henry.jpg?alt=media", "position_uncertainty_m": 18000, "source_title": "Geologic History of Utah: A Field Guide to Utah's Rocks", "source_authors": "Hintze, L.F., and Kowallis, B.J.", "source_year": "2021", "source_publisher": "Department of Geological Sciences, Brigham Young University, Provo, Utah", "source_url": "https://utahmapstore.com/products/geologic-history-of-utah-a-field-guide-to-utahs-rocks", "source_series": "", "preview_url": "https://firebasestorage.googleapis.com/v0/b/ut-dnr-ugs-geolmapportal-prod.firebasestorage.app/o/strat-charts%2Fpreviews%2F100_Henry.jpg?alt=media"}}, {"type": "Feature", "geometry": {"type": "Point", "coordinates": [-113.338843, 37.73557]}, "properties": {"chart_id": 101, "chart_title": "Iron Mines \u2013 Cedar City \u2013 Cedar Breaks", "index_label": "Iron Mines", "source_filename": "101_IronMines.jpg", "chart_type": "stratigraphic_column", "state": "UT", "image_url": "https://firebasestorage.googleapis.com/v0/b/ut-dnr-ugs-geolmapportal-prod.firebasestorage.app/o/strat-charts%2F101_IronMines.jpg?alt=media", "thumbnail_url": "https://firebasestorage.googleapis.com/v0/b/ut-dnr-ugs-geolmapportal-prod.firebasestorage.app/o/strat-charts%2Fthumbs%2F101_IronMines.jpg?alt=media", "position_uncertainty_m": 18000, "source_title": "Geologic History of Utah: A Field Guide to Utah's Rocks", "source_authors": "Hintze, L.F., and Kowallis, B.J.", "source_year": "2021", "source_publisher": "Department of Geological Sciences, Brigham Young University, Provo, Utah", "source_url": "https://utahmapstore.com/products/geologic-history-of-utah-a-field-guide-to-utahs-rocks", "source_series": "", "preview_url": "https://firebasestorage.googleapis.com/v0/b/ut-dnr-ugs-geolmapportal-prod.firebasestorage.app/o/strat-charts%2Fpreviews%2F101_IronMines.jpg?alt=media"}}, {"type": "Feature", "geometry": {"type": "Point", "coordinates": [-113.461087, 37.501238]}, "properties": {"chart_id": 102, "chart_title": "Pine Valley Mountains", "index_label": "Pine Valley", "source_filename": "102_PineValley.jpg", "chart_type": "stratigraphic_column", "state": "UT", "image_url": "https://firebasestorage.googleapis.com/v0/b/ut-dnr-ugs-geolmapportal-prod.firebasestorage.app/o/strat-charts%2F102_PineValley.jpg?alt=media", "thumbnail_url": "https://firebasestorage.googleapis.com/v0/b/ut-dnr-ugs-geolmapportal-prod.firebasestorage.app/o/strat-charts%2Fthumbs%2F102_PineValley.jpg?alt=media", "position_uncertainty_m": 18000, "source_title": "Geologic History of Utah: A Field Guide to Utah's Rocks", "source_authors": "Hintze, L.F., and Kowallis, B.J.", "source_year": "2021", "source_publisher": "Department of Geological Sciences, Brigham Young University, Provo, Utah", "source_url": "https://utahmapstore.com/products/geologic-history-of-utah-a-field-guide-to-utahs-rocks", "source_series": "", "preview_url": "https://firebasestorage.googleapis.com/v0/b/ut-dnr-ugs-geolmapportal-prod.firebasestorage.app/o/strat-charts%2Fpreviews%2F102_PineValley.jpg?alt=media"}}, {"type": "Feature", "geometry": {"type": "Point", "coordinates": [-113.943588, 37.163272]}, "properties": {"chart_id": 103, "chart_title": "Beaver Dam Mountains", "index_label": "Beaver Dam", "source_filename": "103_BeaverDam.jpg", "chart_type": "stratigraphic_column", "state": "UT", "image_url": "https://firebasestorage.googleapis.com/v0/b/ut-dnr-ugs-geolmapportal-prod.firebasestorage.app/o/strat-charts%2F103_BeaverDam.jpg?alt=media", "thumbnail_url": "https://firebasestorage.googleapis.com/v0/b/ut-dnr-ugs-geolmapportal-prod.firebasestorage.app/o/strat-charts%2Fthumbs%2F103_BeaverDam.jpg?alt=media", "position_uncertainty_m": 18000, "source_title": "Geologic History of Utah: A Field Guide to Utah's Rocks", "source_authors": "Hintze, L.F., and Kowallis, B.J.", "source_year": "2021", "source_publisher": "Department of Geological Sciences, Brigham Young University, Provo, Utah", "source_url": "https://utahmapstore.com/products/geologic-history-of-utah-a-field-guide-to-utahs-rocks", "source_series": "", "preview_url": "https://firebasestorage.googleapis.com/v0/b/ut-dnr-ugs-geolmapportal-prod.firebasestorage.app/o/strat-charts%2Fpreviews%2F103_BeaverDam.jpg?alt=media"}}, {"type": "Feature", "geometry": {"type": "Point", "coordinates": [-113.511331, 37.058997]}, "properties": {"chart_id": 104, "chart_title": "St. George \u2013 Hurricane", "index_label": "St George", "source_filename": "104_StGeorge.jpg", "chart_type": "stratigraphic_column", "state": "UT", "image_url": "https://firebasestorage.googleapis.com/v0/b/ut-dnr-ugs-geolmapportal-prod.firebasestorage.app/o/strat-charts%2F104_StGeorge.jpg?alt=media", "thumbnail_url": "https://firebasestorage.googleapis.com/v0/b/ut-dnr-ugs-geolmapportal-prod.firebasestorage.app/o/strat-charts%2Fthumbs%2F104_StGeorge.jpg?alt=media", "position_uncertainty_m": 18000, "source_title": "Geologic History of Utah: A Field Guide to Utah's Rocks", "source_authors": "Hintze, L.F., and Kowallis, B.J.", "source_year": "2021", "source_publisher": "Department of Geological Sciences, Brigham Young University, Provo, Utah", "source_url": "https://utahmapstore.com/products/geologic-history-of-utah-a-field-guide-to-utahs-rocks", "source_series": "", "preview_url": "https://firebasestorage.googleapis.com/v0/b/ut-dnr-ugs-geolmapportal-prod.firebasestorage.app/o/strat-charts%2Fpreviews%2F104_StGeorge.jpg?alt=media"}}, {"type": "Feature", "geometry": {"type": "Point", "coordinates": [-112.944008, 37.302455]}, "properties": {"chart_id": 105, "chart_title": "Zion Park Area", "index_label": "Zion Park", "source_filename": "105_ZionPark.jpg", "chart_type": "stratigraphic_column", "state": "UT", "image_url": "https://firebasestorage.googleapis.com/v0/b/ut-dnr-ugs-geolmapportal-prod.firebasestorage.app/o/strat-charts%2F105_ZionPark.jpg?alt=media", "thumbnail_url": "https://firebasestorage.googleapis.com/v0/b/ut-dnr-ugs-geolmapportal-prod.firebasestorage.app/o/strat-charts%2Fthumbs%2F105_ZionPark.jpg?alt=media", "position_uncertainty_m": 18000, "source_title": "Geologic History of Utah: A Field Guide to Utah's Rocks", "source_authors": "Hintze, L.F., and Kowallis, B.J.", "source_year": "2021", "source_publisher": "Department of Geological Sciences, Brigham Young University, Provo, Utah", "source_url": "https://utahmapstore.com/products/geologic-history-of-utah-a-field-guide-to-utahs-rocks", "source_series": "", "preview_url": "https://firebasestorage.googleapis.com/v0/b/ut-dnr-ugs-geolmapportal-prod.firebasestorage.app/o/strat-charts%2Fpreviews%2F105_ZionPark.jpg?alt=media"}}, {"type": "Feature", "geometry": {"type": "Point", "coordinates": [-112.528528, 37.1787]}, "properties": {"chart_id": 106, "chart_title": "Kanab \u2013 Alton Area", "index_label": "Kanab", "source_filename": "106_Kanab.jpg", "chart_type": "stratigraphic_column", "state": "UT", "image_url": "https://firebasestorage.googleapis.com/v0/b/ut-dnr-ugs-geolmapportal-prod.firebasestorage.app/o/strat-charts%2F106_Kanab.jpg?alt=media", "thumbnail_url": "https://firebasestorage.googleapis.com/v0/b/ut-dnr-ugs-geolmapportal-prod.firebasestorage.app/o/strat-charts%2Fthumbs%2F106_Kanab.jpg?alt=media", "position_uncertainty_m": 18000, "source_title": "Geologic History of Utah: A Field Guide to Utah's Rocks", "source_authors": "Hintze, L.F., and Kowallis, B.J.", "source_year": "2021", "source_publisher": "Department of Geological Sciences, Brigham Young University, Provo, Utah", "source_url": "https://utahmapstore.com/products/geologic-history-of-utah-a-field-guide-to-utahs-rocks", "source_series": "", "preview_url": "https://firebasestorage.googleapis.com/v0/b/ut-dnr-ugs-geolmapportal-prod.firebasestorage.app/o/strat-charts%2Fpreviews%2F106_Kanab.jpg?alt=media"}}, {"type": "Feature", "geometry": {"type": "Point", "coordinates": [-112.304068, 37.745112]}, "properties": {"chart_id": 107, "chart_title": "Panguitch \u2013 Bryce \u2013 Henrieville", "index_label": "Panguitch", "source_filename": "107_Panguitch.jpg", "chart_type": "stratigraphic_column", "state": "UT", "image_url": "https://firebasestorage.googleapis.com/v0/b/ut-dnr-ugs-geolmapportal-prod.firebasestorage.app/o/strat-charts%2F107_Panguitch.jpg?alt=media", "thumbnail_url": "https://firebasestorage.googleapis.com/v0/b/ut-dnr-ugs-geolmapportal-prod.firebasestorage.app/o/strat-charts%2Fthumbs%2F107_Panguitch.jpg?alt=media", "position_uncertainty_m": 18000, "source_title": "Geologic History of Utah: A Field Guide to Utah's Rocks", "source_authors": "Hintze, L.F., and Kowallis, B.J.", "source_year": "2021", "source_publisher": "Department of Geological Sciences, Brigham Young University, Provo, Utah", "source_url": "https://utahmapstore.com/products/geologic-history-of-utah-a-field-guide-to-utahs-rocks", "source_series": "", "preview_url": "https://firebasestorage.googleapis.com/v0/b/ut-dnr-ugs-geolmapportal-prod.firebasestorage.app/o/strat-charts%2Fpreviews%2F107_Panguitch.jpg?alt=media"}}, {"type": "Feature", "geometry": {"type": "Point", "coordinates": [-112.24237, 36.908927]}, "properties": {"chart_id": 108, "chart_title": "Grand Canyon, Arizona", "index_label": "Grand Canyon", "source_filename": "108_GrandCanyon.jpg", "chart_type": "stratigraphic_column", "state": "AZ", "image_url": "https://firebasestorage.googleapis.com/v0/b/ut-dnr-ugs-geolmapportal-prod.firebasestorage.app/o/strat-charts%2F108_GrandCanyon.jpg?alt=media", "thumbnail_url": "https://firebasestorage.googleapis.com/v0/b/ut-dnr-ugs-geolmapportal-prod.firebasestorage.app/o/strat-charts%2Fthumbs%2F108_GrandCanyon.jpg?alt=media", "position_uncertainty_m": 18000, "source_title": "Geologic History of Utah: A Field Guide to Utah's Rocks", "source_authors": "Hintze, L.F., and Kowallis, B.J.", "source_year": "2021", "source_publisher": "Department of Geological Sciences, Brigham Young University, Provo, Utah", "source_url": "https://utahmapstore.com/products/geologic-history-of-utah-a-field-guide-to-utahs-rocks", "source_series": "", "preview_url": "https://firebasestorage.googleapis.com/v0/b/ut-dnr-ugs-geolmapportal-prod.firebasestorage.app/o/strat-charts%2Fpreviews%2F108_GrandCanyon.jpg?alt=media"}}, {"type": "Feature", "geometry": {"type": "Point", "coordinates": [-111.556104, 37.689511]}, "properties": {"chart_id": 109, "chart_title": "Escalante \u2013 Circle Cliffs", "index_label": "Escalante", "source_filename": "109_Escalante.jpg", "chart_type": "stratigraphic_column", "state": "UT", "image_url": "https://firebasestorage.googleapis.com/v0/b/ut-dnr-ugs-geolmapportal-prod.firebasestorage.app/o/strat-charts%2F109_Escalante.jpg?alt=media", "thumbnail_url": "https://firebasestorage.googleapis.com/v0/b/ut-dnr-ugs-geolmapportal-prod.firebasestorage.app/o/strat-charts%2Fthumbs%2F109_Escalante.jpg?alt=media", "position_uncertainty_m": 18000, "source_title": "Geologic History of Utah: A Field Guide to Utah's Rocks", "source_authors": "Hintze, L.F., and Kowallis, B.J.", "source_year": "2021", "source_publisher": "Department of Geological Sciences, Brigham Young University, Provo, Utah", "source_url": "https://utahmapstore.com/products/geologic-history-of-utah-a-field-guide-to-utahs-rocks", "source_series": "", "preview_url": "https://firebasestorage.googleapis.com/v0/b/ut-dnr-ugs-geolmapportal-prod.firebasestorage.app/o/strat-charts%2Fpreviews%2F109_Escalante.jpg?alt=media"}}, {"type": "Feature", "geometry": {"type": "Point", "coordinates": [-111.305131, 37.202592]}, "properties": {"chart_id": 110, "chart_title": "Glen Canyon \u2013 Kaiparowits Plateau", "index_label": "Glen Canyon", "source_filename": "110_GlenCanyon.jpg", "chart_type": "stratigraphic_column", "state": "UT", "image_url": "https://firebasestorage.googleapis.com/v0/b/ut-dnr-ugs-geolmapportal-prod.firebasestorage.app/o/strat-charts%2F110_GlenCanyon.jpg?alt=media", "thumbnail_url": "https://firebasestorage.googleapis.com/v0/b/ut-dnr-ugs-geolmapportal-prod.firebasestorage.app/o/strat-charts%2Fthumbs%2F110_GlenCanyon.jpg?alt=media", "position_uncertainty_m": 18000, "source_title": "Geologic History of Utah: A Field Guide to Utah's Rocks", "source_authors": "Hintze, L.F., and Kowallis, B.J.", "source_year": "2021", "source_publisher": "Department of Geological Sciences, Brigham Young University, Provo, Utah", "source_url": "https://utahmapstore.com/products/geologic-history-of-utah-a-field-guide-to-utahs-rocks", "source_series": "", "preview_url": "https://firebasestorage.googleapis.com/v0/b/ut-dnr-ugs-geolmapportal-prod.firebasestorage.app/o/strat-charts%2Fpreviews%2F110_GlenCanyon.jpg?alt=media"}}, {"type": "Feature", "geometry": {"type": "Point", "coordinates": [-110.376586, 37.867048]}, "properties": {"chart_id": 111, "chart_title": "Hite Crossing \u2013 White Canyon", "index_label": "Hite", "source_filename": "111_Hite.jpg", "chart_type": "stratigraphic_column", "state": "UT", "image_url": "https://firebasestorage.googleapis.com/v0/b/ut-dnr-ugs-geolmapportal-prod.firebasestorage.app/o/strat-charts%2F111_Hite.jpg?alt=media", "thumbnail_url": "https://firebasestorage.googleapis.com/v0/b/ut-dnr-ugs-geolmapportal-prod.firebasestorage.app/o/strat-charts%2Fthumbs%2F111_Hite.jpg?alt=media", "position_uncertainty_m": 18000, "source_title": "Geologic History of Utah: A Field Guide to Utah's Rocks", "source_authors": "Hintze, L.F., and Kowallis, B.J.", "source_year": "2021", "source_publisher": "Department of Geological Sciences, Brigham Young University, Provo, Utah", "source_url": "https://utahmapstore.com/products/geologic-history-of-utah-a-field-guide-to-utahs-rocks", "source_series": "", "preview_url": "https://firebasestorage.googleapis.com/v0/b/ut-dnr-ugs-geolmapportal-prod.firebasestorage.app/o/strat-charts%2Fpreviews%2F111_Hite.jpg?alt=media"}}, {"type": "Feature", "geometry": {"type": "Point", "coordinates": [-110.517593, 37.14079]}, "properties": {"chart_id": 112, "chart_title": "Lower San Juan River \u2013 Monument Valley", "index_label": "Lower San Juan", "source_filename": "112_LowerSanJuan.jpg", "chart_type": "stratigraphic_column", "state": "UT", "image_url": "https://firebasestorage.googleapis.com/v0/b/ut-dnr-ugs-geolmapportal-prod.firebasestorage.app/o/strat-charts%2F112_LowerSanJuan.jpg?alt=media", "thumbnail_url": "https://firebasestorage.googleapis.com/v0/b/ut-dnr-ugs-geolmapportal-prod.firebasestorage.app/o/strat-charts%2Fthumbs%2F112_LowerSanJuan.jpg?alt=media", "position_uncertainty_m": 18000, "source_title": "Geologic History of Utah: A Field Guide to Utah's Rocks", "source_authors": "Hintze, L.F., and Kowallis, B.J.", "source_year": "2021", "source_publisher": "Department of Geological Sciences, Brigham Young University, Provo, Utah", "source_url": "https://utahmapstore.com/products/geologic-history-of-utah-a-field-guide-to-utahs-rocks", "source_series": "", "preview_url": "https://firebasestorage.googleapis.com/v0/b/ut-dnr-ugs-geolmapportal-prod.firebasestorage.app/o/strat-charts%2Fpreviews%2F112_LowerSanJuan.jpg?alt=media"}}, {"type": "Feature", "geometry": {"type": "Point", "coordinates": [-109.469775, 38.546129]}, "properties": {"chart_id": 113, "chart_title": "Moab \u2013 Arches \u2013 La Sal Mts", "index_label": "Moab", "source_filename": "113_Moab.jpg", "chart_type": "stratigraphic_column", "state": "UT", "image_url": "https://firebasestorage.googleapis.com/v0/b/ut-dnr-ugs-geolmapportal-prod.firebasestorage.app/o/strat-charts%2F113_Moab.jpg?alt=media", "thumbnail_url": "https://firebasestorage.googleapis.com/v0/b/ut-dnr-ugs-geolmapportal-prod.firebasestorage.app/o/strat-charts%2Fthumbs%2F113_Moab.jpg?alt=media", "position_uncertainty_m": 18000, "source_title": "Geologic History of Utah: A Field Guide to Utah's Rocks", "source_authors": "Hintze, L.F., and Kowallis, B.J.", "source_year": "2021", "source_publisher": "Department of Geological Sciences, Brigham Young University, Provo, Utah", "source_url": "https://utahmapstore.com/products/geologic-history-of-utah-a-field-guide-to-utahs-rocks", "source_series": "", "preview_url": "https://firebasestorage.googleapis.com/v0/b/ut-dnr-ugs-geolmapportal-prod.firebasestorage.app/o/strat-charts%2Fpreviews%2F113_Moab.jpg?alt=media"}}, {"type": "Feature", "geometry": {"type": "Point", "coordinates": [-109.872354, 38.300494]}, "properties": {"chart_id": 114, "chart_title": "Canyonlands National Park", "index_label": "Canyon Lands", "source_filename": "114_CanyonLands.jpg", "chart_type": "stratigraphic_column", "state": "UT", "image_url": "https://firebasestorage.googleapis.com/v0/b/ut-dnr-ugs-geolmapportal-prod.firebasestorage.app/o/strat-charts%2F114_CanyonLands.jpg?alt=media", "thumbnail_url": "https://firebasestorage.googleapis.com/v0/b/ut-dnr-ugs-geolmapportal-prod.firebasestorage.app/o/strat-charts%2Fthumbs%2F114_CanyonLands.jpg?alt=media", "position_uncertainty_m": 18000, "source_title": "Geologic History of Utah: A Field Guide to Utah's Rocks", "source_authors": "Hintze, L.F., and Kowallis, B.J.", "source_year": "2021", "source_publisher": "Department of Geological Sciences, Brigham Young University, Provo, Utah", "source_url": "https://utahmapstore.com/products/geologic-history-of-utah-a-field-guide-to-utahs-rocks", "source_series": "", "preview_url": "https://firebasestorage.googleapis.com/v0/b/ut-dnr-ugs-geolmapportal-prod.firebasestorage.app/o/strat-charts%2Fpreviews%2F114_CanyonLands.jpg?alt=media"}}, {"type": "Feature", "geometry": {"type": "Point", "coordinates": [-109.442402, 37.53887]}, "properties": {"chart_id": 115, "chart_title": "Monticello \u2013 Bluff \u2013 Aneth", "index_label": "Monticello", "source_filename": "115_Monticello.jpg", "chart_type": "stratigraphic_column", "state": "UT", "image_url": "https://firebasestorage.googleapis.com/v0/b/ut-dnr-ugs-geolmapportal-prod.firebasestorage.app/o/strat-charts%2F115_Monticello.jpg?alt=media", "thumbnail_url": "https://firebasestorage.googleapis.com/v0/b/ut-dnr-ugs-geolmapportal-prod.firebasestorage.app/o/strat-charts%2Fthumbs%2F115_Monticello.jpg?alt=media", "position_uncertainty_m": 18000, "source_title": "Geologic History of Utah: A Field Guide to Utah's Rocks", "source_authors": "Hintze, L.F., and Kowallis, B.J.", "source_year": "2021", "source_publisher": "Department of Geological Sciences, Brigham Young University, Provo, Utah", "source_url": "https://utahmapstore.com/products/geologic-history-of-utah-a-field-guide-to-utahs-rocks", "source_series": "", "preview_url": "https://firebasestorage.googleapis.com/v0/b/ut-dnr-ugs-geolmapportal-prod.firebasestorage.app/o/strat-charts%2Fpreviews%2F115_Monticello.jpg?alt=media"}}, {"type": "Feature", "geometry": {"type": "Point", "coordinates": [-109.804239, 37.168003]}, "properties": {"chart_id": 116, "chart_title": "Mexican Hat \u2013 Comb Ridge", "index_label": "Mexican Hat", "source_filename": "116_MexicanHat.jpg", "chart_type": "stratigraphic_column", "state": "UT", "image_url": "https://firebasestorage.googleapis.com/v0/b/ut-dnr-ugs-geolmapportal-prod.firebasestorage.app/o/strat-charts%2F116_MexicanHat.jpg?alt=media", "thumbnail_url": "https://firebasestorage.googleapis.com/v0/b/ut-dnr-ugs-geolmapportal-prod.firebasestorage.app/o/strat-charts%2Fthumbs%2F116_MexicanHat.jpg?alt=media", "position_uncertainty_m": 18000, "source_title": "Geologic History of Utah: A Field Guide to Utah's Rocks", "source_authors": "Hintze, L.F., and Kowallis, B.J.", "source_year": "2021", "source_publisher": "Department of Geological Sciences, Brigham Young University, Provo, Utah", "source_url": "https://utahmapstore.com/products/geologic-history-of-utah-a-field-guide-to-utahs-rocks", "source_series": "", "preview_url": "https://firebasestorage.googleapis.com/v0/b/ut-dnr-ugs-geolmapportal-prod.firebasestorage.app/o/strat-charts%2Fpreviews%2F116_MexicanHat.jpg?alt=media"}}, {"type": "Feature", "geometry": {"type": "Point", "coordinates": [-110.294834, 40.898253]}, "properties": {"chart_id": 117, "chart_title": "Kings Peak Area", "index_label": "Kings Peak", "source_filename": "117_Kings Peak.jpg", "chart_type": "stratigraphic_column", "state": "UT", "image_url": "https://firebasestorage.googleapis.com/v0/b/ut-dnr-ugs-geolmapportal-prod.firebasestorage.app/o/strat-charts%2F117_Kings%20Peak.jpg?alt=media", "thumbnail_url": "https://firebasestorage.googleapis.com/v0/b/ut-dnr-ugs-geolmapportal-prod.firebasestorage.app/o/strat-charts%2Fthumbs%2F117_Kings%20Peak.jpg?alt=media", "position_uncertainty_m": 18000, "source_title": "Geologic History of Utah: A Field Guide to Utah's Rocks", "source_authors": "Hintze, L.F., and Kowallis, B.J.", "source_year": "2021", "source_publisher": "Department of Geological Sciences, Brigham Young University, Provo, Utah", "source_url": "https://utahmapstore.com/products/geologic-history-of-utah-a-field-guide-to-utahs-rocks", "source_series": "", "preview_url": "https://firebasestorage.googleapis.com/v0/b/ut-dnr-ugs-geolmapportal-prod.firebasestorage.app/o/strat-charts%2Fpreviews%2F117_Kings%20Peak.jpg?alt=media"}}, {"type": "Feature", "geometry": {"type": "Point", "coordinates": [-109.92012, 40.645202]}, "properties": {"chart_id": 118, "chart_title": "Vernal NW Area", "index_label": "Vernal NW", "source_filename": "118_VernalNW.jpg", "chart_type": "stratigraphic_column", "state": "UT", "image_url": "https://firebasestorage.googleapis.com/v0/b/ut-dnr-ugs-geolmapportal-prod.firebasestorage.app/o/strat-charts%2F118_VernalNW.jpg?alt=media", "thumbnail_url": "https://firebasestorage.googleapis.com/v0/b/ut-dnr-ugs-geolmapportal-prod.firebasestorage.app/o/strat-charts%2Fthumbs%2F118_VernalNW.jpg?alt=media", "position_uncertainty_m": 18000, "source_title": "Geologic History of Utah: A Field Guide to Utah's Rocks", "source_authors": "Hintze, L.F., and Kowallis, B.J.", "source_year": "2021", "source_publisher": "Department of Geological Sciences, Brigham Young University, Provo, Utah", "source_url": "https://utahmapstore.com/products/geologic-history-of-utah-a-field-guide-to-utahs-rocks", "source_series": "", "preview_url": "https://firebasestorage.googleapis.com/v0/b/ut-dnr-ugs-geolmapportal-prod.firebasestorage.app/o/strat-charts%2Fpreviews%2F118_VernalNW.jpg?alt=media"}}, {"type": "Feature", "geometry": {"type": "Point", "coordinates": [-109.845675, 40.811628]}, "properties": {"chart_id": 119, "chart_title": "Dry Fork / Steinaker Reservoir", "index_label": "Dry Fork Steinaker", "source_filename": "119_DryForkSteinaker.jpg", "chart_type": "stratigraphic_column", "state": "UT", "image_url": "https://firebasestorage.googleapis.com/v0/b/ut-dnr-ugs-geolmapportal-prod.firebasestorage.app/o/strat-charts%2F119_DryForkSteinaker.jpg?alt=media", "thumbnail_url": "https://firebasestorage.googleapis.com/v0/b/ut-dnr-ugs-geolmapportal-prod.firebasestorage.app/o/strat-charts%2Fthumbs%2F119_DryForkSteinaker.jpg?alt=media", "position_uncertainty_m": 18000, "source_title": "Geologic History of Utah: A Field Guide to Utah's Rocks", "source_authors": "Hintze, L.F., and Kowallis, B.J.", "source_year": "2021", "source_publisher": "Department of Geological Sciences, Brigham Young University, Provo, Utah", "source_url": "https://utahmapstore.com/products/geologic-history-of-utah-a-field-guide-to-utahs-rocks", "source_series": "", "preview_url": "https://firebasestorage.googleapis.com/v0/b/ut-dnr-ugs-geolmapportal-prod.firebasestorage.app/o/strat-charts%2Fpreviews%2F119_DryForkSteinaker.jpg?alt=media"}}, {"type": "Feature", "geometry": {"type": "Point", "coordinates": [-109.930007, 41.036871]}, "properties": {"chart_id": 120, "chart_title": "Phil Pico Mountain Area", "index_label": "Phil Pico Mountain", "source_filename": "120_Phil Pico Mountain.jpg", "chart_type": "stratigraphic_column", "state": "WY", "image_url": "https://firebasestorage.googleapis.com/v0/b/ut-dnr-ugs-geolmapportal-prod.firebasestorage.app/o/strat-charts%2F120_Phil%20Pico%20Mountain.jpg?alt=media", "thumbnail_url": "https://firebasestorage.googleapis.com/v0/b/ut-dnr-ugs-geolmapportal-prod.firebasestorage.app/o/strat-charts%2Fthumbs%2F120_Phil%20Pico%20Mountain.jpg?alt=media", "position_uncertainty_m": 18000, "source_title": "Geologic History of Utah: A Field Guide to Utah's Rocks", "source_authors": "Hintze, L.F., and Kowallis, B.J.", "source_year": "2021", "source_publisher": "Department of Geological Sciences, Brigham Young University, Provo, Utah", "source_url": "https://utahmapstore.com/products/geologic-history-of-utah-a-field-guide-to-utahs-rocks", "source_series": "", "preview_url": "https://firebasestorage.googleapis.com/v0/b/ut-dnr-ugs-geolmapportal-prod.firebasestorage.app/o/strat-charts%2Fpreviews%2F120_Phil%20Pico%20Mountain.jpg?alt=media"}}, {"type": "Feature", "geometry": {"type": "Point", "coordinates": [-109.55718, 39.676824]}, "properties": {"chart_id": 121, "chart_title": "Agency Draw", "index_label": "Agency Draw", "source_filename": "121_Agency Draw.jpg", "chart_type": "stratigraphic_column", "state": "UT", "image_url": "https://firebasestorage.googleapis.com/v0/b/ut-dnr-ugs-geolmapportal-prod.firebasestorage.app/o/strat-charts%2F121_Agency%20Draw.jpg?alt=media", "thumbnail_url": "https://firebasestorage.googleapis.com/v0/b/ut-dnr-ugs-geolmapportal-prod.firebasestorage.app/o/strat-charts%2Fthumbs%2F121_Agency%20Draw.jpg?alt=media", "position_uncertainty_m": 18000, "source_title": "Geologic History of Utah: A Field Guide to Utah's Rocks", "source_authors": "Hintze, L.F., and Kowallis, B.J.", "source_year": "2021", "source_publisher": "Department of Geological Sciences, Brigham Young University, Provo, Utah", "source_url": "https://utahmapstore.com/products/geologic-history-of-utah-a-field-guide-to-utahs-rocks", "source_series": "", "preview_url": "https://firebasestorage.googleapis.com/v0/b/ut-dnr-ugs-geolmapportal-prod.firebasestorage.app/o/strat-charts%2Fpreviews%2F121_Agency%20Draw.jpg?alt=media"}}, {"type": "Feature", "geometry": {"type": "Point", "coordinates": [-112.603806, 39.755925]}, "properties": {"chart_id": 122, "chart_title": "Desert Mountain \u2013 Allison Knolls", "index_label": "Desert Mountain", "source_filename": "122_Desert Mountain.jpg", "chart_type": "stratigraphic_column", "state": "UT", "image_url": "https://firebasestorage.googleapis.com/v0/b/ut-dnr-ugs-geolmapportal-prod.firebasestorage.app/o/strat-charts%2F122_Desert%20Mountain.jpg?alt=media", "thumbnail_url": "https://firebasestorage.googleapis.com/v0/b/ut-dnr-ugs-geolmapportal-prod.firebasestorage.app/o/strat-charts%2Fthumbs%2F122_Desert%20Mountain.jpg?alt=media", "position_uncertainty_m": 18000, "source_title": "Geologic History of Utah: A Field Guide to Utah's Rocks", "source_authors": "Hintze, L.F., and Kowallis, B.J.", "source_year": "2021", "source_publisher": "Department of Geological Sciences, Brigham Young University, Provo, Utah", "source_url": "https://utahmapstore.com/products/geologic-history-of-utah-a-field-guide-to-utahs-rocks", "source_series": "", "preview_url": "https://firebasestorage.googleapis.com/v0/b/ut-dnr-ugs-geolmapportal-prod.firebasestorage.app/o/strat-charts%2Fpreviews%2F122_Desert%20Mountain.jpg?alt=media"}}, {"type": "Feature", "geometry": {"type": "Point", "coordinates": [-110.115351, 37.564836]}, "properties": {"chart_id": 123, "chart_title": "Natural Bridges Natl. Mon.", "index_label": "Natural Bridges", "source_filename": "123_NaturalBridges.jpg", "chart_type": "stratigraphic_column", "state": "UT", "image_url": "https://firebasestorage.googleapis.com/v0/b/ut-dnr-ugs-geolmapportal-prod.firebasestorage.app/o/strat-charts%2F123_NaturalBridges.jpg?alt=media", "thumbnail_url": "https://firebasestorage.googleapis.com/v0/b/ut-dnr-ugs-geolmapportal-prod.firebasestorage.app/o/strat-charts%2Fthumbs%2F123_NaturalBridges.jpg?alt=media", "position_uncertainty_m": 18000, "source_title": "Geologic History of Utah: A Field Guide to Utah's Rocks", "source_authors": "Hintze, L.F., and Kowallis, B.J.", "source_year": "2021", "source_publisher": "Department of Geological Sciences, Brigham Young University, Provo, Utah", "source_url": "https://utahmapstore.com/products/geologic-history-of-utah-a-field-guide-to-utahs-rocks", "source_series": "", "preview_url": "https://firebasestorage.googleapis.com/v0/b/ut-dnr-ugs-geolmapportal-prod.firebasestorage.app/o/strat-charts%2Fpreviews%2F123_NaturalBridges.jpg?alt=media"}}]}