chart_id,chart_title,index_label,source_filename,chart_type,longitude,latitude,state,image_url,thumbnail_url,preview_url,position_uncertainty_m,source_title,source_authors,source_year,source_publisher,source_url,source_series
1,"Albion Mountains, Idaho",Albion,001_Albion.jpg,stratigraphic_column,-113.639769,42.086661,ID,https://firebasestorage.googleapis.com/v0/b/ut-dnr-ugs-geolmapportal-prod.firebasestorage.app/o/strat-charts%2F001_Albion.jpg?alt=media,https://firebasestorage.googleapis.com/v0/b/ut-dnr-ugs-geolmapportal-prod.firebasestorage.app/o/strat-charts%2Fthumbs%2F001_Albion.jpg?alt=media,https://firebasestorage.googleapis.com/v0/b/ut-dnr-ugs-geolmapportal-prod.firebasestorage.app/o/strat-charts%2Fpreviews%2F001_Albion.jpg?alt=media,18000,Geologic History of Utah: A Field Guide to Utah's Rocks,"Hintze, L.F., and Kowallis, B.J.",2021,"Department of Geological Sciences, Brigham Young University, Provo, Utah",https://utahmapstore.com/products/geologic-history-of-utah-a-field-guide-to-utahs-rocks,
2,Raft River Range,Raft River,002_RaftRiver.jpg,stratigraphic_column,-113.417086,41.915036,UT,https://firebasestorage.googleapis.com/v0/b/ut-dnr-ugs-geolmapportal-prod.firebasestorage.app/o/strat-charts%2F002_RaftRiver.jpg?alt=media,https://firebasestorage.googleapis.com/v0/b/ut-dnr-ugs-geolmapportal-prod.firebasestorage.app/o/strat-charts%2Fthumbs%2F002_RaftRiver.jpg?alt=media,https://firebasestorage.googleapis.com/v0/b/ut-dnr-ugs-geolmapportal-prod.firebasestorage.app/o/strat-charts%2Fpreviews%2F002_RaftRiver.jpg?alt=media,18000,Geologic History of Utah: A Field Guide to Utah's Rocks,"Hintze, L.F., and Kowallis, B.J.",2021,"Department of Geological Sciences, Brigham Young University, Provo, Utah",https://utahmapstore.com/products/geologic-history-of-utah-a-field-guide-to-utahs-rocks,
3,Strevell – Black Pine Mts,Strevell,003_Strevell.jpg,stratigraphic_column,-113.159693,42.044612,ID,https://firebasestorage.googleapis.com/v0/b/ut-dnr-ugs-geolmapportal-prod.firebasestorage.app/o/strat-charts%2F003_Strevell.jpg?alt=media,https://firebasestorage.googleapis.com/v0/b/ut-dnr-ugs-geolmapportal-prod.firebasestorage.app/o/strat-charts%2Fthumbs%2F003_Strevell.jpg?alt=media,https://firebasestorage.googleapis.com/v0/b/ut-dnr-ugs-geolmapportal-prod.firebasestorage.app/o/strat-charts%2Fpreviews%2F003_Strevell.jpg?alt=media,18000,Geologic History of Utah: A Field Guide to Utah's Rocks,"Hintze, L.F., and Kowallis, B.J.",2021,"Department of Geological Sciences, Brigham Young University, Provo, Utah",https://utahmapstore.com/products/geologic-history-of-utah-a-field-guide-to-utahs-rocks,
4,"Curlew Valley – Sublette Range, Utah–Idaho",Curlew Valley,004_CurlewValley.jpg,stratigraphic_column,-112.750286,42.006586,ID,https://firebasestorage.googleapis.com/v0/b/ut-dnr-ugs-geolmapportal-prod.firebasestorage.app/o/strat-charts%2F004_CurlewValley.jpg?alt=media,https://firebasestorage.googleapis.com/v0/b/ut-dnr-ugs-geolmapportal-prod.firebasestorage.app/o/strat-charts%2Fthumbs%2F004_CurlewValley.jpg?alt=media,https://firebasestorage.googleapis.com/v0/b/ut-dnr-ugs-geolmapportal-prod.firebasestorage.app/o/strat-charts%2Fpreviews%2F004_CurlewValley.jpg?alt=media,18000,Geologic History of Utah: A Field Guide to Utah's Rocks,"Hintze, L.F., and Kowallis, B.J.",2021,"Department of Geological Sciences, Brigham Young University, Provo, Utah",https://utahmapstore.com/products/geologic-history-of-utah-a-field-guide-to-utahs-rocks,
5,Goose Creek & Rhyolite Mts,Goose Creek,005_GooseCreek.jpg,stratigraphic_column,-113.969509,41.819863,UT,https://firebasestorage.googleapis.com/v0/b/ut-dnr-ugs-geolmapportal-prod.firebasestorage.app/o/strat-charts%2F005_GooseCreek.jpg?alt=media,https://firebasestorage.googleapis.com/v0/b/ut-dnr-ugs-geolmapportal-prod.firebasestorage.app/o/strat-charts%2Fthumbs%2F005_GooseCreek.jpg?alt=media,https://firebasestorage.googleapis.com/v0/b/ut-dnr-ugs-geolmapportal-prod.firebasestorage.app/o/strat-charts%2Fpreviews%2F005_GooseCreek.jpg?alt=media,18000,Geologic History of Utah: A Field Guide to Utah's Rocks,"Hintze, L.F., and Kowallis, B.J.",2021,"Department of Geological Sciences, Brigham Young University, Provo, Utah",https://utahmapstore.com/products/geologic-history-of-utah-a-field-guide-to-utahs-rocks,
6,Grouse Creek & Matlin Mts,Grouse Creek,006_GrouseCreek.jpg,stratigraphic_column,-113.701106,41.663430,UT,https://firebasestorage.googleapis.com/v0/b/ut-dnr-ugs-geolmapportal-prod.firebasestorage.app/o/strat-charts%2F006_GrouseCreek.jpg?alt=media,https://firebasestorage.googleapis.com/v0/b/ut-dnr-ugs-geolmapportal-prod.firebasestorage.app/o/strat-charts%2Fthumbs%2F006_GrouseCreek.jpg?alt=media,https://firebasestorage.googleapis.com/v0/b/ut-dnr-ugs-geolmapportal-prod.firebasestorage.app/o/strat-charts%2Fpreviews%2F006_GrouseCreek.jpg?alt=media,18000,Geologic History of Utah: A Field Guide to Utah's Rocks,"Hintze, L.F., and Kowallis, B.J.",2021,"Department of Geological Sciences, Brigham Young University, Provo, Utah",https://utahmapstore.com/products/geologic-history-of-utah-a-field-guide-to-utahs-rocks,
7,Blue Spring Hills,Blue Spring,007_BlueSpring.jpg,stratigraphic_column,-112.376867,41.694634,UT,https://firebasestorage.googleapis.com/v0/b/ut-dnr-ugs-geolmapportal-prod.firebasestorage.app/o/strat-charts%2F007_BlueSpring.jpg?alt=media,https://firebasestorage.googleapis.com/v0/b/ut-dnr-ugs-geolmapportal-prod.firebasestorage.app/o/strat-charts%2Fthumbs%2F007_BlueSpring.jpg?alt=media,https://firebasestorage.googleapis.com/v0/b/ut-dnr-ugs-geolmapportal-prod.firebasestorage.app/o/strat-charts%2Fpreviews%2F007_BlueSpring.jpg?alt=media,18000,Geologic History of Utah: A Field Guide to Utah's Rocks,"Hintze, L.F., and Kowallis, B.J.",2021,"Department of Geological Sciences, Brigham Young University, Provo, Utah",https://utahmapstore.com/products/geologic-history-of-utah-a-field-guide-to-utahs-rocks,
8,"Portage, Utah – Samaria, Idaho",Portage,008_Portage.jpg,stratigraphic_column,-112.337427,41.945191,UT,https://firebasestorage.googleapis.com/v0/b/ut-dnr-ugs-geolmapportal-prod.firebasestorage.app/o/strat-charts%2F008_Portage.jpg?alt=media,https://firebasestorage.googleapis.com/v0/b/ut-dnr-ugs-geolmapportal-prod.firebasestorage.app/o/strat-charts%2Fthumbs%2F008_Portage.jpg?alt=media,https://firebasestorage.googleapis.com/v0/b/ut-dnr-ugs-geolmapportal-prod.firebasestorage.app/o/strat-charts%2Fpreviews%2F008_Portage.jpg?alt=media,18000,Geologic History of Utah: A Field Guide to Utah's Rocks,"Hintze, L.F., and Kowallis, B.J.",2021,"Department of Geological Sciences, Brigham Young University, Provo, Utah",https://utahmapstore.com/products/geologic-history-of-utah-a-field-guide-to-utahs-rocks,
9,Terrace Mountain,Terrace Mountain,009_TerraceMountain.jpg,stratigraphic_column,-113.508680,41.482738,UT,https://firebasestorage.googleapis.com/v0/b/ut-dnr-ugs-geolmapportal-prod.firebasestorage.app/o/strat-charts%2F009_TerraceMountain.jpg?alt=media,https://firebasestorage.googleapis.com/v0/b/ut-dnr-ugs-geolmapportal-prod.firebasestorage.app/o/strat-charts%2Fthumbs%2F009_TerraceMountain.jpg?alt=media,https://firebasestorage.googleapis.com/v0/b/ut-dnr-ugs-geolmapportal-prod.firebasestorage.app/o/strat-charts%2Fpreviews%2F009_TerraceMountain.jpg?alt=media,18000,Geologic History of Utah: A Field Guide to Utah's Rocks,"Hintze, L.F., and Kowallis, B.J.",2021,"Department of Geological Sciences, Brigham Young University, Provo, Utah",https://utahmapstore.com/products/geologic-history-of-utah-a-field-guide-to-utahs-rocks,
10,Hogup Mountains,Hogup,010_Hogup.jpg,stratigraphic_column,-113.185171,41.532578,UT,https://firebasestorage.googleapis.com/v0/b/ut-dnr-ugs-geolmapportal-prod.firebasestorage.app/o/strat-charts%2F010_Hogup.jpg?alt=media,https://firebasestorage.googleapis.com/v0/b/ut-dnr-ugs-geolmapportal-prod.firebasestorage.app/o/strat-charts%2Fthumbs%2F010_Hogup.jpg?alt=media,https://firebasestorage.googleapis.com/v0/b/ut-dnr-ugs-geolmapportal-prod.firebasestorage.app/o/strat-charts%2Fpreviews%2F010_Hogup.jpg?alt=media,18000,Geologic History of Utah: A Field Guide to Utah's Rocks,"Hintze, L.F., and Kowallis, B.J.",2021,"Department of Geological Sciences, Brigham Young University, Provo, Utah",https://utahmapstore.com/products/geologic-history-of-utah-a-field-guide-to-utahs-rocks,
11,Lucin Area,Lucin,011_Lucin.jpg,stratigraphic_column,-114.010434,41.439292,UT,https://firebasestorage.googleapis.com/v0/b/ut-dnr-ugs-geolmapportal-prod.firebasestorage.app/o/strat-charts%2F011_Lucin.jpg?alt=media,https://firebasestorage.googleapis.com/v0/b/ut-dnr-ugs-geolmapportal-prod.firebasestorage.app/o/strat-charts%2Fthumbs%2F011_Lucin.jpg?alt=media,https://firebasestorage.googleapis.com/v0/b/ut-dnr-ugs-geolmapportal-prod.firebasestorage.app/o/strat-charts%2Fpreviews%2F011_Lucin.jpg?alt=media,18000,Geologic History of Utah: A Field Guide to Utah's Rocks,"Hintze, L.F., and Kowallis, B.J.",2021,"Department of Geological Sciences, Brigham Young University, Provo, Utah",https://utahmapstore.com/products/geologic-history-of-utah-a-field-guide-to-utahs-rocks,
12,Lemay Island Area,Lemay Island,012_LemayIsland.jpg,stratigraphic_column,-113.764945,41.341045,UT,https://firebasestorage.googleapis.com/v0/b/ut-dnr-ugs-geolmapportal-prod.firebasestorage.app/o/strat-charts%2F012_LemayIsland.jpg?alt=media,https://firebasestorage.googleapis.com/v0/b/ut-dnr-ugs-geolmapportal-prod.firebasestorage.app/o/strat-charts%2Fthumbs%2F012_LemayIsland.jpg?alt=media,https://firebasestorage.googleapis.com/v0/b/ut-dnr-ugs-geolmapportal-prod.firebasestorage.app/o/strat-charts%2Fpreviews%2F012_LemayIsland.jpg?alt=media,18000,Geologic History of Utah: A Field Guide to Utah's Rocks,"Hintze, L.F., and Kowallis, B.J.",2021,"Department of Geological Sciences, Brigham Young University, Provo, Utah",https://utahmapstore.com/products/geologic-history-of-utah-a-field-guide-to-utahs-rocks,
13,"Pilot Range, Utah – Nevada",Pilot Range,013_PilotRange.jpg,stratigraphic_column,-114.041214,41.212804,UT,https://firebasestorage.googleapis.com/v0/b/ut-dnr-ugs-geolmapportal-prod.firebasestorage.app/o/strat-charts%2F013_PilotRange.jpg?alt=media,https://firebasestorage.googleapis.com/v0/b/ut-dnr-ugs-geolmapportal-prod.firebasestorage.app/o/strat-charts%2Fthumbs%2F013_PilotRange.jpg?alt=media,https://firebasestorage.googleapis.com/v0/b/ut-dnr-ugs-geolmapportal-prod.firebasestorage.app/o/strat-charts%2Fpreviews%2F013_PilotRange.jpg?alt=media,18000,Geologic History of Utah: A Field Guide to Utah's Rocks,"Hintze, L.F., and Kowallis, B.J.",2021,"Department of Geological Sciences, Brigham Young University, Provo, Utah",https://utahmapstore.com/products/geologic-history-of-utah-a-field-guide-to-utahs-rocks,
14,Crater Island,Crater Island,014_CraterIsland.jpg,stratigraphic_column,-113.706568,41.106534,UT,https://firebasestorage.googleapis.com/v0/b/ut-dnr-ugs-geolmapportal-prod.firebasestorage.app/o/strat-charts%2F014_CraterIsland.jpg?alt=media,https://firebasestorage.googleapis.com/v0/b/ut-dnr-ugs-geolmapportal-prod.firebasestorage.app/o/strat-charts%2Fthumbs%2F014_CraterIsland.jpg?alt=media,https://firebasestorage.googleapis.com/v0/b/ut-dnr-ugs-geolmapportal-prod.firebasestorage.app/o/strat-charts%2Fpreviews%2F014_CraterIsland.jpg?alt=media,18000,Geologic History of Utah: A Field Guide to Utah's Rocks,"Hintze, L.F., and Kowallis, B.J.",2021,"Department of Geological Sciences, Brigham Young University, Provo, Utah",https://utahmapstore.com/products/geologic-history-of-utah-a-field-guide-to-utahs-rocks,
15,Silver Island Mts,Silver Island,015_SilverIsland.jpg,stratigraphic_column,-113.947453,41.015971,UT,https://firebasestorage.googleapis.com/v0/b/ut-dnr-ugs-geolmapportal-prod.firebasestorage.app/o/strat-charts%2F015_SilverIsland.jpg?alt=media,https://firebasestorage.googleapis.com/v0/b/ut-dnr-ugs-geolmapportal-prod.firebasestorage.app/o/strat-charts%2Fthumbs%2F015_SilverIsland.jpg?alt=media,https://firebasestorage.googleapis.com/v0/b/ut-dnr-ugs-geolmapportal-prod.firebasestorage.app/o/strat-charts%2Fpreviews%2F015_SilverIsland.jpg?alt=media,18000,Geologic History of Utah: A Field Guide to Utah's Rocks,"Hintze, L.F., and Kowallis, B.J.",2021,"Department of Geological Sciences, Brigham Young University, Provo, Utah",https://utahmapstore.com/products/geologic-history-of-utah-a-field-guide-to-utahs-rocks,
16,Wendover – Leppy Hills,Wendover,016_Wendover.jpg,stratigraphic_column,-114.061801,40.810941,NV,https://firebasestorage.googleapis.com/v0/b/ut-dnr-ugs-geolmapportal-prod.firebasestorage.app/o/strat-charts%2F016_Wendover.jpg?alt=media,https://firebasestorage.googleapis.com/v0/b/ut-dnr-ugs-geolmapportal-prod.firebasestorage.app/o/strat-charts%2Fthumbs%2F016_Wendover.jpg?alt=media,https://firebasestorage.googleapis.com/v0/b/ut-dnr-ugs-geolmapportal-prod.firebasestorage.app/o/strat-charts%2Fpreviews%2F016_Wendover.jpg?alt=media,18000,Geologic History of Utah: A Field Guide to Utah's Rocks,"Hintze, L.F., and Kowallis, B.J.",2021,"Department of Geological Sciences, Brigham Young University, Provo, Utah",https://utahmapstore.com/products/geologic-history-of-utah-a-field-guide-to-utahs-rocks,
17,Newfoundland Mountains,Newfoundland,017_Newfoundland.jpg,stratigraphic_column,-113.338149,41.158967,UT,https://firebasestorage.googleapis.com/v0/b/ut-dnr-ugs-geolmapportal-prod.firebasestorage.app/o/strat-charts%2F017_Newfoundland.jpg?alt=media,https://firebasestorage.googleapis.com/v0/b/ut-dnr-ugs-geolmapportal-prod.firebasestorage.app/o/strat-charts%2Fthumbs%2F017_Newfoundland.jpg?alt=media,https://firebasestorage.googleapis.com/v0/b/ut-dnr-ugs-geolmapportal-prod.firebasestorage.app/o/strat-charts%2Fpreviews%2F017_Newfoundland.jpg?alt=media,18000,Geologic History of Utah: A Field Guide to Utah's Rocks,"Hintze, L.F., and Kowallis, B.J.",2021,"Department of Geological Sciences, Brigham Young University, Provo, Utah",https://utahmapstore.com/products/geologic-history-of-utah-a-field-guide-to-utahs-rocks,
18,Promontory Range,Promontory,018_Promontory.jpg,stratigraphic_column,-112.492248,41.403183,UT,https://firebasestorage.googleapis.com/v0/b/ut-dnr-ugs-geolmapportal-prod.firebasestorage.app/o/strat-charts%2F018_Promontory.jpg?alt=media,https://firebasestorage.googleapis.com/v0/b/ut-dnr-ugs-geolmapportal-prod.firebasestorage.app/o/strat-charts%2Fthumbs%2F018_Promontory.jpg?alt=media,https://firebasestorage.googleapis.com/v0/b/ut-dnr-ugs-geolmapportal-prod.firebasestorage.app/o/strat-charts%2Fpreviews%2F018_Promontory.jpg?alt=media,18000,Geologic History of Utah: A Field Guide to Utah's Rocks,"Hintze, L.F., and Kowallis, B.J.",2021,"Department of Geological Sciences, Brigham Young University, Provo, Utah",https://utahmapstore.com/products/geologic-history-of-utah-a-field-guide-to-utahs-rocks,
19,Lakeside & Grassy Mountains,Lakeside,019_Lakeside.jpg,stratigraphic_column,-112.865381,40.946728,UT,https://firebasestorage.googleapis.com/v0/b/ut-dnr-ugs-geolmapportal-prod.firebasestorage.app/o/strat-charts%2F019_Lakeside.jpg?alt=media,https://firebasestorage.googleapis.com/v0/b/ut-dnr-ugs-geolmapportal-prod.firebasestorage.app/o/strat-charts%2Fthumbs%2F019_Lakeside.jpg?alt=media,https://firebasestorage.googleapis.com/v0/b/ut-dnr-ugs-geolmapportal-prod.firebasestorage.app/o/strat-charts%2Fpreviews%2F019_Lakeside.jpg?alt=media,18000,Geologic History of Utah: A Field Guide to Utah's Rocks,"Hintze, L.F., and Kowallis, B.J.",2021,"Department of Geological Sciences, Brigham Young University, Provo, Utah",https://utahmapstore.com/products/geologic-history-of-utah-a-field-guide-to-utahs-rocks,
20,Cedar Mountains,Cedar Mountains,020_CedarMountains.jpg,stratigraphic_column,-112.931994,40.576423,UT,https://firebasestorage.googleapis.com/v0/b/ut-dnr-ugs-geolmapportal-prod.firebasestorage.app/o/strat-charts%2F020_CedarMountains.jpg?alt=media,https://firebasestorage.googleapis.com/v0/b/ut-dnr-ugs-geolmapportal-prod.firebasestorage.app/o/strat-charts%2Fthumbs%2F020_CedarMountains.jpg?alt=media,https://firebasestorage.googleapis.com/v0/b/ut-dnr-ugs-geolmapportal-prod.firebasestorage.app/o/strat-charts%2Fpreviews%2F020_CedarMountains.jpg?alt=media,18000,Geologic History of Utah: A Field Guide to Utah's Rocks,"Hintze, L.F., and Kowallis, B.J.",2021,"Department of Geological Sciences, Brigham Young University, Provo, Utah",https://utahmapstore.com/products/geologic-history-of-utah-a-field-guide-to-utahs-rocks,
21,Clarkston Mt – Malad Range,Clarkston,021_Clarkston.jpg,stratigraphic_column,-112.027094,41.957499,UT,https://firebasestorage.googleapis.com/v0/b/ut-dnr-ugs-geolmapportal-prod.firebasestorage.app/o/strat-charts%2F021_Clarkston.jpg?alt=media,https://firebasestorage.googleapis.com/v0/b/ut-dnr-ugs-geolmapportal-prod.firebasestorage.app/o/strat-charts%2Fthumbs%2F021_Clarkston.jpg?alt=media,https://firebasestorage.googleapis.com/v0/b/ut-dnr-ugs-geolmapportal-prod.firebasestorage.app/o/strat-charts%2Fpreviews%2F021_Clarkston.jpg?alt=media,18000,Geologic History of Utah: A Field Guide to Utah's Rocks,"Hintze, L.F., and Kowallis, B.J.",2021,"Department of Geological Sciences, Brigham Young University, Provo, Utah",https://utahmapstore.com/products/geologic-history-of-utah-a-field-guide-to-utahs-rocks,
22,"Preston – Pocatello, Idaho",Preston,022_Preston.jpg,stratigraphic_column,-111.704921,42.084617,ID,https://firebasestorage.googleapis.com/v0/b/ut-dnr-ugs-geolmapportal-prod.firebasestorage.app/o/strat-charts%2F022_Preston.jpg?alt=media,https://firebasestorage.googleapis.com/v0/b/ut-dnr-ugs-geolmapportal-prod.firebasestorage.app/o/strat-charts%2Fthumbs%2F022_Preston.jpg?alt=media,https://firebasestorage.googleapis.com/v0/b/ut-dnr-ugs-geolmapportal-prod.firebasestorage.app/o/strat-charts%2Fpreviews%2F022_Preston.jpg?alt=media,18000,Geologic History of Utah: A Field Guide to Utah's Rocks,"Hintze, L.F., and Kowallis, B.J.",2021,"Department of Geological Sciences, Brigham Young University, Provo, Utah",https://utahmapstore.com/products/geologic-history-of-utah-a-field-guide-to-utahs-rocks,
23,Brigham City – Wellsville Mtn,Brigham Wellsville,023_BrighamWellsville.jpg,stratigraphic_column,-111.958414,41.551134,UT,https://firebasestorage.googleapis.com/v0/b/ut-dnr-ugs-geolmapportal-prod.firebasestorage.app/o/strat-charts%2F023_BrighamWellsville.jpg?alt=media,https://firebasestorage.googleapis.com/v0/b/ut-dnr-ugs-geolmapportal-prod.firebasestorage.app/o/strat-charts%2Fthumbs%2F023_BrighamWellsville.jpg?alt=media,https://firebasestorage.googleapis.com/v0/b/ut-dnr-ugs-geolmapportal-prod.firebasestorage.app/o/strat-charts%2Fpreviews%2F023_BrighamWellsville.jpg?alt=media,18000,Geologic History of Utah: A Field Guide to Utah's Rocks,"Hintze, L.F., and Kowallis, B.J.",2021,"Department of Geological Sciences, Brigham Young University, Provo, Utah",https://utahmapstore.com/products/geologic-history-of-utah-a-field-guide-to-utahs-rocks,
24,Logan – Bear River Range,Logan,024_Logan.jpg,stratigraphic_column,-111.669034,41.783015,UT,https://firebasestorage.googleapis.com/v0/b/ut-dnr-ugs-geolmapportal-prod.firebasestorage.app/o/strat-charts%2F024_Logan.jpg?alt=media,https://firebasestorage.googleapis.com/v0/b/ut-dnr-ugs-geolmapportal-prod.firebasestorage.app/o/strat-charts%2Fthumbs%2F024_Logan.jpg?alt=media,https://firebasestorage.googleapis.com/v0/b/ut-dnr-ugs-geolmapportal-prod.firebasestorage.app/o/strat-charts%2Fpreviews%2F024_Logan.jpg?alt=media,18000,Geologic History of Utah: A Field Guide to Utah's Rocks,"Hintze, L.F., and Kowallis, B.J.",2021,"Department of Geological Sciences, Brigham Young University, Provo, Utah",https://utahmapstore.com/products/geologic-history-of-utah-a-field-guide-to-utahs-rocks,
25,Ogden – Farmington Canyon,Ogden,025_Ogden.jpg,stratigraphic_column,-111.838080,41.206015,UT,https://firebasestorage.googleapis.com/v0/b/ut-dnr-ugs-geolmapportal-prod.firebasestorage.app/o/strat-charts%2F025_Ogden.jpg?alt=media,https://firebasestorage.googleapis.com/v0/b/ut-dnr-ugs-geolmapportal-prod.firebasestorage.app/o/strat-charts%2Fthumbs%2F025_Ogden.jpg?alt=media,https://firebasestorage.googleapis.com/v0/b/ut-dnr-ugs-geolmapportal-prod.firebasestorage.app/o/strat-charts%2Fpreviews%2F025_Ogden.jpg?alt=media,18000,Geologic History of Utah: A Field Guide to Utah's Rocks,"Hintze, L.F., and Kowallis, B.J.",2021,"Department of Geological Sciences, Brigham Young University, Provo, Utah",https://utahmapstore.com/products/geologic-history-of-utah-a-field-guide-to-utahs-rocks,
26,Willard Thrust near Huntsville,Huntsville,026_Huntsville.jpg,stratigraphic_column,-111.723830,41.397923,UT,https://firebasestorage.googleapis.com/v0/b/ut-dnr-ugs-geolmapportal-prod.firebasestorage.app/o/strat-charts%2F026_Huntsville.jpg?alt=media,https://firebasestorage.googleapis.com/v0/b/ut-dnr-ugs-geolmapportal-prod.firebasestorage.app/o/strat-charts%2Fthumbs%2F026_Huntsville.jpg?alt=media,https://firebasestorage.googleapis.com/v0/b/ut-dnr-ugs-geolmapportal-prod.firebasestorage.app/o/strat-charts%2Fpreviews%2F026_Huntsville.jpg?alt=media,18000,Geologic History of Utah: A Field Guide to Utah's Rocks,"Hintze, L.F., and Kowallis, B.J.",2021,"Department of Geological Sciences, Brigham Young University, Provo, Utah",https://utahmapstore.com/products/geologic-history-of-utah-a-field-guide-to-utahs-rocks,
27,Bear Lake – Laketown,Bear Lake,027_BearLake.jpg,stratigraphic_column,-111.125318,41.921219,UT,https://firebasestorage.googleapis.com/v0/b/ut-dnr-ugs-geolmapportal-prod.firebasestorage.app/o/strat-charts%2F027_BearLake.jpg?alt=media,https://firebasestorage.googleapis.com/v0/b/ut-dnr-ugs-geolmapportal-prod.firebasestorage.app/o/strat-charts%2Fthumbs%2F027_BearLake.jpg?alt=media,https://firebasestorage.googleapis.com/v0/b/ut-dnr-ugs-geolmapportal-prod.firebasestorage.app/o/strat-charts%2Fpreviews%2F027_BearLake.jpg?alt=media,18000,Geologic History of Utah: A Field Guide to Utah's Rocks,"Hintze, L.F., and Kowallis, B.J.",2021,"Department of Geological Sciences, Brigham Young University, Provo, Utah",https://utahmapstore.com/products/geologic-history-of-utah-a-field-guide-to-utahs-rocks,
28,"Crawford Mountains, Utah–Wyoming",Crawford Mtns,028_CrawfordMtns.jpg,stratigraphic_column,-111.034768,41.693373,WY,https://firebasestorage.googleapis.com/v0/b/ut-dnr-ugs-geolmapportal-prod.firebasestorage.app/o/strat-charts%2F028_CrawfordMtns.jpg?alt=media,https://firebasestorage.googleapis.com/v0/b/ut-dnr-ugs-geolmapportal-prod.firebasestorage.app/o/strat-charts%2Fthumbs%2F028_CrawfordMtns.jpg?alt=media,https://firebasestorage.googleapis.com/v0/b/ut-dnr-ugs-geolmapportal-prod.firebasestorage.app/o/strat-charts%2Fpreviews%2F028_CrawfordMtns.jpg?alt=media,18000,Geologic History of Utah: A Field Guide to Utah's Rocks,"Hintze, L.F., and Kowallis, B.J.",2021,"Department of Geological Sciences, Brigham Young University, Provo, Utah",https://utahmapstore.com/products/geologic-history-of-utah-a-field-guide-to-utahs-rocks,
29,Monte Cristo Range,Monte Cristo,029_MonteCristo.jpg,stratigraphic_column,-111.397540,41.398119,UT,https://firebasestorage.googleapis.com/v0/b/ut-dnr-ugs-geolmapportal-prod.firebasestorage.app/o/strat-charts%2F029_MonteCristo.jpg?alt=media,https://firebasestorage.googleapis.com/v0/b/ut-dnr-ugs-geolmapportal-prod.firebasestorage.app/o/strat-charts%2Fthumbs%2F029_MonteCristo.jpg?alt=media,https://firebasestorage.googleapis.com/v0/b/ut-dnr-ugs-geolmapportal-prod.firebasestorage.app/o/strat-charts%2Fpreviews%2F029_MonteCristo.jpg?alt=media,18000,Geologic History of Utah: A Field Guide to Utah's Rocks,"Hintze, L.F., and Kowallis, B.J.",2021,"Department of Geological Sciences, Brigham Young University, Provo, Utah",https://utahmapstore.com/products/geologic-history-of-utah-a-field-guide-to-utahs-rocks,
30,Anschutz Ranch – Pineview,Anschutz Ranch,030_AnschutzRanch.jpg,stratigraphic_column,-111.000892,41.015517,WY,https://firebasestorage.googleapis.com/v0/b/ut-dnr-ugs-geolmapportal-prod.firebasestorage.app/o/strat-charts%2F030_AnschutzRanch.jpg?alt=media,https://firebasestorage.googleapis.com/v0/b/ut-dnr-ugs-geolmapportal-prod.firebasestorage.app/o/strat-charts%2Fthumbs%2F030_AnschutzRanch.jpg?alt=media,https://firebasestorage.googleapis.com/v0/b/ut-dnr-ugs-geolmapportal-prod.firebasestorage.app/o/strat-charts%2Fpreviews%2F030_AnschutzRanch.jpg?alt=media,18000,Geologic History of Utah: A Field Guide to Utah's Rocks,"Hintze, L.F., and Kowallis, B.J.",2021,"Department of Geological Sciences, Brigham Young University, Provo, Utah",https://utahmapstore.com/products/geologic-history-of-utah-a-field-guide-to-utahs-rocks,
31,Weber Canyon near Devils Slide,Weber Canyon,031_WeberCanyon.jpg,stratigraphic_column,-111.535372,41.024638,UT,https://firebasestorage.googleapis.com/v0/b/ut-dnr-ugs-geolmapportal-prod.firebasestorage.app/o/strat-charts%2F031_WeberCanyon.jpg?alt=media,https://firebasestorage.googleapis.com/v0/b/ut-dnr-ugs-geolmapportal-prod.firebasestorage.app/o/strat-charts%2Fthumbs%2F031_WeberCanyon.jpg?alt=media,https://firebasestorage.googleapis.com/v0/b/ut-dnr-ugs-geolmapportal-prod.firebasestorage.app/o/strat-charts%2Fpreviews%2F031_WeberCanyon.jpg?alt=media,18000,Geologic History of Utah: A Field Guide to Utah's Rocks,"Hintze, L.F., and Kowallis, B.J.",2021,"Department of Geological Sciences, Brigham Young University, Provo, Utah",https://utahmapstore.com/products/geologic-history-of-utah-a-field-guide-to-utahs-rocks,
32,Coalville – Park City – Kamas,Coalville,032_Coalville.jpg,stratigraphic_column,-111.254195,40.842779,UT,https://firebasestorage.googleapis.com/v0/b/ut-dnr-ugs-geolmapportal-prod.firebasestorage.app/o/strat-charts%2F032_Coalville.jpg?alt=media,https://firebasestorage.googleapis.com/v0/b/ut-dnr-ugs-geolmapportal-prod.firebasestorage.app/o/strat-charts%2Fthumbs%2F032_Coalville.jpg?alt=media,https://firebasestorage.googleapis.com/v0/b/ut-dnr-ugs-geolmapportal-prod.firebasestorage.app/o/strat-charts%2Fpreviews%2F032_Coalville.jpg?alt=media,18000,Geologic History of Utah: A Field Guide to Utah's Rocks,"Hintze, L.F., and Kowallis, B.J.",2021,"Department of Geological Sciences, Brigham Young University, Provo, Utah",https://utahmapstore.com/products/geologic-history-of-utah-a-field-guide-to-utahs-rocks,
33,Bingham – N. Oquirrh Mountains,Bingham,033_Bingham.jpg,stratigraphic_column,-112.067225,40.511531,UT,https://firebasestorage.googleapis.com/v0/b/ut-dnr-ugs-geolmapportal-prod.firebasestorage.app/o/strat-charts%2F033_Bingham.jpg?alt=media,https://firebasestorage.googleapis.com/v0/b/ut-dnr-ugs-geolmapportal-prod.firebasestorage.app/o/strat-charts%2Fthumbs%2F033_Bingham.jpg?alt=media,https://firebasestorage.googleapis.com/v0/b/ut-dnr-ugs-geolmapportal-prod.firebasestorage.app/o/strat-charts%2Fpreviews%2F033_Bingham.jpg?alt=media,18000,Geologic History of Utah: A Field Guide to Utah's Rocks,"Hintze, L.F., and Kowallis, B.J.",2021,"Department of Geological Sciences, Brigham Young University, Provo, Utah",https://utahmapstore.com/products/geologic-history-of-utah-a-field-guide-to-utahs-rocks,
34,Salt Lake City – Wasatch Range,Salt Lake,034_SaltLake.jpg,stratigraphic_column,-111.673636,40.694095,UT,https://firebasestorage.googleapis.com/v0/b/ut-dnr-ugs-geolmapportal-prod.firebasestorage.app/o/strat-charts%2F034_SaltLake.jpg?alt=media,https://firebasestorage.googleapis.com/v0/b/ut-dnr-ugs-geolmapportal-prod.firebasestorage.app/o/strat-charts%2Fthumbs%2F034_SaltLake.jpg?alt=media,https://firebasestorage.googleapis.com/v0/b/ut-dnr-ugs-geolmapportal-prod.firebasestorage.app/o/strat-charts%2Fpreviews%2F034_SaltLake.jpg?alt=media,18000,Geologic History of Utah: A Field Guide to Utah's Rocks,"Hintze, L.F., and Kowallis, B.J.",2021,"Department of Geological Sciences, Brigham Young University, Provo, Utah",https://utahmapstore.com/products/geologic-history-of-utah-a-field-guide-to-utahs-rocks,
35,Provo – Utah Valley – Wallsburg,Provo,035_Provo.jpg,stratigraphic_column,-111.519675,40.314124,UT,https://firebasestorage.googleapis.com/v0/b/ut-dnr-ugs-geolmapportal-prod.firebasestorage.app/o/strat-charts%2F035_Provo.jpg?alt=media,https://firebasestorage.googleapis.com/v0/b/ut-dnr-ugs-geolmapportal-prod.firebasestorage.app/o/strat-charts%2Fthumbs%2F035_Provo.jpg?alt=media,https://firebasestorage.googleapis.com/v0/b/ut-dnr-ugs-geolmapportal-prod.firebasestorage.app/o/strat-charts%2Fpreviews%2F035_Provo.jpg?alt=media,18000,Geologic History of Utah: A Field Guide to Utah's Rocks,"Hintze, L.F., and Kowallis, B.J.",2021,"Department of Geological Sciences, Brigham Young University, Provo, Utah",https://utahmapstore.com/products/geologic-history-of-utah-a-field-guide-to-utahs-rocks,
36,Charleston – Center Creek,Charleston,036_Charleston.jpg,stratigraphic_column,-111.189003,40.476201,UT,https://firebasestorage.googleapis.com/v0/b/ut-dnr-ugs-geolmapportal-prod.firebasestorage.app/o/strat-charts%2F036_Charleston.jpg?alt=media,https://firebasestorage.googleapis.com/v0/b/ut-dnr-ugs-geolmapportal-prod.firebasestorage.app/o/strat-charts%2Fthumbs%2F036_Charleston.jpg?alt=media,https://firebasestorage.googleapis.com/v0/b/ut-dnr-ugs-geolmapportal-prod.firebasestorage.app/o/strat-charts%2Fpreviews%2F036_Charleston.jpg?alt=media,18000,Geologic History of Utah: A Field Guide to Utah's Rocks,"Hintze, L.F., and Kowallis, B.J.",2021,"Department of Geological Sciences, Brigham Young University, Provo, Utah",https://utahmapstore.com/products/geologic-history-of-utah-a-field-guide-to-utahs-rocks,
37,So. Oquirrh Mts & South Mtn,South Oquirrh,037_SouthOquirrh.jpg,stratigraphic_column,-112.056426,40.361348,UT,https://firebasestorage.googleapis.com/v0/b/ut-dnr-ugs-geolmapportal-prod.firebasestorage.app/o/strat-charts%2F037_SouthOquirrh.jpg?alt=media,https://firebasestorage.googleapis.com/v0/b/ut-dnr-ugs-geolmapportal-prod.firebasestorage.app/o/strat-charts%2Fthumbs%2F037_SouthOquirrh.jpg?alt=media,https://firebasestorage.googleapis.com/v0/b/ut-dnr-ugs-geolmapportal-prod.firebasestorage.app/o/strat-charts%2Fpreviews%2F037_SouthOquirrh.jpg?alt=media,18000,Geologic History of Utah: A Field Guide to Utah's Rocks,"Hintze, L.F., and Kowallis, B.J.",2021,"Department of Geological Sciences, Brigham Young University, Provo, Utah",https://utahmapstore.com/products/geologic-history-of-utah-a-field-guide-to-utahs-rocks,
38,Lake Mountains – West Mountain,Lake Mountains,038_LakeMountains.jpg,stratigraphic_column,-111.975308,40.155421,UT,https://firebasestorage.googleapis.com/v0/b/ut-dnr-ugs-geolmapportal-prod.firebasestorage.app/o/strat-charts%2F038_LakeMountains.jpg?alt=media,https://firebasestorage.googleapis.com/v0/b/ut-dnr-ugs-geolmapportal-prod.firebasestorage.app/o/strat-charts%2Fthumbs%2F038_LakeMountains.jpg?alt=media,https://firebasestorage.googleapis.com/v0/b/ut-dnr-ugs-geolmapportal-prod.firebasestorage.app/o/strat-charts%2Fpreviews%2F038_LakeMountains.jpg?alt=media,18000,Geologic History of Utah: A Field Guide to Utah's Rocks,"Hintze, L.F., and Kowallis, B.J.",2021,"Department of Geological Sciences, Brigham Young University, Provo, Utah",https://utahmapstore.com/products/geologic-history-of-utah-a-field-guide-to-utahs-rocks,
39,East Tintic Mountains,East Tintic Mountains,039_EastTinticMountains.jpg,stratigraphic_column,-112.137155,39.958129,UT,https://firebasestorage.googleapis.com/v0/b/ut-dnr-ugs-geolmapportal-prod.firebasestorage.app/o/strat-charts%2F039_EastTinticMountains.jpg?alt=media,https://firebasestorage.googleapis.com/v0/b/ut-dnr-ugs-geolmapportal-prod.firebasestorage.app/o/strat-charts%2Fthumbs%2F039_EastTinticMountains.jpg?alt=media,https://firebasestorage.googleapis.com/v0/b/ut-dnr-ugs-geolmapportal-prod.firebasestorage.app/o/strat-charts%2Fpreviews%2F039_EastTinticMountains.jpg?alt=media,18000,Geologic History of Utah: A Field Guide to Utah's Rocks,"Hintze, L.F., and Kowallis, B.J.",2021,"Department of Geological Sciences, Brigham Young University, Provo, Utah",https://utahmapstore.com/products/geologic-history-of-utah-a-field-guide-to-utahs-rocks,
40,Goshen – Northern Long Ridge,Goshen,040_Goshen.jpg,stratigraphic_column,-111.850720,39.959925,UT,https://firebasestorage.googleapis.com/v0/b/ut-dnr-ugs-geolmapportal-prod.firebasestorage.app/o/strat-charts%2F040_Goshen.jpg?alt=media,https://firebasestorage.googleapis.com/v0/b/ut-dnr-ugs-geolmapportal-prod.firebasestorage.app/o/strat-charts%2Fthumbs%2F040_Goshen.jpg?alt=media,https://firebasestorage.googleapis.com/v0/b/ut-dnr-ugs-geolmapportal-prod.firebasestorage.app/o/strat-charts%2Fpreviews%2F040_Goshen.jpg?alt=media,18000,Geologic History of Utah: A Field Guide to Utah's Rocks,"Hintze, L.F., and Kowallis, B.J.",2021,"Department of Geological Sciences, Brigham Young University, Provo, Utah",https://utahmapstore.com/products/geologic-history-of-utah-a-field-guide-to-utahs-rocks,
41,Gold Hill – N. Deep Creek Mtns,Gold Hill,041_GoldHill.jpg,stratigraphic_column,-113.831536,40.218005,UT,https://firebasestorage.googleapis.com/v0/b/ut-dnr-ugs-geolmapportal-prod.firebasestorage.app/o/strat-charts%2F041_GoldHill.jpg?alt=media,https://firebasestorage.googleapis.com/v0/b/ut-dnr-ugs-geolmapportal-prod.firebasestorage.app/o/strat-charts%2Fthumbs%2F041_GoldHill.jpg?alt=media,https://firebasestorage.googleapis.com/v0/b/ut-dnr-ugs-geolmapportal-prod.firebasestorage.app/o/strat-charts%2Fpreviews%2F041_GoldHill.jpg?alt=media,18000,Geologic History of Utah: A Field Guide to Utah's Rocks,"Hintze, L.F., and Kowallis, B.J.",2021,"Department of Geological Sciences, Brigham Young University, Provo, Utah",https://utahmapstore.com/products/geologic-history-of-utah-a-field-guide-to-utahs-rocks,
42,Fish Springs Range,Fish Springs,042_FishSprings.jpg,stratigraphic_column,-113.463670,39.814123,UT,https://firebasestorage.googleapis.com/v0/b/ut-dnr-ugs-geolmapportal-prod.firebasestorage.app/o/strat-charts%2F042_FishSprings.jpg?alt=media,https://firebasestorage.googleapis.com/v0/b/ut-dnr-ugs-geolmapportal-prod.firebasestorage.app/o/strat-charts%2Fthumbs%2F042_FishSprings.jpg?alt=media,https://firebasestorage.googleapis.com/v0/b/ut-dnr-ugs-geolmapportal-prod.firebasestorage.app/o/strat-charts%2Fpreviews%2F042_FishSprings.jpg?alt=media,18000,Geologic History of Utah: A Field Guide to Utah's Rocks,"Hintze, L.F., and Kowallis, B.J.",2021,"Department of Geological Sciences, Brigham Young University, Provo, Utah",https://utahmapstore.com/products/geologic-history-of-utah-a-field-guide-to-utahs-rocks,
43,Dugway Range,Dugway,043_Dugway.jpg,stratigraphic_column,-113.106892,40.032360,UT,https://firebasestorage.googleapis.com/v0/b/ut-dnr-ugs-geolmapportal-prod.firebasestorage.app/o/strat-charts%2F043_Dugway.jpg?alt=media,https://firebasestorage.googleapis.com/v0/b/ut-dnr-ugs-geolmapportal-prod.firebasestorage.app/o/strat-charts%2Fthumbs%2F043_Dugway.jpg?alt=media,https://firebasestorage.googleapis.com/v0/b/ut-dnr-ugs-geolmapportal-prod.firebasestorage.app/o/strat-charts%2Fpreviews%2F043_Dugway.jpg?alt=media,18000,Geologic History of Utah: A Field Guide to Utah's Rocks,"Hintze, L.F., and Kowallis, B.J.",2021,"Department of Geological Sciences, Brigham Young University, Provo, Utah",https://utahmapstore.com/products/geologic-history-of-utah-a-field-guide-to-utahs-rocks,
44,Stansbury Mountains,Stansbury,044_Stansbury.jpg,stratigraphic_column,-112.624882,40.408559,UT,https://firebasestorage.googleapis.com/v0/b/ut-dnr-ugs-geolmapportal-prod.firebasestorage.app/o/strat-charts%2F044_Stansbury.jpg?alt=media,https://firebasestorage.googleapis.com/v0/b/ut-dnr-ugs-geolmapportal-prod.firebasestorage.app/o/strat-charts%2Fthumbs%2F044_Stansbury.jpg?alt=media,https://firebasestorage.googleapis.com/v0/b/ut-dnr-ugs-geolmapportal-prod.firebasestorage.app/o/strat-charts%2Fpreviews%2F044_Stansbury.jpg?alt=media,18000,Geologic History of Utah: A Field Guide to Utah's Rocks,"Hintze, L.F., and Kowallis, B.J.",2021,"Department of Geological Sciences, Brigham Young University, Provo, Utah",https://utahmapstore.com/products/geologic-history-of-utah-a-field-guide-to-utahs-rocks,
45,So. Deep Creek – Kern Mts,Deep Creek,045_DeepCreek.jpg,stratigraphic_column,-113.873761,39.740481,UT,https://firebasestorage.googleapis.com/v0/b/ut-dnr-ugs-geolmapportal-prod.firebasestorage.app/o/strat-charts%2F045_DeepCreek.jpg?alt=media,https://firebasestorage.googleapis.com/v0/b/ut-dnr-ugs-geolmapportal-prod.firebasestorage.app/o/strat-charts%2Fthumbs%2F045_DeepCreek.jpg?alt=media,https://firebasestorage.googleapis.com/v0/b/ut-dnr-ugs-geolmapportal-prod.firebasestorage.app/o/strat-charts%2Fpreviews%2F045_DeepCreek.jpg?alt=media,18000,Geologic History of Utah: A Field Guide to Utah's Rocks,"Hintze, L.F., and Kowallis, B.J.",2021,"Department of Geological Sciences, Brigham Young University, Provo, Utah",https://utahmapstore.com/products/geologic-history-of-utah-a-field-guide-to-utahs-rocks,
46,"Northern Snake Range, Nevada",Snake Range,046_SnakeRange.jpg,stratigraphic_column,-114.093596,39.253041,NV,https://firebasestorage.googleapis.com/v0/b/ut-dnr-ugs-geolmapportal-prod.firebasestorage.app/o/strat-charts%2F046_SnakeRange.jpg?alt=media,https://firebasestorage.googleapis.com/v0/b/ut-dnr-ugs-geolmapportal-prod.firebasestorage.app/o/strat-charts%2Fthumbs%2F046_SnakeRange.jpg?alt=media,https://firebasestorage.googleapis.com/v0/b/ut-dnr-ugs-geolmapportal-prod.firebasestorage.app/o/strat-charts%2Fpreviews%2F046_SnakeRange.jpg?alt=media,18000,Geologic History of Utah: A Field Guide to Utah's Rocks,"Hintze, L.F., and Kowallis, B.J.",2021,"Department of Geological Sciences, Brigham Young University, Provo, Utah",https://utahmapstore.com/products/geologic-history-of-utah-a-field-guide-to-utahs-rocks,
47,Burbank Hills,Burbank Hills,047_BurbankHills.jpg,stratigraphic_column,-113.892796,38.874228,UT,https://firebasestorage.googleapis.com/v0/b/ut-dnr-ugs-geolmapportal-prod.firebasestorage.app/o/strat-charts%2F047_BurbankHills.jpg?alt=media,https://firebasestorage.googleapis.com/v0/b/ut-dnr-ugs-geolmapportal-prod.firebasestorage.app/o/strat-charts%2Fthumbs%2F047_BurbankHills.jpg?alt=media,https://firebasestorage.googleapis.com/v0/b/ut-dnr-ugs-geolmapportal-prod.firebasestorage.app/o/strat-charts%2Fpreviews%2F047_BurbankHills.jpg?alt=media,18000,Geologic History of Utah: A Field Guide to Utah's Rocks,"Hintze, L.F., and Kowallis, B.J.",2021,"Department of Geological Sciences, Brigham Young University, Provo, Utah",https://utahmapstore.com/products/geologic-history-of-utah-a-field-guide-to-utahs-rocks,
48,Confusion Range No. of Hwy 50-6,Confusion Range,048_ConfusionRange.jpg,stratigraphic_column,-113.732276,39.330678,UT,https://firebasestorage.googleapis.com/v0/b/ut-dnr-ugs-geolmapportal-prod.firebasestorage.app/o/strat-charts%2F048_ConfusionRange.jpg?alt=media,https://firebasestorage.googleapis.com/v0/b/ut-dnr-ugs-geolmapportal-prod.firebasestorage.app/o/strat-charts%2Fthumbs%2F048_ConfusionRange.jpg?alt=media,https://firebasestorage.googleapis.com/v0/b/ut-dnr-ugs-geolmapportal-prod.firebasestorage.app/o/strat-charts%2Fpreviews%2F048_ConfusionRange.jpg?alt=media,18000,Geologic History of Utah: A Field Guide to Utah's Rocks,"Hintze, L.F., and Kowallis, B.J.",2021,"Department of Geological Sciences, Brigham Young University, Provo, Utah",https://utahmapstore.com/products/geologic-history-of-utah-a-field-guide-to-utahs-rocks,
49,Ibex – Crystal Peak Area,Ibex-Crystal Peak,049_Ibex-CrystalPeak.jpg,stratigraphic_column,-113.511043,38.885641,UT,https://firebasestorage.googleapis.com/v0/b/ut-dnr-ugs-geolmapportal-prod.firebasestorage.app/o/strat-charts%2F049_Ibex-CrystalPeak.jpg?alt=media,https://firebasestorage.googleapis.com/v0/b/ut-dnr-ugs-geolmapportal-prod.firebasestorage.app/o/strat-charts%2Fthumbs%2F049_Ibex-CrystalPeak.jpg?alt=media,https://firebasestorage.googleapis.com/v0/b/ut-dnr-ugs-geolmapportal-prod.firebasestorage.app/o/strat-charts%2Fpreviews%2F049_Ibex-CrystalPeak.jpg?alt=media,18000,Geologic History of Utah: A Field Guide to Utah's Rocks,"Hintze, L.F., and Kowallis, B.J.",2021,"Department of Geological Sciences, Brigham Young University, Provo, Utah",https://utahmapstore.com/products/geologic-history-of-utah-a-field-guide-to-utahs-rocks,
50,House Range North of Highway 50-6,House Range North,050_HouseRangeNorth.jpg,stratigraphic_column,-113.331596,39.410333,UT,https://firebasestorage.googleapis.com/v0/b/ut-dnr-ugs-geolmapportal-prod.firebasestorage.app/o/strat-charts%2F050_HouseRangeNorth.jpg?alt=media,https://firebasestorage.googleapis.com/v0/b/ut-dnr-ugs-geolmapportal-prod.firebasestorage.app/o/strat-charts%2Fthumbs%2F050_HouseRangeNorth.jpg?alt=media,https://firebasestorage.googleapis.com/v0/b/ut-dnr-ugs-geolmapportal-prod.firebasestorage.app/o/strat-charts%2Fpreviews%2F050_HouseRangeNorth.jpg?alt=media,18000,Geologic History of Utah: A Field Guide to Utah's Rocks,"Hintze, L.F., and Kowallis, B.J.",2021,"Department of Geological Sciences, Brigham Young University, Provo, Utah",https://utahmapstore.com/products/geologic-history-of-utah-a-field-guide-to-utahs-rocks,
51,Drum – Little Drum Mts & Smelter Knolls,Drum-Little Drum Mtns,051_Drum-LittleDrumMtns.jpg,stratigraphic_column,-113.035069,39.495512,UT,https://firebasestorage.googleapis.com/v0/b/ut-dnr-ugs-geolmapportal-prod.firebasestorage.app/o/strat-charts%2F051_Drum-LittleDrumMtns.jpg?alt=media,https://firebasestorage.googleapis.com/v0/b/ut-dnr-ugs-geolmapportal-prod.firebasestorage.app/o/strat-charts%2Fthumbs%2F051_Drum-LittleDrumMtns.jpg?alt=media,https://firebasestorage.googleapis.com/v0/b/ut-dnr-ugs-geolmapportal-prod.firebasestorage.app/o/strat-charts%2Fpreviews%2F051_Drum-LittleDrumMtns.jpg?alt=media,18000,Geologic History of Utah: A Field Guide to Utah's Rocks,"Hintze, L.F., and Kowallis, B.J.",2021,"Department of Geological Sciences, Brigham Young University, Provo, Utah",https://utahmapstore.com/products/geologic-history-of-utah-a-field-guide-to-utahs-rocks,
52,Cricket Mts & Black Rock Desert,Cricket Mtns,052_CricketMtns.jpg,stratigraphic_column,-112.986196,38.913459,UT,https://firebasestorage.googleapis.com/v0/b/ut-dnr-ugs-geolmapportal-prod.firebasestorage.app/o/strat-charts%2F052_CricketMtns.jpg?alt=media,https://firebasestorage.googleapis.com/v0/b/ut-dnr-ugs-geolmapportal-prod.firebasestorage.app/o/strat-charts%2Fthumbs%2F052_CricketMtns.jpg?alt=media,https://firebasestorage.googleapis.com/v0/b/ut-dnr-ugs-geolmapportal-prod.firebasestorage.app/o/strat-charts%2Fpreviews%2F052_CricketMtns.jpg?alt=media,18000,Geologic History of Utah: A Field Guide to Utah's Rocks,"Hintze, L.F., and Kowallis, B.J.",2021,"Department of Geological Sciences, Brigham Young University, Provo, Utah",https://utahmapstore.com/products/geologic-history-of-utah-a-field-guide-to-utahs-rocks,
53,Thomas Range – Keg Mountains,Thomas Range,053_ThomasRange.jpg,stratigraphic_column,-113.082020,39.735284,UT,https://firebasestorage.googleapis.com/v0/b/ut-dnr-ugs-geolmapportal-prod.firebasestorage.app/o/strat-charts%2F053_ThomasRange.jpg?alt=media,https://firebasestorage.googleapis.com/v0/b/ut-dnr-ugs-geolmapportal-prod.firebasestorage.app/o/strat-charts%2Fthumbs%2F053_ThomasRange.jpg?alt=media,https://firebasestorage.googleapis.com/v0/b/ut-dnr-ugs-geolmapportal-prod.firebasestorage.app/o/strat-charts%2Fpreviews%2F053_ThomasRange.jpg?alt=media,18000,Geologic History of Utah: A Field Guide to Utah's Rocks,"Hintze, L.F., and Kowallis, B.J.",2021,"Department of Geological Sciences, Brigham Young University, Provo, Utah",https://utahmapstore.com/products/geologic-history-of-utah-a-field-guide-to-utahs-rocks,
54,Simpson – Sheeprock – West Tintic Mts,Simpson,054_Simpson.jpg,stratigraphic_column,-112.481280,40.002753,UT,https://firebasestorage.googleapis.com/v0/b/ut-dnr-ugs-geolmapportal-prod.firebasestorage.app/o/strat-charts%2F054_Simpson.jpg?alt=media,https://firebasestorage.googleapis.com/v0/b/ut-dnr-ugs-geolmapportal-prod.firebasestorage.app/o/strat-charts%2Fthumbs%2F054_Simpson.jpg?alt=media,https://firebasestorage.googleapis.com/v0/b/ut-dnr-ugs-geolmapportal-prod.firebasestorage.app/o/strat-charts%2Fpreviews%2F054_Simpson.jpg?alt=media,18000,Geologic History of Utah: A Field Guide to Utah's Rocks,"Hintze, L.F., and Kowallis, B.J.",2021,"Department of Geological Sciences, Brigham Young University, Provo, Utah",https://utahmapstore.com/products/geologic-history-of-utah-a-field-guide-to-utahs-rocks,
55,Gilson – S. East Tintic Mts,Gilson,055_Gilson.jpg,stratigraphic_column,-112.065649,39.735098,UT,https://firebasestorage.googleapis.com/v0/b/ut-dnr-ugs-geolmapportal-prod.firebasestorage.app/o/strat-charts%2F055_Gilson.jpg?alt=media,https://firebasestorage.googleapis.com/v0/b/ut-dnr-ugs-geolmapportal-prod.firebasestorage.app/o/strat-charts%2Fthumbs%2F055_Gilson.jpg?alt=media,https://firebasestorage.googleapis.com/v0/b/ut-dnr-ugs-geolmapportal-prod.firebasestorage.app/o/strat-charts%2Fpreviews%2F055_Gilson.jpg?alt=media,18000,Geologic History of Utah: A Field Guide to Utah's Rocks,"Hintze, L.F., and Kowallis, B.J.",2021,"Department of Geological Sciences, Brigham Young University, Provo, Utah",https://utahmapstore.com/products/geologic-history-of-utah-a-field-guide-to-utahs-rocks,
56,Mills & Sage Valleys & West Hills,Mills Sage Valley,056_MillsSageValley.jpg,stratigraphic_column,-112.017518,39.520690,UT,https://firebasestorage.googleapis.com/v0/b/ut-dnr-ugs-geolmapportal-prod.firebasestorage.app/o/strat-charts%2F056_MillsSageValley.jpg?alt=media,https://firebasestorage.googleapis.com/v0/b/ut-dnr-ugs-geolmapportal-prod.firebasestorage.app/o/strat-charts%2Fthumbs%2F056_MillsSageValley.jpg?alt=media,https://firebasestorage.googleapis.com/v0/b/ut-dnr-ugs-geolmapportal-prod.firebasestorage.app/o/strat-charts%2Fpreviews%2F056_MillsSageValley.jpg?alt=media,18000,Geologic History of Utah: A Field Guide to Utah's Rocks,"Hintze, L.F., and Kowallis, B.J.",2021,"Department of Geological Sciences, Brigham Young University, Provo, Utah",https://utahmapstore.com/products/geologic-history-of-utah-a-field-guide-to-utahs-rocks,
57,Canyon Rng Thrust Plate & Post-Thrust Rocks,Canyon Range Thrust,057_CanyonRangeThrust.jpg,stratigraphic_column,-112.208194,39.338486,UT,https://firebasestorage.googleapis.com/v0/b/ut-dnr-ugs-geolmapportal-prod.firebasestorage.app/o/strat-charts%2F057_CanyonRangeThrust.jpg?alt=media,https://firebasestorage.googleapis.com/v0/b/ut-dnr-ugs-geolmapportal-prod.firebasestorage.app/o/strat-charts%2Fthumbs%2F057_CanyonRangeThrust.jpg?alt=media,https://firebasestorage.googleapis.com/v0/b/ut-dnr-ugs-geolmapportal-prod.firebasestorage.app/o/strat-charts%2Fpreviews%2F057_CanyonRangeThrust.jpg?alt=media,18000,Geologic History of Utah: A Field Guide to Utah's Rocks,"Hintze, L.F., and Kowallis, B.J.",2021,"Department of Geological Sciences, Brigham Young University, Provo, Utah",https://utahmapstore.com/products/geologic-history-of-utah-a-field-guide-to-utahs-rocks,
58,Pahvant Thrust Plate East of Fillmore,Pahvant Thrust,058_PahvantThrust.jpg,stratigraphic_column,-112.093417,39.140865,UT,https://firebasestorage.googleapis.com/v0/b/ut-dnr-ugs-geolmapportal-prod.firebasestorage.app/o/strat-charts%2F058_PahvantThrust.jpg?alt=media,https://firebasestorage.googleapis.com/v0/b/ut-dnr-ugs-geolmapportal-prod.firebasestorage.app/o/strat-charts%2Fthumbs%2F058_PahvantThrust.jpg?alt=media,https://firebasestorage.googleapis.com/v0/b/ut-dnr-ugs-geolmapportal-prod.firebasestorage.app/o/strat-charts%2Fpreviews%2F058_PahvantThrust.jpg?alt=media,18000,Geologic History of Utah: A Field Guide to Utah's Rocks,"Hintze, L.F., and Kowallis, B.J.",2021,"Department of Geological Sciences, Brigham Young University, Provo, Utah",https://utahmapstore.com/products/geologic-history-of-utah-a-field-guide-to-utahs-rocks,
59,Fillmore – Cove Fort Area,Fillmore,059_Fillmore.jpg,stratigraphic_column,-112.419746,38.949311,UT,https://firebasestorage.googleapis.com/v0/b/ut-dnr-ugs-geolmapportal-prod.firebasestorage.app/o/strat-charts%2F059_Fillmore.jpg?alt=media,https://firebasestorage.googleapis.com/v0/b/ut-dnr-ugs-geolmapportal-prod.firebasestorage.app/o/strat-charts%2Fthumbs%2F059_Fillmore.jpg?alt=media,https://firebasestorage.googleapis.com/v0/b/ut-dnr-ugs-geolmapportal-prod.firebasestorage.app/o/strat-charts%2Fpreviews%2F059_Fillmore.jpg?alt=media,18000,Geologic History of Utah: A Field Guide to Utah's Rocks,"Hintze, L.F., and Kowallis, B.J.",2021,"Department of Geological Sciences, Brigham Young University, Provo, Utah",https://utahmapstore.com/products/geologic-history-of-utah-a-field-guide-to-utahs-rocks,
60,Richfield – Monroe Area,Richfield,060_Richfield.jpg,stratigraphic_column,-112.078727,38.845895,UT,https://firebasestorage.googleapis.com/v0/b/ut-dnr-ugs-geolmapportal-prod.firebasestorage.app/o/strat-charts%2F060_Richfield.jpg?alt=media,https://firebasestorage.googleapis.com/v0/b/ut-dnr-ugs-geolmapportal-prod.firebasestorage.app/o/strat-charts%2Fthumbs%2F060_Richfield.jpg?alt=media,https://firebasestorage.googleapis.com/v0/b/ut-dnr-ugs-geolmapportal-prod.firebasestorage.app/o/strat-charts%2Fpreviews%2F060_Richfield.jpg?alt=media,18000,Geologic History of Utah: A Field Guide to Utah's Rocks,"Hintze, L.F., and Kowallis, B.J.",2021,"Department of Geological Sciences, Brigham Young University, Provo, Utah",https://utahmapstore.com/products/geologic-history-of-utah-a-field-guide-to-utahs-rocks,
61,Mt. Nebo – Santaquin Area,Mt Nebo,061_MtNebo.jpg,stratigraphic_column,-111.696604,39.785191,UT,https://firebasestorage.googleapis.com/v0/b/ut-dnr-ugs-geolmapportal-prod.firebasestorage.app/o/strat-charts%2F061_MtNebo.jpg?alt=media,https://firebasestorage.googleapis.com/v0/b/ut-dnr-ugs-geolmapportal-prod.firebasestorage.app/o/strat-charts%2Fthumbs%2F061_MtNebo.jpg?alt=media,https://firebasestorage.googleapis.com/v0/b/ut-dnr-ugs-geolmapportal-prod.firebasestorage.app/o/strat-charts%2Fpreviews%2F061_MtNebo.jpg?alt=media,18000,Geologic History of Utah: A Field Guide to Utah's Rocks,"Hintze, L.F., and Kowallis, B.J.",2021,"Department of Geological Sciences, Brigham Young University, Provo, Utah",https://utahmapstore.com/products/geologic-history-of-utah-a-field-guide-to-utahs-rocks,
62,Spanish Fork Canyon – Thistle,Spanish Fork Canyon,062_SpanishForkCanyon.jpg,stratigraphic_column,-111.499673,40.007948,UT,https://firebasestorage.googleapis.com/v0/b/ut-dnr-ugs-geolmapportal-prod.firebasestorage.app/o/strat-charts%2F062_SpanishForkCanyon.jpg?alt=media,https://firebasestorage.googleapis.com/v0/b/ut-dnr-ugs-geolmapportal-prod.firebasestorage.app/o/strat-charts%2Fthumbs%2F062_SpanishForkCanyon.jpg?alt=media,https://firebasestorage.googleapis.com/v0/b/ut-dnr-ugs-geolmapportal-prod.firebasestorage.app/o/strat-charts%2Fpreviews%2F062_SpanishForkCanyon.jpg?alt=media,18000,Geologic History of Utah: A Field Guide to Utah's Rocks,"Hintze, L.F., and Kowallis, B.J.",2021,"Department of Geological Sciences, Brigham Young University, Provo, Utah",https://utahmapstore.com/products/geologic-history-of-utah-a-field-guide-to-utahs-rocks,
63,Moroni – Cedar Hills,Moroni,063_Moroni.jpg,stratigraphic_column,-111.562140,39.553656,UT,https://firebasestorage.googleapis.com/v0/b/ut-dnr-ugs-geolmapportal-prod.firebasestorage.app/o/strat-charts%2F063_Moroni.jpg?alt=media,https://firebasestorage.googleapis.com/v0/b/ut-dnr-ugs-geolmapportal-prod.firebasestorage.app/o/strat-charts%2Fthumbs%2F063_Moroni.jpg?alt=media,https://firebasestorage.googleapis.com/v0/b/ut-dnr-ugs-geolmapportal-prod.firebasestorage.app/o/strat-charts%2Fpreviews%2F063_Moroni.jpg?alt=media,18000,Geologic History of Utah: A Field Guide to Utah's Rocks,"Hintze, L.F., and Kowallis, B.J.",2021,"Department of Geological Sciences, Brigham Young University, Provo, Utah",https://utahmapstore.com/products/geologic-history-of-utah-a-field-guide-to-utahs-rocks,
64,Fairview – Scofield Area,Fairview,064_Fairview.jpg,stratigraphic_column,-111.272330,39.693963,UT,https://firebasestorage.googleapis.com/v0/b/ut-dnr-ugs-geolmapportal-prod.firebasestorage.app/o/strat-charts%2F064_Fairview.jpg?alt=media,https://firebasestorage.googleapis.com/v0/b/ut-dnr-ugs-geolmapportal-prod.firebasestorage.app/o/strat-charts%2Fthumbs%2F064_Fairview.jpg?alt=media,https://firebasestorage.googleapis.com/v0/b/ut-dnr-ugs-geolmapportal-prod.firebasestorage.app/o/strat-charts%2Fpreviews%2F064_Fairview.jpg?alt=media,18000,Geologic History of Utah: A Field Guide to Utah's Rocks,"Hintze, L.F., and Kowallis, B.J.",2021,"Department of Geological Sciences, Brigham Young University, Provo, Utah",https://utahmapstore.com/products/geologic-history-of-utah-a-field-guide-to-utahs-rocks,
65,Sanpitch Mountains,Sanpitch Mountains,065_SanpitchMountains.jpg,stratigraphic_column,-111.774950,39.450872,UT,https://firebasestorage.googleapis.com/v0/b/ut-dnr-ugs-geolmapportal-prod.firebasestorage.app/o/strat-charts%2F065_SanpitchMountains.jpg?alt=media,https://firebasestorage.googleapis.com/v0/b/ut-dnr-ugs-geolmapportal-prod.firebasestorage.app/o/strat-charts%2Fthumbs%2F065_SanpitchMountains.jpg?alt=media,https://firebasestorage.googleapis.com/v0/b/ut-dnr-ugs-geolmapportal-prod.firebasestorage.app/o/strat-charts%2Fpreviews%2F065_SanpitchMountains.jpg?alt=media,18000,Geologic History of Utah: A Field Guide to Utah's Rocks,"Hintze, L.F., and Kowallis, B.J.",2021,"Department of Geological Sciences, Brigham Young University, Provo, Utah",https://utahmapstore.com/products/geologic-history-of-utah-a-field-guide-to-utahs-rocks,
66,Wasatch Plateau,Wasatch Plateau,066_WasatchPlateau.jpg,stratigraphic_column,-111.433486,39.311258,UT,https://firebasestorage.googleapis.com/v0/b/ut-dnr-ugs-geolmapportal-prod.firebasestorage.app/o/strat-charts%2F066_WasatchPlateau.jpg?alt=media,https://firebasestorage.googleapis.com/v0/b/ut-dnr-ugs-geolmapportal-prod.firebasestorage.app/o/strat-charts%2Fthumbs%2F066_WasatchPlateau.jpg?alt=media,https://firebasestorage.googleapis.com/v0/b/ut-dnr-ugs-geolmapportal-prod.firebasestorage.app/o/strat-charts%2Fpreviews%2F066_WasatchPlateau.jpg?alt=media,18000,Geologic History of Utah: A Field Guide to Utah's Rocks,"Hintze, L.F., and Kowallis, B.J.",2021,"Department of Geological Sciences, Brigham Young University, Provo, Utah",https://utahmapstore.com/products/geologic-history-of-utah-a-field-guide-to-utahs-rocks,
67,Redmond – Valley Mountains,Redmond,067_Redmond.jpg,stratigraphic_column,-111.830320,39.059562,UT,https://firebasestorage.googleapis.com/v0/b/ut-dnr-ugs-geolmapportal-prod.firebasestorage.app/o/strat-charts%2F067_Redmond.jpg?alt=media,https://firebasestorage.googleapis.com/v0/b/ut-dnr-ugs-geolmapportal-prod.firebasestorage.app/o/strat-charts%2Fthumbs%2F067_Redmond.jpg?alt=media,https://firebasestorage.googleapis.com/v0/b/ut-dnr-ugs-geolmapportal-prod.firebasestorage.app/o/strat-charts%2Fpreviews%2F067_Redmond.jpg?alt=media,18000,Geologic History of Utah: A Field Guide to Utah's Rocks,"Hintze, L.F., and Kowallis, B.J.",2021,"Department of Geological Sciences, Brigham Young University, Provo, Utah",https://utahmapstore.com/products/geologic-history-of-utah-a-field-guide-to-utahs-rocks,
68,Salina Canyon Mouth,Salina Canyon Mouth,068_SalinaCanyonMouth.jpg,stratigraphic_column,-111.799599,38.910556,UT,https://firebasestorage.googleapis.com/v0/b/ut-dnr-ugs-geolmapportal-prod.firebasestorage.app/o/strat-charts%2F068_SalinaCanyonMouth.jpg?alt=media,https://firebasestorage.googleapis.com/v0/b/ut-dnr-ugs-geolmapportal-prod.firebasestorage.app/o/strat-charts%2Fthumbs%2F068_SalinaCanyonMouth.jpg?alt=media,https://firebasestorage.googleapis.com/v0/b/ut-dnr-ugs-geolmapportal-prod.firebasestorage.app/o/strat-charts%2Fpreviews%2F068_SalinaCanyonMouth.jpg?alt=media,18000,Geologic History of Utah: A Field Guide to Utah's Rocks,"Hintze, L.F., and Kowallis, B.J.",2021,"Department of Geological Sciences, Brigham Young University, Provo, Utah",https://utahmapstore.com/products/geologic-history-of-utah-a-field-guide-to-utahs-rocks,
69,Uinta Basin,Uinta Basin,069_UintaBasin.jpg,stratigraphic_column,-110.140323,40.437932,UT,https://firebasestorage.googleapis.com/v0/b/ut-dnr-ugs-geolmapportal-prod.firebasestorage.app/o/strat-charts%2F069_UintaBasin.jpg?alt=media,https://firebasestorage.googleapis.com/v0/b/ut-dnr-ugs-geolmapportal-prod.firebasestorage.app/o/strat-charts%2Fthumbs%2F069_UintaBasin.jpg?alt=media,https://firebasestorage.googleapis.com/v0/b/ut-dnr-ugs-geolmapportal-prod.firebasestorage.app/o/strat-charts%2Fpreviews%2F069_UintaBasin.jpg?alt=media,18000,Geologic History of Utah: A Field Guide to Utah's Rocks,"Hintze, L.F., and Kowallis, B.J.",2021,"Department of Geological Sciences, Brigham Young University, Provo, Utah",https://utahmapstore.com/products/geologic-history-of-utah-a-field-guide-to-utahs-rocks,
70,Uinta Basin Maps & Cross Section,Uinta Basin Maps,070_Uinta Basin Maps.jpg,map_cross_section,-109.968331,40.433470,UT,https://firebasestorage.googleapis.com/v0/b/ut-dnr-ugs-geolmapportal-prod.firebasestorage.app/o/strat-charts%2F070_Uinta%20Basin%20Maps.jpg?alt=media,https://firebasestorage.googleapis.com/v0/b/ut-dnr-ugs-geolmapportal-prod.firebasestorage.app/o/strat-charts%2Fthumbs%2F070_Uinta%20Basin%20Maps.jpg?alt=media,https://firebasestorage.googleapis.com/v0/b/ut-dnr-ugs-geolmapportal-prod.firebasestorage.app/o/strat-charts%2Fpreviews%2F070_Uinta%20Basin%20Maps.jpg?alt=media,18000,Geologic History of Utah: A Field Guide to Utah's Rocks,"Hintze, L.F., and Kowallis, B.J.",2021,"Department of Geological Sciences, Brigham Young University, Provo, Utah",https://utahmapstore.com/products/geologic-history-of-utah-a-field-guide-to-utahs-rocks,
71,Duchesne River – Altamont,Duchesne River,071_DuchesneRiver.jpg,stratigraphic_column,-110.443772,40.285179,UT,https://firebasestorage.googleapis.com/v0/b/ut-dnr-ugs-geolmapportal-prod.firebasestorage.app/o/strat-charts%2F071_DuchesneRiver.jpg?alt=media,https://firebasestorage.googleapis.com/v0/b/ut-dnr-ugs-geolmapportal-prod.firebasestorage.app/o/strat-charts%2Fthumbs%2F071_DuchesneRiver.jpg?alt=media,https://firebasestorage.googleapis.com/v0/b/ut-dnr-ugs-geolmapportal-prod.firebasestorage.app/o/strat-charts%2Fpreviews%2F071_DuchesneRiver.jpg?alt=media,18000,Geologic History of Utah: A Field Guide to Utah's Rocks,"Hintze, L.F., and Kowallis, B.J.",2021,"Department of Geological Sciences, Brigham Young University, Provo, Utah",https://utahmapstore.com/products/geologic-history-of-utah-a-field-guide-to-utahs-rocks,
72,Uinta Basin near Ouray,Uinta Basin,072_UintaBasin.jpg,stratigraphic_column,-109.816534,40.188722,UT,https://firebasestorage.googleapis.com/v0/b/ut-dnr-ugs-geolmapportal-prod.firebasestorage.app/o/strat-charts%2F072_UintaBasin.jpg?alt=media,https://firebasestorage.googleapis.com/v0/b/ut-dnr-ugs-geolmapportal-prod.firebasestorage.app/o/strat-charts%2Fthumbs%2F072_UintaBasin.jpg?alt=media,https://firebasestorage.googleapis.com/v0/b/ut-dnr-ugs-geolmapportal-prod.firebasestorage.app/o/strat-charts%2Fpreviews%2F072_UintaBasin.jpg?alt=media,18000,Geologic History of Utah: A Field Guide to Utah's Rocks,"Hintze, L.F., and Kowallis, B.J.",2021,"Department of Geological Sciences, Brigham Young University, Provo, Utah",https://utahmapstore.com/products/geologic-history-of-utah-a-field-guide-to-utahs-rocks,
73,Flaming Gorge – NE Uinta Mts,Flaming Gorge,073_FlamingGorge.jpg,stratigraphic_column,-109.612174,40.943162,UT,https://firebasestorage.googleapis.com/v0/b/ut-dnr-ugs-geolmapportal-prod.firebasestorage.app/o/strat-charts%2F073_FlamingGorge.jpg?alt=media,https://firebasestorage.googleapis.com/v0/b/ut-dnr-ugs-geolmapportal-prod.firebasestorage.app/o/strat-charts%2Fthumbs%2F073_FlamingGorge.jpg?alt=media,https://firebasestorage.googleapis.com/v0/b/ut-dnr-ugs-geolmapportal-prod.firebasestorage.app/o/strat-charts%2Fpreviews%2F073_FlamingGorge.jpg?alt=media,18000,Geologic History of Utah: A Field Guide to Utah's Rocks,"Hintze, L.F., and Kowallis, B.J.",2021,"Department of Geological Sciences, Brigham Young University, Provo, Utah",https://utahmapstore.com/products/geologic-history-of-utah-a-field-guide-to-utahs-rocks,
74,Dinosaur Monument – SE Uinta Mts,Dinosaur Monument,074_DinosaurMonument.jpg,stratigraphic_column,-109.213773,40.495755,UT,https://firebasestorage.googleapis.com/v0/b/ut-dnr-ugs-geolmapportal-prod.firebasestorage.app/o/strat-charts%2F074_DinosaurMonument.jpg?alt=media,https://firebasestorage.googleapis.com/v0/b/ut-dnr-ugs-geolmapportal-prod.firebasestorage.app/o/strat-charts%2Fthumbs%2F074_DinosaurMonument.jpg?alt=media,https://firebasestorage.googleapis.com/v0/b/ut-dnr-ugs-geolmapportal-prod.firebasestorage.app/o/strat-charts%2Fpreviews%2F074_DinosaurMonument.jpg?alt=media,18000,Geologic History of Utah: A Field Guide to Utah's Rocks,"Hintze, L.F., and Kowallis, B.J.",2021,"Department of Geological Sciences, Brigham Young University, Provo, Utah",https://utahmapstore.com/products/geologic-history-of-utah-a-field-guide-to-utahs-rocks,
75,"Bonanza, Utah – Rangely, Colorado",Bonanza,075_Bonanza.jpg,stratigraphic_column,-109.166260,39.942844,UT,https://firebasestorage.googleapis.com/v0/b/ut-dnr-ugs-geolmapportal-prod.firebasestorage.app/o/strat-charts%2F075_Bonanza.jpg?alt=media,https://firebasestorage.googleapis.com/v0/b/ut-dnr-ugs-geolmapportal-prod.firebasestorage.app/o/strat-charts%2Fthumbs%2F075_Bonanza.jpg?alt=media,https://firebasestorage.googleapis.com/v0/b/ut-dnr-ugs-geolmapportal-prod.firebasestorage.app/o/strat-charts%2Fpreviews%2F075_Bonanza.jpg?alt=media,18000,Geologic History of Utah: A Field Guide to Utah's Rocks,"Hintze, L.F., and Kowallis, B.J.",2021,"Department of Geological Sciences, Brigham Young University, Provo, Utah",https://utahmapstore.com/products/geologic-history-of-utah-a-field-guide-to-utahs-rocks,
76,"Grand Junction Area, Colorado",Grand Junction,076_GrandJunction.jpg,stratigraphic_column,-108.892136,39.197022,CO,https://firebasestorage.googleapis.com/v0/b/ut-dnr-ugs-geolmapportal-prod.firebasestorage.app/o/strat-charts%2F076_GrandJunction.jpg?alt=media,https://firebasestorage.googleapis.com/v0/b/ut-dnr-ugs-geolmapportal-prod.firebasestorage.app/o/strat-charts%2Fthumbs%2F076_GrandJunction.jpg?alt=media,https://firebasestorage.googleapis.com/v0/b/ut-dnr-ugs-geolmapportal-prod.firebasestorage.app/o/strat-charts%2Fpreviews%2F076_GrandJunction.jpg?alt=media,18000,Geologic History of Utah: A Field Guide to Utah's Rocks,"Hintze, L.F., and Kowallis, B.J.",2021,"Department of Geological Sciences, Brigham Young University, Provo, Utah",https://utahmapstore.com/products/geologic-history-of-utah-a-field-guide-to-utahs-rocks,
77,Helper – Price – Wellington,Helper Price,077_HelperPrice.jpg,stratigraphic_column,-110.893750,39.681446,UT,https://firebasestorage.googleapis.com/v0/b/ut-dnr-ugs-geolmapportal-prod.firebasestorage.app/o/strat-charts%2F077_HelperPrice.jpg?alt=media,https://firebasestorage.googleapis.com/v0/b/ut-dnr-ugs-geolmapportal-prod.firebasestorage.app/o/strat-charts%2Fthumbs%2F077_HelperPrice.jpg?alt=media,https://firebasestorage.googleapis.com/v0/b/ut-dnr-ugs-geolmapportal-prod.firebasestorage.app/o/strat-charts%2Fpreviews%2F077_HelperPrice.jpg?alt=media,18000,Geologic History of Utah: A Field Guide to Utah's Rocks,"Hintze, L.F., and Kowallis, B.J.",2021,"Department of Geological Sciences, Brigham Young University, Provo, Utah",https://utahmapstore.com/products/geologic-history-of-utah-a-field-guide-to-utahs-rocks,
78,Sunnyside – Woodside – Book Cliffs,Sunnyside,078_Sunnyside.jpg,stratigraphic_column,-110.460885,39.552436,UT,https://firebasestorage.googleapis.com/v0/b/ut-dnr-ugs-geolmapportal-prod.firebasestorage.app/o/strat-charts%2F078_Sunnyside.jpg?alt=media,https://firebasestorage.googleapis.com/v0/b/ut-dnr-ugs-geolmapportal-prod.firebasestorage.app/o/strat-charts%2Fthumbs%2F078_Sunnyside.jpg?alt=media,https://firebasestorage.googleapis.com/v0/b/ut-dnr-ugs-geolmapportal-prod.firebasestorage.app/o/strat-charts%2Fpreviews%2F078_Sunnyside.jpg?alt=media,18000,Geologic History of Utah: A Field Guide to Utah's Rocks,"Hintze, L.F., and Kowallis, B.J.",2021,"Department of Geological Sciences, Brigham Young University, Provo, Utah",https://utahmapstore.com/products/geologic-history-of-utah-a-field-guide-to-utahs-rocks,
79,Book Cliffs near Green River,Book Cliffs,079_BookCliffs.jpg,stratigraphic_column,-109.971613,38.993296,UT,https://firebasestorage.googleapis.com/v0/b/ut-dnr-ugs-geolmapportal-prod.firebasestorage.app/o/strat-charts%2F079_BookCliffs.jpg?alt=media,https://firebasestorage.googleapis.com/v0/b/ut-dnr-ugs-geolmapportal-prod.firebasestorage.app/o/strat-charts%2Fthumbs%2F079_BookCliffs.jpg?alt=media,https://firebasestorage.googleapis.com/v0/b/ut-dnr-ugs-geolmapportal-prod.firebasestorage.app/o/strat-charts%2Fpreviews%2F079_BookCliffs.jpg?alt=media,18000,Geologic History of Utah: A Field Guide to Utah's Rocks,"Hintze, L.F., and Kowallis, B.J.",2021,"Department of Geological Sciences, Brigham Young University, Provo, Utah",https://utahmapstore.com/products/geologic-history-of-utah-a-field-guide-to-utahs-rocks,
80,Cisco – Harley Dome – Book Cliffs,Cisco,080_Cisco.jpg,stratigraphic_column,-109.331992,39.099415,UT,https://firebasestorage.googleapis.com/v0/b/ut-dnr-ugs-geolmapportal-prod.firebasestorage.app/o/strat-charts%2F080_Cisco.jpg?alt=media,https://firebasestorage.googleapis.com/v0/b/ut-dnr-ugs-geolmapportal-prod.firebasestorage.app/o/strat-charts%2Fthumbs%2F080_Cisco.jpg?alt=media,https://firebasestorage.googleapis.com/v0/b/ut-dnr-ugs-geolmapportal-prod.firebasestorage.app/o/strat-charts%2Fpreviews%2F080_Cisco.jpg?alt=media,18000,Geologic History of Utah: A Field Guide to Utah's Rocks,"Hintze, L.F., and Kowallis, B.J.",2021,"Department of Geological Sciences, Brigham Young University, Provo, Utah",https://utahmapstore.com/products/geologic-history-of-utah-a-field-guide-to-utahs-rocks,
81,Soldier Summit,Soldier Summit,081_SoldierSummit.jpg,stratigraphic_column,-111.089726,39.952973,UT,https://firebasestorage.googleapis.com/v0/b/ut-dnr-ugs-geolmapportal-prod.firebasestorage.app/o/strat-charts%2F081_SoldierSummit.jpg?alt=media,https://firebasestorage.googleapis.com/v0/b/ut-dnr-ugs-geolmapportal-prod.firebasestorage.app/o/strat-charts%2Fthumbs%2F081_SoldierSummit.jpg?alt=media,https://firebasestorage.googleapis.com/v0/b/ut-dnr-ugs-geolmapportal-prod.firebasestorage.app/o/strat-charts%2Fpreviews%2F081_SoldierSummit.jpg?alt=media,18000,Geologic History of Utah: A Field Guide to Utah's Rocks,"Hintze, L.F., and Kowallis, B.J.",2021,"Department of Geological Sciences, Brigham Young University, Provo, Utah",https://utahmapstore.com/products/geologic-history-of-utah-a-field-guide-to-utahs-rocks,
82,Wasatch Plateau near Castle Dale,Wasatch Plateau,082_WasatchPlateau.jpg,stratigraphic_column,-111.150707,39.328037,UT,https://firebasestorage.googleapis.com/v0/b/ut-dnr-ugs-geolmapportal-prod.firebasestorage.app/o/strat-charts%2F082_WasatchPlateau.jpg?alt=media,https://firebasestorage.googleapis.com/v0/b/ut-dnr-ugs-geolmapportal-prod.firebasestorage.app/o/strat-charts%2Fthumbs%2F082_WasatchPlateau.jpg?alt=media,https://firebasestorage.googleapis.com/v0/b/ut-dnr-ugs-geolmapportal-prod.firebasestorage.app/o/strat-charts%2Fpreviews%2F082_WasatchPlateau.jpg?alt=media,18000,Geologic History of Utah: A Field Guide to Utah's Rocks,"Hintze, L.F., and Kowallis, B.J.",2021,"Department of Geological Sciences, Brigham Young University, Provo, Utah",https://utahmapstore.com/products/geologic-history-of-utah-a-field-guide-to-utahs-rocks,
83,Upper Salina Canyon I-70,Upper Salina,083_UpperSalina.jpg,stratigraphic_column,-111.469193,38.844161,UT,https://firebasestorage.googleapis.com/v0/b/ut-dnr-ugs-geolmapportal-prod.firebasestorage.app/o/strat-charts%2F083_UpperSalina.jpg?alt=media,https://firebasestorage.googleapis.com/v0/b/ut-dnr-ugs-geolmapportal-prod.firebasestorage.app/o/strat-charts%2Fthumbs%2F083_UpperSalina.jpg?alt=media,https://firebasestorage.googleapis.com/v0/b/ut-dnr-ugs-geolmapportal-prod.firebasestorage.app/o/strat-charts%2Fpreviews%2F083_UpperSalina.jpg?alt=media,18000,Geologic History of Utah: A Field Guide to Utah's Rocks,"Hintze, L.F., and Kowallis, B.J.",2021,"Department of Geological Sciences, Brigham Young University, Provo, Utah",https://utahmapstore.com/products/geologic-history-of-utah-a-field-guide-to-utahs-rocks,
84,San Rafael Swell,San Rafael Swell,084_SanRafaelSwell.jpg,stratigraphic_column,-110.870292,38.879060,UT,https://firebasestorage.googleapis.com/v0/b/ut-dnr-ugs-geolmapportal-prod.firebasestorage.app/o/strat-charts%2F084_SanRafaelSwell.jpg?alt=media,https://firebasestorage.googleapis.com/v0/b/ut-dnr-ugs-geolmapportal-prod.firebasestorage.app/o/strat-charts%2Fthumbs%2F084_SanRafaelSwell.jpg?alt=media,https://firebasestorage.googleapis.com/v0/b/ut-dnr-ugs-geolmapportal-prod.firebasestorage.app/o/strat-charts%2Fpreviews%2F084_SanRafaelSwell.jpg?alt=media,18000,Geologic History of Utah: A Field Guide to Utah's Rocks,"Hintze, L.F., and Kowallis, B.J.",2021,"Department of Geological Sciences, Brigham Young University, Provo, Utah",https://utahmapstore.com/products/geologic-history-of-utah-a-field-guide-to-utahs-rocks,
85,Mountain Home Range,Mountain Home,085_MountainHome.jpg,stratigraphic_column,-113.929916,38.611736,UT,https://firebasestorage.googleapis.com/v0/b/ut-dnr-ugs-geolmapportal-prod.firebasestorage.app/o/strat-charts%2F085_MountainHome.jpg?alt=media,https://firebasestorage.googleapis.com/v0/b/ut-dnr-ugs-geolmapportal-prod.firebasestorage.app/o/strat-charts%2Fthumbs%2F085_MountainHome.jpg?alt=media,https://firebasestorage.googleapis.com/v0/b/ut-dnr-ugs-geolmapportal-prod.firebasestorage.app/o/strat-charts%2Fpreviews%2F085_MountainHome.jpg?alt=media,18000,Geologic History of Utah: A Field Guide to Utah's Rocks,"Hintze, L.F., and Kowallis, B.J.",2021,"Department of Geological Sciences, Brigham Young University, Provo, Utah",https://utahmapstore.com/products/geologic-history-of-utah-a-field-guide-to-utahs-rocks,
86,Indian Peak (Needle) Range,Indian Peak Needle Range,086_IndianPeakNeedleRange.jpg,stratigraphic_column,-113.944424,38.163388,UT,https://firebasestorage.googleapis.com/v0/b/ut-dnr-ugs-geolmapportal-prod.firebasestorage.app/o/strat-charts%2F086_IndianPeakNeedleRange.jpg?alt=media,https://firebasestorage.googleapis.com/v0/b/ut-dnr-ugs-geolmapportal-prod.firebasestorage.app/o/strat-charts%2Fthumbs%2F086_IndianPeakNeedleRange.jpg?alt=media,https://firebasestorage.googleapis.com/v0/b/ut-dnr-ugs-geolmapportal-prod.firebasestorage.app/o/strat-charts%2Fpreviews%2F086_IndianPeakNeedleRange.jpg?alt=media,18000,Geologic History of Utah: A Field Guide to Utah's Rocks,"Hintze, L.F., and Kowallis, B.J.",2021,"Department of Geological Sciences, Brigham Young University, Provo, Utah",https://utahmapstore.com/products/geologic-history-of-utah-a-field-guide-to-utahs-rocks,
87,Wah Wah Mountains,Wah Wah Mountains,087_WahWahMountains.jpg,stratigraphic_column,-113.591629,38.355335,UT,https://firebasestorage.googleapis.com/v0/b/ut-dnr-ugs-geolmapportal-prod.firebasestorage.app/o/strat-charts%2F087_WahWahMountains.jpg?alt=media,https://firebasestorage.googleapis.com/v0/b/ut-dnr-ugs-geolmapportal-prod.firebasestorage.app/o/strat-charts%2Fthumbs%2F087_WahWahMountains.jpg?alt=media,https://firebasestorage.googleapis.com/v0/b/ut-dnr-ugs-geolmapportal-prod.firebasestorage.app/o/strat-charts%2Fpreviews%2F087_WahWahMountains.jpg?alt=media,18000,Geologic History of Utah: A Field Guide to Utah's Rocks,"Hintze, L.F., and Kowallis, B.J.",2021,"Department of Geological Sciences, Brigham Young University, Provo, Utah",https://utahmapstore.com/products/geologic-history-of-utah-a-field-guide-to-utahs-rocks,
88,Frisco – Beaver Lake Mountains,Frisco Beaver Lake Mts,088_FriscoBeaverLakeMts.jpg,stratigraphic_column,-113.328501,38.515832,UT,https://firebasestorage.googleapis.com/v0/b/ut-dnr-ugs-geolmapportal-prod.firebasestorage.app/o/strat-charts%2F088_FriscoBeaverLakeMts.jpg?alt=media,https://firebasestorage.googleapis.com/v0/b/ut-dnr-ugs-geolmapportal-prod.firebasestorage.app/o/strat-charts%2Fthumbs%2F088_FriscoBeaverLakeMts.jpg?alt=media,https://firebasestorage.googleapis.com/v0/b/ut-dnr-ugs-geolmapportal-prod.firebasestorage.app/o/strat-charts%2Fpreviews%2F088_FriscoBeaverLakeMts.jpg?alt=media,18000,Geologic History of Utah: A Field Guide to Utah's Rocks,"Hintze, L.F., and Kowallis, B.J.",2021,"Department of Geological Sciences, Brigham Young University, Provo, Utah",https://utahmapstore.com/products/geologic-history-of-utah-a-field-guide-to-utahs-rocks,
89,Bull Valley Mts – Beryl Jct,Bull Valley,089_BullValley.jpg,stratigraphic_column,-113.893631,37.635173,UT,https://firebasestorage.googleapis.com/v0/b/ut-dnr-ugs-geolmapportal-prod.firebasestorage.app/o/strat-charts%2F089_BullValley.jpg?alt=media,https://firebasestorage.googleapis.com/v0/b/ut-dnr-ugs-geolmapportal-prod.firebasestorage.app/o/strat-charts%2Fthumbs%2F089_BullValley.jpg?alt=media,https://firebasestorage.googleapis.com/v0/b/ut-dnr-ugs-geolmapportal-prod.firebasestorage.app/o/strat-charts%2Fpreviews%2F089_BullValley.jpg?alt=media,18000,Geologic History of Utah: A Field Guide to Utah's Rocks,"Hintze, L.F., and Kowallis, B.J.",2021,"Department of Geological Sciences, Brigham Young University, Provo, Utah",https://utahmapstore.com/products/geologic-history-of-utah-a-field-guide-to-utahs-rocks,
90,Blue Mtn & S. Wah Wah Mts,Blue Mtn,090_BlueMtn.jpg,stratigraphic_column,-113.520969,38.047930,UT,https://firebasestorage.googleapis.com/v0/b/ut-dnr-ugs-geolmapportal-prod.firebasestorage.app/o/strat-charts%2F090_BlueMtn.jpg?alt=media,https://firebasestorage.googleapis.com/v0/b/ut-dnr-ugs-geolmapportal-prod.firebasestorage.app/o/strat-charts%2Fthumbs%2F090_BlueMtn.jpg?alt=media,https://firebasestorage.googleapis.com/v0/b/ut-dnr-ugs-geolmapportal-prod.firebasestorage.app/o/strat-charts%2Fpreviews%2F090_BlueMtn.jpg?alt=media,18000,Geologic History of Utah: A Field Guide to Utah's Rocks,"Hintze, L.F., and Kowallis, B.J.",2021,"Department of Geological Sciences, Brigham Young University, Provo, Utah",https://utahmapstore.com/products/geologic-history-of-utah-a-field-guide-to-utahs-rocks,
91,Star Range near Milford,Star Range,091_StarRange.jpg,stratigraphic_column,-113.170882,38.324856,UT,https://firebasestorage.googleapis.com/v0/b/ut-dnr-ugs-geolmapportal-prod.firebasestorage.app/o/strat-charts%2F091_StarRange.jpg?alt=media,https://firebasestorage.googleapis.com/v0/b/ut-dnr-ugs-geolmapportal-prod.firebasestorage.app/o/strat-charts%2Fthumbs%2F091_StarRange.jpg?alt=media,https://firebasestorage.googleapis.com/v0/b/ut-dnr-ugs-geolmapportal-prod.firebasestorage.app/o/strat-charts%2Fpreviews%2F091_StarRange.jpg?alt=media,18000,Geologic History of Utah: A Field Guide to Utah's Rocks,"Hintze, L.F., and Kowallis, B.J.",2021,"Department of Geological Sciences, Brigham Young University, Provo, Utah",https://utahmapstore.com/products/geologic-history-of-utah-a-field-guide-to-utahs-rocks,
92,Mineral Mountains,Mineral Mountains,092_MineralMountains.jpg,stratigraphic_column,-112.844037,38.508297,UT,https://firebasestorage.googleapis.com/v0/b/ut-dnr-ugs-geolmapportal-prod.firebasestorage.app/o/strat-charts%2F092_MineralMountains.jpg?alt=media,https://firebasestorage.googleapis.com/v0/b/ut-dnr-ugs-geolmapportal-prod.firebasestorage.app/o/strat-charts%2Fthumbs%2F092_MineralMountains.jpg?alt=media,https://firebasestorage.googleapis.com/v0/b/ut-dnr-ugs-geolmapportal-prod.firebasestorage.app/o/strat-charts%2Fpreviews%2F092_MineralMountains.jpg?alt=media,18000,Geologic History of Utah: A Field Guide to Utah's Rocks,"Hintze, L.F., and Kowallis, B.J.",2021,"Department of Geological Sciences, Brigham Young University, Provo, Utah",https://utahmapstore.com/products/geologic-history-of-utah-a-field-guide-to-utahs-rocks,
93,Beaver – Manderfield,Beaver Manderfield,093_BeaverManderfield.jpg,stratigraphic_column,-112.533544,38.290843,UT,https://firebasestorage.googleapis.com/v0/b/ut-dnr-ugs-geolmapportal-prod.firebasestorage.app/o/strat-charts%2F093_BeaverManderfield.jpg?alt=media,https://firebasestorage.googleapis.com/v0/b/ut-dnr-ugs-geolmapportal-prod.firebasestorage.app/o/strat-charts%2Fthumbs%2F093_BeaverManderfield.jpg?alt=media,https://firebasestorage.googleapis.com/v0/b/ut-dnr-ugs-geolmapportal-prod.firebasestorage.app/o/strat-charts%2Fpreviews%2F093_BeaverManderfield.jpg?alt=media,18000,Geologic History of Utah: A Field Guide to Utah's Rocks,"Hintze, L.F., and Kowallis, B.J.",2021,"Department of Geological Sciences, Brigham Young University, Provo, Utah",https://utahmapstore.com/products/geologic-history-of-utah-a-field-guide-to-utahs-rocks,
94,Southern Tushar Mountains,Southern Tushar Mtns,094_SouthernTusharMtns.jpg,stratigraphic_column,-112.579899,38.103435,UT,https://firebasestorage.googleapis.com/v0/b/ut-dnr-ugs-geolmapportal-prod.firebasestorage.app/o/strat-charts%2F094_SouthernTusharMtns.jpg?alt=media,https://firebasestorage.googleapis.com/v0/b/ut-dnr-ugs-geolmapportal-prod.firebasestorage.app/o/strat-charts%2Fthumbs%2F094_SouthernTusharMtns.jpg?alt=media,https://firebasestorage.googleapis.com/v0/b/ut-dnr-ugs-geolmapportal-prod.firebasestorage.app/o/strat-charts%2Fpreviews%2F094_SouthernTusharMtns.jpg?alt=media,18000,Geologic History of Utah: A Field Guide to Utah's Rocks,"Hintze, L.F., and Kowallis, B.J.",2021,"Department of Geological Sciences, Brigham Young University, Provo, Utah",https://utahmapstore.com/products/geologic-history-of-utah-a-field-guide-to-utahs-rocks,
95,Marysvale Area,Marysvale,095_Marysvale.jpg,stratigraphic_column,-112.156094,38.438231,UT,https://firebasestorage.googleapis.com/v0/b/ut-dnr-ugs-geolmapportal-prod.firebasestorage.app/o/strat-charts%2F095_Marysvale.jpg?alt=media,https://firebasestorage.googleapis.com/v0/b/ut-dnr-ugs-geolmapportal-prod.firebasestorage.app/o/strat-charts%2Fthumbs%2F095_Marysvale.jpg?alt=media,https://firebasestorage.googleapis.com/v0/b/ut-dnr-ugs-geolmapportal-prod.firebasestorage.app/o/strat-charts%2Fpreviews%2F095_Marysvale.jpg?alt=media,18000,Geologic History of Utah: A Field Guide to Utah's Rocks,"Hintze, L.F., and Kowallis, B.J.",2021,"Department of Geological Sciences, Brigham Young University, Provo, Utah",https://utahmapstore.com/products/geologic-history-of-utah-a-field-guide-to-utahs-rocks,
96,Antimony,Antimony,096_Antimony.jpg,stratigraphic_column,-111.994364,38.056049,UT,https://firebasestorage.googleapis.com/v0/b/ut-dnr-ugs-geolmapportal-prod.firebasestorage.app/o/strat-charts%2F096_Antimony.jpg?alt=media,https://firebasestorage.googleapis.com/v0/b/ut-dnr-ugs-geolmapportal-prod.firebasestorage.app/o/strat-charts%2Fthumbs%2F096_Antimony.jpg?alt=media,https://firebasestorage.googleapis.com/v0/b/ut-dnr-ugs-geolmapportal-prod.firebasestorage.app/o/strat-charts%2Fpreviews%2F096_Antimony.jpg?alt=media,18000,Geologic History of Utah: A Field Guide to Utah's Rocks,"Hintze, L.F., and Kowallis, B.J.",2021,"Department of Geological Sciences, Brigham Young University, Provo, Utah",https://utahmapstore.com/products/geologic-history-of-utah-a-field-guide-to-utahs-rocks,
97,Loa – Fish Lake Area,Loa Fish Lake,097_LoaFishLake.jpg,stratigraphic_column,-111.752184,38.509419,UT,https://firebasestorage.googleapis.com/v0/b/ut-dnr-ugs-geolmapportal-prod.firebasestorage.app/o/strat-charts%2F097_LoaFishLake.jpg?alt=media,https://firebasestorage.googleapis.com/v0/b/ut-dnr-ugs-geolmapportal-prod.firebasestorage.app/o/strat-charts%2Fthumbs%2F097_LoaFishLake.jpg?alt=media,https://firebasestorage.googleapis.com/v0/b/ut-dnr-ugs-geolmapportal-prod.firebasestorage.app/o/strat-charts%2Fpreviews%2F097_LoaFishLake.jpg?alt=media,18000,Geologic History of Utah: A Field Guide to Utah's Rocks,"Hintze, L.F., and Kowallis, B.J.",2021,"Department of Geological Sciences, Brigham Young University, Provo, Utah",https://utahmapstore.com/products/geologic-history-of-utah-a-field-guide-to-utahs-rocks,
98,Capitol Reef Area,Capital Reef,098_CapitalReef.jpg,stratigraphic_column,-111.383728,38.302714,UT,https://firebasestorage.googleapis.com/v0/b/ut-dnr-ugs-geolmapportal-prod.firebasestorage.app/o/strat-charts%2F098_CapitalReef.jpg?alt=media,https://firebasestorage.googleapis.com/v0/b/ut-dnr-ugs-geolmapportal-prod.firebasestorage.app/o/strat-charts%2Fthumbs%2F098_CapitalReef.jpg?alt=media,https://firebasestorage.googleapis.com/v0/b/ut-dnr-ugs-geolmapportal-prod.firebasestorage.app/o/strat-charts%2Fpreviews%2F098_CapitalReef.jpg?alt=media,18000,Geologic History of Utah: A Field Guide to Utah's Rocks,"Hintze, L.F., and Kowallis, B.J.",2021,"Department of Geological Sciences, Brigham Young University, Provo, Utah",https://utahmapstore.com/products/geologic-history-of-utah-a-field-guide-to-utahs-rocks,
99,Hanksville Area,Hanksville,099_Hanksville.jpg,stratigraphic_column,-110.773991,38.273814,UT,https://firebasestorage.googleapis.com/v0/b/ut-dnr-ugs-geolmapportal-prod.firebasestorage.app/o/strat-charts%2F099_Hanksville.jpg?alt=media,https://firebasestorage.googleapis.com/v0/b/ut-dnr-ugs-geolmapportal-prod.firebasestorage.app/o/strat-charts%2Fthumbs%2F099_Hanksville.jpg?alt=media,https://firebasestorage.googleapis.com/v0/b/ut-dnr-ugs-geolmapportal-prod.firebasestorage.app/o/strat-charts%2Fpreviews%2F099_Hanksville.jpg?alt=media,18000,Geologic History of Utah: A Field Guide to Utah's Rocks,"Hintze, L.F., and Kowallis, B.J.",2021,"Department of Geological Sciences, Brigham Young University, Provo, Utah",https://utahmapstore.com/products/geologic-history-of-utah-a-field-guide-to-utahs-rocks,
100,Henry Mountains,Henry,100_Henry.jpg,stratigraphic_column,-110.720934,38.034188,UT,https://firebasestorage.googleapis.com/v0/b/ut-dnr-ugs-geolmapportal-prod.firebasestorage.app/o/strat-charts%2F100_Henry.jpg?alt=media,https://firebasestorage.googleapis.com/v0/b/ut-dnr-ugs-geolmapportal-prod.firebasestorage.app/o/strat-charts%2Fthumbs%2F100_Henry.jpg?alt=media,https://firebasestorage.googleapis.com/v0/b/ut-dnr-ugs-geolmapportal-prod.firebasestorage.app/o/strat-charts%2Fpreviews%2F100_Henry.jpg?alt=media,18000,Geologic History of Utah: A Field Guide to Utah's Rocks,"Hintze, L.F., and Kowallis, B.J.",2021,"Department of Geological Sciences, Brigham Young University, Provo, Utah",https://utahmapstore.com/products/geologic-history-of-utah-a-field-guide-to-utahs-rocks,
101,Iron Mines – Cedar City – Cedar Breaks,Iron Mines,101_IronMines.jpg,stratigraphic_column,-113.338843,37.735570,UT,https://firebasestorage.googleapis.com/v0/b/ut-dnr-ugs-geolmapportal-prod.firebasestorage.app/o/strat-charts%2F101_IronMines.jpg?alt=media,https://firebasestorage.googleapis.com/v0/b/ut-dnr-ugs-geolmapportal-prod.firebasestorage.app/o/strat-charts%2Fthumbs%2F101_IronMines.jpg?alt=media,https://firebasestorage.googleapis.com/v0/b/ut-dnr-ugs-geolmapportal-prod.firebasestorage.app/o/strat-charts%2Fpreviews%2F101_IronMines.jpg?alt=media,18000,Geologic History of Utah: A Field Guide to Utah's Rocks,"Hintze, L.F., and Kowallis, B.J.",2021,"Department of Geological Sciences, Brigham Young University, Provo, Utah",https://utahmapstore.com/products/geologic-history-of-utah-a-field-guide-to-utahs-rocks,
102,Pine Valley Mountains,Pine Valley,102_PineValley.jpg,stratigraphic_column,-113.461087,37.501238,UT,https://firebasestorage.googleapis.com/v0/b/ut-dnr-ugs-geolmapportal-prod.firebasestorage.app/o/strat-charts%2F102_PineValley.jpg?alt=media,https://firebasestorage.googleapis.com/v0/b/ut-dnr-ugs-geolmapportal-prod.firebasestorage.app/o/strat-charts%2Fthumbs%2F102_PineValley.jpg?alt=media,https://firebasestorage.googleapis.com/v0/b/ut-dnr-ugs-geolmapportal-prod.firebasestorage.app/o/strat-charts%2Fpreviews%2F102_PineValley.jpg?alt=media,18000,Geologic History of Utah: A Field Guide to Utah's Rocks,"Hintze, L.F., and Kowallis, B.J.",2021,"Department of Geological Sciences, Brigham Young University, Provo, Utah",https://utahmapstore.com/products/geologic-history-of-utah-a-field-guide-to-utahs-rocks,
103,Beaver Dam Mountains,Beaver Dam,103_BeaverDam.jpg,stratigraphic_column,-113.943588,37.163272,UT,https://firebasestorage.googleapis.com/v0/b/ut-dnr-ugs-geolmapportal-prod.firebasestorage.app/o/strat-charts%2F103_BeaverDam.jpg?alt=media,https://firebasestorage.googleapis.com/v0/b/ut-dnr-ugs-geolmapportal-prod.firebasestorage.app/o/strat-charts%2Fthumbs%2F103_BeaverDam.jpg?alt=media,https://firebasestorage.googleapis.com/v0/b/ut-dnr-ugs-geolmapportal-prod.firebasestorage.app/o/strat-charts%2Fpreviews%2F103_BeaverDam.jpg?alt=media,18000,Geologic History of Utah: A Field Guide to Utah's Rocks,"Hintze, L.F., and Kowallis, B.J.",2021,"Department of Geological Sciences, Brigham Young University, Provo, Utah",https://utahmapstore.com/products/geologic-history-of-utah-a-field-guide-to-utahs-rocks,
104,St. George – Hurricane,St George,104_StGeorge.jpg,stratigraphic_column,-113.511331,37.058997,UT,https://firebasestorage.googleapis.com/v0/b/ut-dnr-ugs-geolmapportal-prod.firebasestorage.app/o/strat-charts%2F104_StGeorge.jpg?alt=media,https://firebasestorage.googleapis.com/v0/b/ut-dnr-ugs-geolmapportal-prod.firebasestorage.app/o/strat-charts%2Fthumbs%2F104_StGeorge.jpg?alt=media,https://firebasestorage.googleapis.com/v0/b/ut-dnr-ugs-geolmapportal-prod.firebasestorage.app/o/strat-charts%2Fpreviews%2F104_StGeorge.jpg?alt=media,18000,Geologic History of Utah: A Field Guide to Utah's Rocks,"Hintze, L.F., and Kowallis, B.J.",2021,"Department of Geological Sciences, Brigham Young University, Provo, Utah",https://utahmapstore.com/products/geologic-history-of-utah-a-field-guide-to-utahs-rocks,
105,Zion Park Area,Zion Park,105_ZionPark.jpg,stratigraphic_column,-112.944008,37.302455,UT,https://firebasestorage.googleapis.com/v0/b/ut-dnr-ugs-geolmapportal-prod.firebasestorage.app/o/strat-charts%2F105_ZionPark.jpg?alt=media,https://firebasestorage.googleapis.com/v0/b/ut-dnr-ugs-geolmapportal-prod.firebasestorage.app/o/strat-charts%2Fthumbs%2F105_ZionPark.jpg?alt=media,https://firebasestorage.googleapis.com/v0/b/ut-dnr-ugs-geolmapportal-prod.firebasestorage.app/o/strat-charts%2Fpreviews%2F105_ZionPark.jpg?alt=media,18000,Geologic History of Utah: A Field Guide to Utah's Rocks,"Hintze, L.F., and Kowallis, B.J.",2021,"Department of Geological Sciences, Brigham Young University, Provo, Utah",https://utahmapstore.com/products/geologic-history-of-utah-a-field-guide-to-utahs-rocks,
106,Kanab – Alton Area,Kanab,106_Kanab.jpg,stratigraphic_column,-112.528528,37.178700,UT,https://firebasestorage.googleapis.com/v0/b/ut-dnr-ugs-geolmapportal-prod.firebasestorage.app/o/strat-charts%2F106_Kanab.jpg?alt=media,https://firebasestorage.googleapis.com/v0/b/ut-dnr-ugs-geolmapportal-prod.firebasestorage.app/o/strat-charts%2Fthumbs%2F106_Kanab.jpg?alt=media,https://firebasestorage.googleapis.com/v0/b/ut-dnr-ugs-geolmapportal-prod.firebasestorage.app/o/strat-charts%2Fpreviews%2F106_Kanab.jpg?alt=media,18000,Geologic History of Utah: A Field Guide to Utah's Rocks,"Hintze, L.F., and Kowallis, B.J.",2021,"Department of Geological Sciences, Brigham Young University, Provo, Utah",https://utahmapstore.com/products/geologic-history-of-utah-a-field-guide-to-utahs-rocks,
107,Panguitch – Bryce – Henrieville,Panguitch,107_Panguitch.jpg,stratigraphic_column,-112.304068,37.745112,UT,https://firebasestorage.googleapis.com/v0/b/ut-dnr-ugs-geolmapportal-prod.firebasestorage.app/o/strat-charts%2F107_Panguitch.jpg?alt=media,https://firebasestorage.googleapis.com/v0/b/ut-dnr-ugs-geolmapportal-prod.firebasestorage.app/o/strat-charts%2Fthumbs%2F107_Panguitch.jpg?alt=media,https://firebasestorage.googleapis.com/v0/b/ut-dnr-ugs-geolmapportal-prod.firebasestorage.app/o/strat-charts%2Fpreviews%2F107_Panguitch.jpg?alt=media,18000,Geologic History of Utah: A Field Guide to Utah's Rocks,"Hintze, L.F., and Kowallis, B.J.",2021,"Department of Geological Sciences, Brigham Young University, Provo, Utah",https://utahmapstore.com/products/geologic-history-of-utah-a-field-guide-to-utahs-rocks,
108,"Grand Canyon, Arizona",Grand Canyon,108_GrandCanyon.jpg,stratigraphic_column,-112.242370,36.908927,AZ,https://firebasestorage.googleapis.com/v0/b/ut-dnr-ugs-geolmapportal-prod.firebasestorage.app/o/strat-charts%2F108_GrandCanyon.jpg?alt=media,https://firebasestorage.googleapis.com/v0/b/ut-dnr-ugs-geolmapportal-prod.firebasestorage.app/o/strat-charts%2Fthumbs%2F108_GrandCanyon.jpg?alt=media,https://firebasestorage.googleapis.com/v0/b/ut-dnr-ugs-geolmapportal-prod.firebasestorage.app/o/strat-charts%2Fpreviews%2F108_GrandCanyon.jpg?alt=media,18000,Geologic History of Utah: A Field Guide to Utah's Rocks,"Hintze, L.F., and Kowallis, B.J.",2021,"Department of Geological Sciences, Brigham Young University, Provo, Utah",https://utahmapstore.com/products/geologic-history-of-utah-a-field-guide-to-utahs-rocks,
109,Escalante – Circle Cliffs,Escalante,109_Escalante.jpg,stratigraphic_column,-111.556104,37.689511,UT,https://firebasestorage.googleapis.com/v0/b/ut-dnr-ugs-geolmapportal-prod.firebasestorage.app/o/strat-charts%2F109_Escalante.jpg?alt=media,https://firebasestorage.googleapis.com/v0/b/ut-dnr-ugs-geolmapportal-prod.firebasestorage.app/o/strat-charts%2Fthumbs%2F109_Escalante.jpg?alt=media,https://firebasestorage.googleapis.com/v0/b/ut-dnr-ugs-geolmapportal-prod.firebasestorage.app/o/strat-charts%2Fpreviews%2F109_Escalante.jpg?alt=media,18000,Geologic History of Utah: A Field Guide to Utah's Rocks,"Hintze, L.F., and Kowallis, B.J.",2021,"Department of Geological Sciences, Brigham Young University, Provo, Utah",https://utahmapstore.com/products/geologic-history-of-utah-a-field-guide-to-utahs-rocks,
110,Glen Canyon – Kaiparowits Plateau,Glen Canyon,110_GlenCanyon.jpg,stratigraphic_column,-111.305131,37.202592,UT,https://firebasestorage.googleapis.com/v0/b/ut-dnr-ugs-geolmapportal-prod.firebasestorage.app/o/strat-charts%2F110_GlenCanyon.jpg?alt=media,https://firebasestorage.googleapis.com/v0/b/ut-dnr-ugs-geolmapportal-prod.firebasestorage.app/o/strat-charts%2Fthumbs%2F110_GlenCanyon.jpg?alt=media,https://firebasestorage.googleapis.com/v0/b/ut-dnr-ugs-geolmapportal-prod.firebasestorage.app/o/strat-charts%2Fpreviews%2F110_GlenCanyon.jpg?alt=media,18000,Geologic History of Utah: A Field Guide to Utah's Rocks,"Hintze, L.F., and Kowallis, B.J.",2021,"Department of Geological Sciences, Brigham Young University, Provo, Utah",https://utahmapstore.com/products/geologic-history-of-utah-a-field-guide-to-utahs-rocks,
111,Hite Crossing – White Canyon,Hite,111_Hite.jpg,stratigraphic_column,-110.376586,37.867048,UT,https://firebasestorage.googleapis.com/v0/b/ut-dnr-ugs-geolmapportal-prod.firebasestorage.app/o/strat-charts%2F111_Hite.jpg?alt=media,https://firebasestorage.googleapis.com/v0/b/ut-dnr-ugs-geolmapportal-prod.firebasestorage.app/o/strat-charts%2Fthumbs%2F111_Hite.jpg?alt=media,https://firebasestorage.googleapis.com/v0/b/ut-dnr-ugs-geolmapportal-prod.firebasestorage.app/o/strat-charts%2Fpreviews%2F111_Hite.jpg?alt=media,18000,Geologic History of Utah: A Field Guide to Utah's Rocks,"Hintze, L.F., and Kowallis, B.J.",2021,"Department of Geological Sciences, Brigham Young University, Provo, Utah",https://utahmapstore.com/products/geologic-history-of-utah-a-field-guide-to-utahs-rocks,
112,Lower San Juan River – Monument Valley,Lower San Juan,112_LowerSanJuan.jpg,stratigraphic_column,-110.517593,37.140790,UT,https://firebasestorage.googleapis.com/v0/b/ut-dnr-ugs-geolmapportal-prod.firebasestorage.app/o/strat-charts%2F112_LowerSanJuan.jpg?alt=media,https://firebasestorage.googleapis.com/v0/b/ut-dnr-ugs-geolmapportal-prod.firebasestorage.app/o/strat-charts%2Fthumbs%2F112_LowerSanJuan.jpg?alt=media,https://firebasestorage.googleapis.com/v0/b/ut-dnr-ugs-geolmapportal-prod.firebasestorage.app/o/strat-charts%2Fpreviews%2F112_LowerSanJuan.jpg?alt=media,18000,Geologic History of Utah: A Field Guide to Utah's Rocks,"Hintze, L.F., and Kowallis, B.J.",2021,"Department of Geological Sciences, Brigham Young University, Provo, Utah",https://utahmapstore.com/products/geologic-history-of-utah-a-field-guide-to-utahs-rocks,
113,Moab – Arches – La Sal Mts,Moab,113_Moab.jpg,stratigraphic_column,-109.469775,38.546129,UT,https://firebasestorage.googleapis.com/v0/b/ut-dnr-ugs-geolmapportal-prod.firebasestorage.app/o/strat-charts%2F113_Moab.jpg?alt=media,https://firebasestorage.googleapis.com/v0/b/ut-dnr-ugs-geolmapportal-prod.firebasestorage.app/o/strat-charts%2Fthumbs%2F113_Moab.jpg?alt=media,https://firebasestorage.googleapis.com/v0/b/ut-dnr-ugs-geolmapportal-prod.firebasestorage.app/o/strat-charts%2Fpreviews%2F113_Moab.jpg?alt=media,18000,Geologic History of Utah: A Field Guide to Utah's Rocks,"Hintze, L.F., and Kowallis, B.J.",2021,"Department of Geological Sciences, Brigham Young University, Provo, Utah",https://utahmapstore.com/products/geologic-history-of-utah-a-field-guide-to-utahs-rocks,
114,Canyonlands National Park,Canyon Lands,114_CanyonLands.jpg,stratigraphic_column,-109.872354,38.300494,UT,https://firebasestorage.googleapis.com/v0/b/ut-dnr-ugs-geolmapportal-prod.firebasestorage.app/o/strat-charts%2F114_CanyonLands.jpg?alt=media,https://firebasestorage.googleapis.com/v0/b/ut-dnr-ugs-geolmapportal-prod.firebasestorage.app/o/strat-charts%2Fthumbs%2F114_CanyonLands.jpg?alt=media,https://firebasestorage.googleapis.com/v0/b/ut-dnr-ugs-geolmapportal-prod.firebasestorage.app/o/strat-charts%2Fpreviews%2F114_CanyonLands.jpg?alt=media,18000,Geologic History of Utah: A Field Guide to Utah's Rocks,"Hintze, L.F., and Kowallis, B.J.",2021,"Department of Geological Sciences, Brigham Young University, Provo, Utah",https://utahmapstore.com/products/geologic-history-of-utah-a-field-guide-to-utahs-rocks,
115,Monticello – Bluff – Aneth,Monticello,115_Monticello.jpg,stratigraphic_column,-109.442402,37.538870,UT,https://firebasestorage.googleapis.com/v0/b/ut-dnr-ugs-geolmapportal-prod.firebasestorage.app/o/strat-charts%2F115_Monticello.jpg?alt=media,https://firebasestorage.googleapis.com/v0/b/ut-dnr-ugs-geolmapportal-prod.firebasestorage.app/o/strat-charts%2Fthumbs%2F115_Monticello.jpg?alt=media,https://firebasestorage.googleapis.com/v0/b/ut-dnr-ugs-geolmapportal-prod.firebasestorage.app/o/strat-charts%2Fpreviews%2F115_Monticello.jpg?alt=media,18000,Geologic History of Utah: A Field Guide to Utah's Rocks,"Hintze, L.F., and Kowallis, B.J.",2021,"Department of Geological Sciences, Brigham Young University, Provo, Utah",https://utahmapstore.com/products/geologic-history-of-utah-a-field-guide-to-utahs-rocks,
116,Mexican Hat – Comb Ridge,Mexican Hat,116_MexicanHat.jpg,stratigraphic_column,-109.804239,37.168003,UT,https://firebasestorage.googleapis.com/v0/b/ut-dnr-ugs-geolmapportal-prod.firebasestorage.app/o/strat-charts%2F116_MexicanHat.jpg?alt=media,https://firebasestorage.googleapis.com/v0/b/ut-dnr-ugs-geolmapportal-prod.firebasestorage.app/o/strat-charts%2Fthumbs%2F116_MexicanHat.jpg?alt=media,https://firebasestorage.googleapis.com/v0/b/ut-dnr-ugs-geolmapportal-prod.firebasestorage.app/o/strat-charts%2Fpreviews%2F116_MexicanHat.jpg?alt=media,18000,Geologic History of Utah: A Field Guide to Utah's Rocks,"Hintze, L.F., and Kowallis, B.J.",2021,"Department of Geological Sciences, Brigham Young University, Provo, Utah",https://utahmapstore.com/products/geologic-history-of-utah-a-field-guide-to-utahs-rocks,
117,Kings Peak Area,Kings Peak,117_Kings Peak.jpg,stratigraphic_column,-110.294834,40.898253,UT,https://firebasestorage.googleapis.com/v0/b/ut-dnr-ugs-geolmapportal-prod.firebasestorage.app/o/strat-charts%2F117_Kings%20Peak.jpg?alt=media,https://firebasestorage.googleapis.com/v0/b/ut-dnr-ugs-geolmapportal-prod.firebasestorage.app/o/strat-charts%2Fthumbs%2F117_Kings%20Peak.jpg?alt=media,https://firebasestorage.googleapis.com/v0/b/ut-dnr-ugs-geolmapportal-prod.firebasestorage.app/o/strat-charts%2Fpreviews%2F117_Kings%20Peak.jpg?alt=media,18000,Geologic History of Utah: A Field Guide to Utah's Rocks,"Hintze, L.F., and Kowallis, B.J.",2021,"Department of Geological Sciences, Brigham Young University, Provo, Utah",https://utahmapstore.com/products/geologic-history-of-utah-a-field-guide-to-utahs-rocks,
118,Vernal NW Area,Vernal NW,118_VernalNW.jpg,stratigraphic_column,-109.920120,40.645202,UT,https://firebasestorage.googleapis.com/v0/b/ut-dnr-ugs-geolmapportal-prod.firebasestorage.app/o/strat-charts%2F118_VernalNW.jpg?alt=media,https://firebasestorage.googleapis.com/v0/b/ut-dnr-ugs-geolmapportal-prod.firebasestorage.app/o/strat-charts%2Fthumbs%2F118_VernalNW.jpg?alt=media,https://firebasestorage.googleapis.com/v0/b/ut-dnr-ugs-geolmapportal-prod.firebasestorage.app/o/strat-charts%2Fpreviews%2F118_VernalNW.jpg?alt=media,18000,Geologic History of Utah: A Field Guide to Utah's Rocks,"Hintze, L.F., and Kowallis, B.J.",2021,"Department of Geological Sciences, Brigham Young University, Provo, Utah",https://utahmapstore.com/products/geologic-history-of-utah-a-field-guide-to-utahs-rocks,
119,Dry Fork / Steinaker Reservoir,Dry Fork Steinaker,119_DryForkSteinaker.jpg,stratigraphic_column,-109.845675,40.811628,UT,https://firebasestorage.googleapis.com/v0/b/ut-dnr-ugs-geolmapportal-prod.firebasestorage.app/o/strat-charts%2F119_DryForkSteinaker.jpg?alt=media,https://firebasestorage.googleapis.com/v0/b/ut-dnr-ugs-geolmapportal-prod.firebasestorage.app/o/strat-charts%2Fthumbs%2F119_DryForkSteinaker.jpg?alt=media,https://firebasestorage.googleapis.com/v0/b/ut-dnr-ugs-geolmapportal-prod.firebasestorage.app/o/strat-charts%2Fpreviews%2F119_DryForkSteinaker.jpg?alt=media,18000,Geologic History of Utah: A Field Guide to Utah's Rocks,"Hintze, L.F., and Kowallis, B.J.",2021,"Department of Geological Sciences, Brigham Young University, Provo, Utah",https://utahmapstore.com/products/geologic-history-of-utah-a-field-guide-to-utahs-rocks,
120,Phil Pico Mountain Area,Phil Pico Mountain,120_Phil Pico Mountain.jpg,stratigraphic_column,-109.930007,41.036871,WY,https://firebasestorage.googleapis.com/v0/b/ut-dnr-ugs-geolmapportal-prod.firebasestorage.app/o/strat-charts%2F120_Phil%20Pico%20Mountain.jpg?alt=media,https://firebasestorage.googleapis.com/v0/b/ut-dnr-ugs-geolmapportal-prod.firebasestorage.app/o/strat-charts%2Fthumbs%2F120_Phil%20Pico%20Mountain.jpg?alt=media,https://firebasestorage.googleapis.com/v0/b/ut-dnr-ugs-geolmapportal-prod.firebasestorage.app/o/strat-charts%2Fpreviews%2F120_Phil%20Pico%20Mountain.jpg?alt=media,18000,Geologic History of Utah: A Field Guide to Utah's Rocks,"Hintze, L.F., and Kowallis, B.J.",2021,"Department of Geological Sciences, Brigham Young University, Provo, Utah",https://utahmapstore.com/products/geologic-history-of-utah-a-field-guide-to-utahs-rocks,
121,Agency Draw,Agency Draw,121_Agency Draw.jpg,stratigraphic_column,-109.557180,39.676824,UT,https://firebasestorage.googleapis.com/v0/b/ut-dnr-ugs-geolmapportal-prod.firebasestorage.app/o/strat-charts%2F121_Agency%20Draw.jpg?alt=media,https://firebasestorage.googleapis.com/v0/b/ut-dnr-ugs-geolmapportal-prod.firebasestorage.app/o/strat-charts%2Fthumbs%2F121_Agency%20Draw.jpg?alt=media,https://firebasestorage.googleapis.com/v0/b/ut-dnr-ugs-geolmapportal-prod.firebasestorage.app/o/strat-charts%2Fpreviews%2F121_Agency%20Draw.jpg?alt=media,18000,Geologic History of Utah: A Field Guide to Utah's Rocks,"Hintze, L.F., and Kowallis, B.J.",2021,"Department of Geological Sciences, Brigham Young University, Provo, Utah",https://utahmapstore.com/products/geologic-history-of-utah-a-field-guide-to-utahs-rocks,
122,Desert Mountain – Allison Knolls,Desert Mountain,122_Desert Mountain.jpg,stratigraphic_column,-112.603806,39.755925,UT,https://firebasestorage.googleapis.com/v0/b/ut-dnr-ugs-geolmapportal-prod.firebasestorage.app/o/strat-charts%2F122_Desert%20Mountain.jpg?alt=media,https://firebasestorage.googleapis.com/v0/b/ut-dnr-ugs-geolmapportal-prod.firebasestorage.app/o/strat-charts%2Fthumbs%2F122_Desert%20Mountain.jpg?alt=media,https://firebasestorage.googleapis.com/v0/b/ut-dnr-ugs-geolmapportal-prod.firebasestorage.app/o/strat-charts%2Fpreviews%2F122_Desert%20Mountain.jpg?alt=media,18000,Geologic History of Utah: A Field Guide to Utah's Rocks,"Hintze, L.F., and Kowallis, B.J.",2021,"Department of Geological Sciences, Brigham Young University, Provo, Utah",https://utahmapstore.com/products/geologic-history-of-utah-a-field-guide-to-utahs-rocks,
123,Natural Bridges Natl. Mon.,Natural Bridges,123_NaturalBridges.jpg,stratigraphic_column,-110.115351,37.564836,UT,https://firebasestorage.googleapis.com/v0/b/ut-dnr-ugs-geolmapportal-prod.firebasestorage.app/o/strat-charts%2F123_NaturalBridges.jpg?alt=media,https://firebasestorage.googleapis.com/v0/b/ut-dnr-ugs-geolmapportal-prod.firebasestorage.app/o/strat-charts%2Fthumbs%2F123_NaturalBridges.jpg?alt=media,https://firebasestorage.googleapis.com/v0/b/ut-dnr-ugs-geolmapportal-prod.firebasestorage.app/o/strat-charts%2Fpreviews%2F123_NaturalBridges.jpg?alt=media,18000,Geologic History of Utah: A Field Guide to Utah's Rocks,"Hintze, L.F., and Kowallis, B.J.",2021,"Department of Geological Sciences, Brigham Young University, Provo, Utah",https://utahmapstore.com/products/geologic-history-of-utah-a-field-guide-to-utahs-rocks,
