chart_id,unit_seq,row_index,period,parent_unit,unit_name,unit_name_normalized,column_variant,thickness_text,thickness_min_ft,thickness_max_ft,lithology_pattern,notes,is_banner,note_spans,qa_flag
1,1,1,Q,,"Alluvium, Colluvium","Alluvium, Colluvium",,0-100,0,100,,,false,false,
1,2,2,Q,,"Glacial deposits, Albion Mts.","Glacial deposits, Albion Mts.",,0-50,0,50,,,false,false,
1,3,3,Q,,Snake River Basalt Group,Snake River Basalt Group,,0-200,0,200,,0.5 m.y.,false,false,
1,4,4,Q,,Raft Formation,Raft Formation,,0-300,0,300,,,false,false,
1,5,5,PLIO,Salt Lake Fm,Upper basin fill,Upper basin fill,,0-300,0,300,,,false,false,
1,6,6,MIOCENE,Salt Lake Fm,Upper tuffaceous mbr,Upper tuffaceous mbr,,0-4000,0,4000,,7 m.y. Cedar Knoll Tuff,false,false,
1,7,7,MIOCENE,Salt Lake Fm,Basalt of N. Cotterel Mt,Basalt of N. Cotterel Mt,,0-100,0,100,,,false,false,
1,8,8,MIOCENE,Jim Sage Volc Mbr,Upper rhyolite flows & domes,Upper rhyolite flows & domes,,0-1500,0,1500,,7-9 m.y.; 9-10 m.y.,false,false,
1,9,9,MIOCENE,Jim Sage Volc Mbr,Middle unit,Middle unit,,100-300,100,300,,vitrophyre breccia,false,false,
1,10,10,MIOCENE,Jim Sage Volc Mbr,Lower rhyolite flows,Lower rhyolite flows,,0-1500,0,1500,,"see Colgan et al., 2004; for age of volcanism in; Yellowstone hotspot; migrating north of the; Albion Mountains",false,false,
1,11,11,MIOCENE,Salt Lake Fm,Lower tuffaceous mbr,Lower tuffaceous mbr,,600-1500,600,1500,,Basin-Range UNCONFORMITY,false,false,
1,12,13,Φ,,Almo granitic pluton,Almo granitic pluton,,,,,,"31 m.y., see Link &; Fanning, 2005",false,false,
1,13,15,K,,CRETACEOUS DEFORMATION 70-80 M.Y. MADE NW-TRENDING FOLDS,CRETACEOUS DEFORMATION 70-80 Member.Y. MADE NW-TRENDING FOLDS,,,,,,,false,false,
1,14,17,J,,JURASSIC REGIONAL METAMORPHISM 160 M.Y. WITH NE-TRENDING FOLDS,JURASSIC REGIONAL METAMORPHISM 160 Member.Y. WITH NE-TRENDING FOLDS,,,,,,,false,false,
1,15,18,,,PRE-CENOZOIC ROCKS ARE IN FAULT-BOUNDED ATTENUATED SHEETS,PRE-CENOZOIC ROCKS ARE IN FAULT-BOUNDED ATTENUATED SHEETS,,,,,,,false,false,
1,16,19,TR,,Dinwoody Formation,Dinwoody Formation,,slice,,,,"molluscs, gastropods",false,false,
1,17,20,P,,"Rex Chert Mbr, Phosphoria Fm","Rex Chert Member, Phosphoria Formation",,slice,,,,,false,false,
1,18,21,IP,Oquirrh Group,Sandy limestone,Sandy limestone,,0-500,0,500,,,false,false,
1,19,22,IP,Oquirrh Group,West Canyon Ls?,West Canyon Limestone?,,0-200,0,200,,,false,false,
1,20,23,M,,Manning Canyon phyllite,Manning Canyon phyllite,,0-200,0,200,,"= Chainman Shale, black",false,false,
1,21,24,,,3000-4000 FEET OF SIL-DEV-MISS CARBONATE STRATA MISSING BY FAULTING HERE,3000-4000 FEET OF SIL-DEV-MISS CARBONATE STRATA MISSING BY FAULTING HERE,,,,,,,false,false,
1,22,25,ORDO,,Metamorphosed Ely Springs Dol,Metamorphosed Ely Springs Dolomite,,0-50,0,50,,,false,false,
1,23,26,ORDO,,Metamorphosed Eureka Qtz,Metamorphosed Eureka Qtz,,0-50,0,50,,,false,false,
1,24,27,ORDO,,Metamorphosed Pogonip Group,Metamorphosed Pogonip Group,,0-1000?,0,1000,,Kanosh Shale locally; present,false,false,
1,25,28,,,3000-5000 FEET OF CAMBRIAN CARBONATE ROCKS FOUND IN OTHER RANGES IN THE REGION ARE NOT RECOGNIZED IN THE ALBION AREA,3000-5000 FEET OF CAMBRIAN CARBONATE ROCKS FOUND IN OTHER RANGES IN THE REGION ARE NOT RECOGNIZED IN THE ALBION AREA,,,,,,,false,false,
1,26,29,NEOPROTEROZOIC,PARAUTOCHTHON,Schist of Mahogany Peaks or Quartzite of Thompson Flat,Schist of Mahogany Peaks or Quartzite of Thompson Flat,,0-300,0,300,,Harrison Summit; Quartzite; 2500 ft,false,false,
1,27,30,NEOPROTEROZOIC,PARAUTOCHTHON,Qtzt of Clarks Basin,Quartzite of Clarks Basin,,0-200,0,200,,Schist of,false,false,
1,28,31,NEOPROTEROZOIC,PARAUTOCHTHON,Schist of Stevens Spring,Schist of Stevens Spring,,100-500,100,500,,Willow Creek; 1600 ft,false,false,
1,29,32,NEOPROTEROZOIC,PARAUTOCHTHON,Quartzite of Yost,Quartzite of Yost,,0-100,0,100,,Daley Creek Qtzt,false,false,
1,30,33,NEOPROTEROZOIC,,DETACHMENT FAULT HERE,DETACHMENT FAULT HERE,,,,,,7000-8500 ft,false,false,
1,31,34,NEOPROTEROZOIC,AUTOCHTHON,Schist of Upper Narrows,Schist of Upper Narrows,,200-600,200,600,,Note: Correlation between; Mt Harrison sequence,false,false,
1,32,35,NEOPROTEROZOIC,AUTOCHTHON,Elba Quartzite,Elba Quartzite,,200-700,200,700,,"and other pre-Mesozoic; rocks is uncertain.; In addition, there",false,false,
1,33,36,NEOPROTEROZOIC,AUTOCHTHON,MAJOR UNCONFORMITY,MAJOR UNCONFORMITY,,,,,,are other tectonic,false,false,
1,34,37,ARCH'N,AUTOCHTHON,Green Creek Complex,Green Creek Complex,,"gneiss, biotite schist, amphibolite",,,,"sequences of smaller; extent whose original; identity is not known; Strickland et al., 2007; 2460 m.y. Rb-Sr; Armstrong & Hills, 1967",false,false,
2,1,1,Q,,"Alluvium, colluvium, landslides","Alluvium, colluvium, landslides",,0-100,0,100,,6000 yr Mazama ash,false,false,
2,2,2,Q,,Bonneville & glacial deposits,Bonneville & glacial deposits,,0-50,0,50,,,false,false,
2,3,3,P,,Basalt flows E. of Peplin Mts,Basalt flows E. of Peplin Mts,,0-100,0,100,,3.2 m.y.,false,false,
2,4,4,MIOCENE,,Dacite flows near Standrod,Dacite flows near Standrod,,0-100,0,100,,9 m.y. ?,false,false,
2,5,5,MIOCENE,,"Tuffaceous mudstone, sandstone, conglomerate, and buried valley-filling sedimentary and igneous deposits","Tuffaceous mudstone, sandstone, conglomerate, and buried valley-filling sedimentary and igneous deposits",,several thousand,,,,Oligocene-Miocene ductile strain imposed on all Pennsylvanian and older units.; Basin-Range UNCONFORMITY,false,false,
2,6,6,,,CENOZOIC DEPOSITS OVERLAP OLDER ROCKS UNCONFORMABLY,CENOZOIC DEPOSITS OVERLAP OLDER ROCKS UNCONFORMABLY,,,,,,,true,false,
2,7,7,PENN,Oquirrh Group,Calcareous sandstone,Calcareous sandstone,,0-1000,0,1000,,Metamorphic grade decreases eastward in the range,false,false,
2,8,7,PENN,Oquirrh Group,Gray sandy limestone,Gray sandy limestone,,0-1000,0,1000,,Pseudofusulinella,false,false,
2,9,7,PENN,Oquirrh Group,Dolomite marble,Dolomite marble,,0-1000,0,1000,,Triticites,false,false,
2,10,8,M,,Diamond Peak and Chainman phyllite,Diamond Peak and Chainman phyllite,,0-300,0,300,,greatly attenuated glide surface,false,false,
2,11,9,,,"3000-4000 FEET OF SILURIAN, DEVONIAN, & MISSISSIPPIAN STRATA ARE ATTENUATED & OMITTED BY CRETACEOUS & EOCENE THRUSTS","3000-4000 FEET OF SILURIAN, DEVONIAN, & MISSISSIPPIAN STRATA ARE ATTENUATED & OMITTED BY CRETACEOUS & EOCENE THRUSTS",,,,,,,true,false,
2,12,10,ORDO,,Metamorphosed Ely Springs Dol,Metamorphosed Ely Springs Dolomite,,0-600,0,600,,crinoid fragments,false,false,
2,13,11,ORDO,,Metamorphosed Eureka Qtz,Metamorphosed Eureka Qtz,,250-400,250,400,,Lower Paleozoic & Proterozoic strata have been greatly thinned tectonically. Stretched-grain ratios range up to 1:7:20.,false,true,
2,14,12,ORDO,,Metamorphosed Pogonip Group,Metamorphosed Pogonip Group,,0-500,0,500,,,false,false,
2,15,13,,,3000-5000 FEET OF CAMBRIAN CARBONATE ROCKS MISSING HERE,3000-5000 FEET OF CAMBRIAN CARBONATE ROCKS MISSING HERE,,,,,,,true,false,
2,16,14,NEOPROTEROZOIC,,Schist of Mahogany Peaks,Schist of Mahogany Peaks,,50-300,50,300,,,false,false,
2,17,15,NEOPROTEROZOIC,,Quartzite of Clarks Basin,Quartzite of Clarks Basin,,0-400,0,400,,,false,false,
2,18,16,NEOPROTEROZOIC,,LOW-ANGLE ATTENUATION FAULT,LOW-ANGLE ATTENUATION FAULT,,,,,,,true,false,
2,19,17,NEOPROTEROZOIC,,Schist of Stevens Spring,Schist of Stevens Spring,,165-600,165,600,,graphite-bearing quartz-muscovite schist,false,false,
2,20,18,NEOPROTEROZOIC,,Quartzite of Yost,Quartzite of Yost,,0-400,0,400,,schists of Stevens Spring & Upper Narrows and Quartzite of Yost are omitted in the eastern Raft River Mtns by this fault,false,true,
2,21,19,NEOPROTEROZOIC,,RAFT RIVER DETACHMENT,RAFT RIVER DETACHMENT,,,,,,,true,false,
2,22,20,NEOPROTEROZOIC,,Schist of Upper Narrows,Schist of Upper Narrows,,0-1500,0,1500,,muscovite schist; biotitic & feldspathic gneiss and schist,false,false,
2,23,21,NEOPROTEROZOIC,,Elba Quartzite,Elba Quartzite,,50-1500,50,1500,,green-mica quartzite; feldspathic quartzite; white-mica schist,false,false,
2,24,22,ARCHEAN,Green Creek Complex,Metamorphosed granite (adamellite of Compton),Metamorphosed granite (adamellite of Compton),,intrusive,,,,"MAJOR UNCONFORMITY; 2.57 b.y. U-Pb age (Strickland et al., 2011 & Isakson, 2012)",false,false,
2,25,23,ARCHEAN,Green Creek Complex,Metamorphosed pegmatite,Metamorphosed pegmatite,,intrusive,,,,"possibly Cretaceous (Isakson, 2012)",false,false,
2,26,24,ARCHEAN,Green Creek Complex,Metamorphosed mafic rocks,Metamorphosed mafic rocks,,0-200 ±,0,200,,hornblende schist,false,false,
2,27,25,ARCHEAN,Green Creek Complex,Older schist,Older schist,,300-1000,300,1000,,"2.65 b.y. (Isakson, 2012), relict features show parent rocks were shale, mudstone, siltstone & feldspathic sandstone",false,false,
3,1,1,Q,,"Alluvium, Colluvium","Alluvium, Colluvium",,0-100,0,100,,,false,false,
3,2,2,Q,,"Basalt, tuff, gravel & ss","Basalt, tuff, gravel & ss",,0-200,0,200,,,false,false,
3,3,3,MIO,,Salt Lake Formation and Curlew Valley fill undivided,Salt Lake Formation and Curlew Valley fill undivided,,1000-5000,1000,5000,,8-10 m.y. FT on ash; Basin-Range UNCONFORMITY,false,false,
3,4,4,,,CENOZOIC ROCKS LIE UNCONFORMABLY ON PALEOZOIC STRATA PALEOZOIC ROCKS HEATED 200o-400oC BETWEEN 80-110 M.Y.,CENOZOIC ROCKS LIE UNCONFORMABLY ON PALEOZOIC STRATA PALEOZOIC ROCKS HEATED 200o-400oC BETWEEN 80-110 Member.Y.,,,,,,,true,false,
3,5,5,PERMIAN,,"Limestone, silicified ls & chert","Limestone, silicified ls & chert",,400-500,400,500,,,false,false,
3,6,6,PERMIAN,Qquirrh Group,Dark-gray ls of Plate II Unit A & Unit B of Plate I (northern sequence),Dark-gray ls of Plate II Unit A & Unit B of Plate I (northern sequence),,2400-4700,2400,4700,,"Smith, 1982 shows small altered dikes & sills in Mississippian here. R.W. Almendinger, 1985 letter, believes that they pre-date the thermal event.; Ellisonia; Neogondolella",false,false,
3,7,7,PERMIAN,Qquirrh Group,Beds west of Dry Canyon Plate I of northern sequence,Beds west of Dry Canyon Plate I of northern sequence,,9000,9000,9000,,Parafusulina; Schwagerina; Sweetognathus,false,false,
3,8,7,,,WEST DRY CANYON FAULT SEPARATES SEQUENCES,WEST DRY CANYON FAULT SEPARATES SEQUENCES,,,,,,,true,false,
3,9,7,PERMIAN,Qquirrh Group,"Sandstone & siltstone (southern sequence, upper plate)","Sandstone & siltstone (southern sequence, upper plate)",,9000,9000,9000,,Triticites; Caninia; Multithecopora; Beedeina; Fusulinella,false,false,
3,10,8,PENNSYLVANIAN,Qquirrh Group,"Limestone member, Limestone & dolomite mbr, Ls, ss, & qtz member (southern sequence, middle plate)","Limestone member, Limestone & dolomite mbr, Limestone, ss, & qtz member (southern sequence, middle plate)",,*600-7500,600,7500,,*strains within this member locally exceed 150 percent layer-parallel extension; Fusulinella; Neognathodus; Idiognathodus; Ozarkodina; corals & bryozoans; Rachistognathus; Adetognathus,false,false,
3,11,9,MISSISSIPPIAN,,Manning Canyon Argillite,Manning Canyon Argillite,,6500?,6500,6500,,"unusual reported thickness probably the result of tectonism; tight isoclinal folds mapped locally by Smith, 1982",false,false,
3,12,10,DEV,,"Guilmette Formation a.k.a. ""Jefferson (Hyrum) Dolomite""","Guilmette Formation a.k.a. ""Jefferson (Hyrum) Dolomite""",,900,900,900,,Amphipora; white dolomite,false,false,
3,13,11,Є-O-S,,"Metasedimentary rocks-marble, dolomite, quartzite & schist","Metasedimentary rocks-marble, dolomite, quartzite & schist",,unknown,,,,subsurface only,false,false,
4,1,1,QUAT,,Surficial Deposits,Surficial Deposits,,0-200,0,200,,,false,false,
4,2,2,QUAT,,Lake Bonneville sediments,Lake Bonneville sediments,,0-300,0,300,,"25,000 years old or less",false,false,
4,3,3,QUAT,,Basalt flows,Basalt flows,,0-800,0,800,,0.52 m.y. 40Ar/39Ar; 0.7 m.y. K-Ar; 2.24 m.y. 40Ar/39Ar; shield volcanoes,false,false,
4,4,4,PLIO,,Rhyolite lavas w/ some tuffs,Rhyolite lavas w/ some tuffs,,0-200,0,200,,2.33 m.y. 40Ar/39Ar; 2.8 m.y. U-Pb,false,false,
4,5,5,PLIO,,Basalt flows,Basalt flows,,0-300,0,300,,3.6 m.y. K-Ar; 4.4 m.y. K-Ar; 4.9 m.y. K-Ar,false,false,
4,6,6,MIO,,Salt Lake Formation,Salt Lake Formation,,1700+,1700,1700,,"scattered exposures; includes undated tuffs, gravity data suggests that this formation could be up to 5000 ft thick; Basin-Range UNCONFORMITY",false,false,
4,7,7,PERMIAN,Phosphoria Formation,cherty shale mbr,cherty shale mbr,,260,260,260,,,false,false,
4,8,8,PERMIAN,Phosphoria Formation,Rex Chert Mbr,Rex Chert Member,,1040,1040,1040,,,false,false,
4,9,9,PERMIAN,Phosphoria Formation,Meade Peak Mbr,Meade Peak Member,,85,85,85,,phosphate source,false,false,
4,10,10,PERMIAN,Phosphoria Formation,Grandeur tongue,Grandeur tongue,,50-100,50,100,,,false,false,
4,11,11,PERMIAN,,Wells Formation?,Wells Formation?,,2000?,2000,2000,,"limestone, dolomite and sandstone",false,false,
4,12,12,PERMIAN,,Hudspeth Cutoff Fm,Hudspeth Cutoff Formation,,2200,2200,2200,,noncalcareous and calcareous sandstone with minor sandy and cherty limestone; Pseudoschwagerina Schwagerina fusulinids; OQUIRRH GROUP in SO. CURLEW VALLEY Miller and Langrock (1997) divided Oquirrh rocks in the Hansel Mountains on the southeast edge at Curlew Valley into three informal members:,false,true,
4,13,13,PENNSYLVANIAN,Oquirrh Group,Trail Canyon Fm,Trail Canyon Formation,,5000,5000,5000,,"chert & sandstone minor limestone; interbedded sandstone & limestone 2100 feet; limestone, sandstone & minor chert 1300 feet; interbedded sandstone & limetsone 1200 feet; 3) VARIABLE LITHOLOGY MEMBER (Permian): platy limestone calcarenite, calcareous sandstone, and siltstone; about 6000 feet thick.; 2) SANDSTONE MEMBER: very fine-grained calcareous sandstone and orthoquartzites commonly cross-bedded; Permian fusulinids rare; more than 9,500 feet thick; 1) LAMINATED LIMESTONE MEMBER (Upper Pennsylvanian): silty and sandy calcarenite, and very fine-grained quartz sandstone; wavy laminations caused by bioturbation; at least 2000 feet thick",false,false,
4,14,14,PENNSYLVANIAN,Oquirrh Group,Tussing Fm,Tussing Formation,,4300,4300,4300,,"sandy limestone, calcareous sandstone, sandstone, and siltstone; contains bryozoa & brachiopods; TOTAL OQUIRRH THICKNESS IN CURLEW VALLEY IS MORE THAN 17,500 FEET",false,false,
4,15,15,PENNSYLVANIAN,Oquirrh Group,Helgar Canyon Fm,Helgar Canyon Formation,,1000,1000,1000,,limestone and cherty limestone; has Morrowan conodonts,false,false,
4,16,16,MISS,,Manning Canyon Shale,Manning Canyon Shale,,2000?,2000,2000,,"Manning Canyon Shale is attenuated everywhere in this area, being a glide surface during Mesozoic thrusting and later extension",false,false,
5,1,1,Q,,Alluvium & colluvium,Alluvium & colluvium,,0-100,0,100,,,false,false,
5,2,2,Q,,Lake Bonneville deposits,Lake Bonneville deposits,,0-200,0,200,,,false,false,
5,3,3,P,,Gravel,Gravel,,0-200,0,200,,,false,false,
5,4,4,MIOCENE,Salt Lake Fm,Rhyolite flow,Rhyolite flow,,0-100,0,100,,8.4 m.y. (Idavada Volcs),false,false,
5,5,5,MIOCENE,Salt Lake Fm,Vitric tuff member,Vitric tuff member,,1000+,1000,1000,,Merychippus tooth; 12.8 m.y. rhyolite (Jarbidge Rhyolite of Hilderbrand & Newman),false,false,
5,6,6,MIOCENE,Salt Lake Fm,Green facies and Conglomerate of Cotton Creek,Green facies and Conglomerate of Cotton Creek,,4000-6000,4000,6000,,--green facies; ostracodes; gastropods; conglomerate of Cotton Creek,false,false,
5,7,7,MIOCENE,Salt Lake Fm,Red cg & sed. breccia,Red cg & sed. breccia,,250-300,250,300,,mudflow deposits,false,false,
5,8,8,MIOCENE,Salt Lake Fm,Limestone member,Limestone member,,2000-2500,2000,2500,,"yellow, thin-bedded; gastropods, ostracodes; pelecypods",false,false,
5,9,9,MIOCENE,Salt Lake Fm,Basalt of Mill Cr,Basalt of Mill Cr,,50-60,50,60,,16.4 m.y.,false,false,
5,10,10,MIOCENE,Salt Lake Fm,Older Member,Older Member,,unknown,,,,cg & ash; Basin-Range UNCONFORMITY,false,false,
5,11,12,Φ,,Granite of Vipont,Granite of Vipont,,pluton,,,,28.2 to 28.9 m.y.,false,false,
5,12,13,,,UNCONFORMITY,UNCONFORMITY,,,,,,,true,false,
5,13,14,TRIASSIC,,Thaynes Formation,Thaynes Formation,,2000-3000,2000,3000,,"Thaynes and Dinwoody mapped as one unit on Miller et al., 2012; conodonts; Meekoceras",false,false,
5,14,15,TRIASSIC,,Dinwoody Formation,Dinwoody Formation,,2400,2400,2400,,pelecypods; lingulid brachiopods,false,false,
5,15,16,PERMIAN,,Gerster Limestone,Gerster Limestone,,1200,1200,1200,,Kuvelousia; Spiriferina pulchra,false,false,
5,16,17,PERMIAN,,Murdock Mountain Formation,Murdock Mountain Formation,,1700,1700,1700,,Rex Chert equiv; Plympton Fm equiv; Pseudogastrioceras,false,false,
5,17,18,PERMIAN,,"Meade Pk Tongue, Phosphoria","Meade Peak Tongue, Phosphoria",,400,400,400,,Neogondolella,false,false,
5,18,19,PERMIAN,,Grandeur Formation,Grandeur Formation,,3000,3000,3000,,Composita; Aviculopinna,false,false,
5,19,20,PERMIAN,,Unnamed formation Diamond Creek Sandstone? of northeastern Utah,Unnamed formation Diamond Creek Sandstone? of northeastern Utah,,1500,1500,1500,,siltstone and very fine-grained ss,false,false,
5,20,21,PERMIAN,,Pequop Formation,Pequop Formation,,4000,4000,4000,,"thin-bedded, platy; Parafusulina; Schwagerina; thin-bedded ss & slts",false,false,
5,21,22,PERMIAN,,Oquirrh Group,Oquirrh Group,,0-500 ?,0,500,,Wolfcampian fusulinids,false,false,
5,22,23,M,,Diamond Peak Fm,Diamond Peak Formation,,400,400,400,,,false,false,
5,23,24,,,INTERVAL CONCEALED OR FAULTED,INTERVAL CONCEALED OR FAULTED,,,,,,,true,false,
5,24,25,D,,Guilmette Formation,Guilmette Formation,,200+,200,200,,stromatoporoids,false,false,
5,25,26,D,,Simonson Dolomite,Simonson Dolomite,,600+,600,600,,,false,false,
5,26,27,PROT,,Schist of Mahogany Peaks,Schist of Mahogany Peaks,,0-10,0,10,,,false,false,
5,27,28,PROT,,Quartzite of Clarks Basin,Quartzite of Clarks Basin,,up to 600,600,600,,,false,false,
5,28,29,PROT,,Schist of Stevens Spring,Schist of Stevens Spring,,up to 500,500,500,,,false,false,
5,29,30,PROT,,Elba Quartzite,Elba Quartzite,,up to 100,100,100,,,false,false,
5,30,31,AR,Green Creek Cmplx,Granite,Granite,,intrusive,,,,,false,false,
5,31,32,AR,Green Creek Cmplx,gneiss & schist,gneiss & schist,,basement,,,,,false,false,
6,1,1,Q,,Alluvium & colluvium,Alluvium & colluvium,,0-100,0,100,,,false,false,
6,2,2,Q,,Lake Bonneville deposits,Lake Bonneville deposits,,0-200,0,200,,,false,false,
6,3,3,PLI,,Basalt flows E. of Matlin Mts,Basalt flows E. of Matlin Mts,,0-100,0,100,,3.2 m.y.,false,false,
6,4,4,MIOCENE,Salt Lake Formation or Group,Poorly sorted conglomerate and silicic vitric tuff with some volcanic flows as noted below:,Poorly sorted conglomerate and silicic vitric tuff with some volcanic flows as noted below:,,3000-6000,3000,6000,,"Note: Rocks already metamorphosed by Jurassic-age heating and doming were displaced to the east by denudational faulting that accompanied volcanism some time after 11.1 to 10.5 m.y. ago (see Todd, 1983).",false,true,
6,5,4,MIOCENE,Salt Lake Formation or Group,Rhyolite flows & domes near Etna,Rhyolite flows & domes near Etna,,,,,,7.6 - 8.6 m.y.,false,false,
6,6,4,MIOCENE,Salt Lake Formation or Group,Dacite welded tuff,Dacite welded tuff,,,,,,9 m.y.,false,false,
6,7,4,MIOCENE,Salt Lake Formation or Group,Rhyolite volcanism,Rhyolite volcanism,,,,,,"""Big Pink"" 10.7 m.y.; 11.7 m.y.",false,false,
6,8,4,MIOCENE,Salt Lake Formation or Group,Dacite flows & domes near Lucin,Dacite flows & domes near Lucin,,,,,,13 m.y.,false,false,
6,9,4,MIOCENE,Salt Lake Formation or Group,Basaltic volcanism,Basaltic volcanism,,,,,,14.4 m.y.,false,false,
6,10,5,,,POST-OLIGOCENE ROCKS & TECTONIC DEPOSITS ARE UNCONFORMABLE ON OLDER ROCKS,POST-OLIGOCENE ROCKS & TECTONIC DEPOSITS ARE UNCONFORMABLE ON OLDER ROCKS,,,,,,Basin-Range UNCONFORMITY,true,false,
6,11,6,Φ,,Granite in central Grouse Ck Mt (Adamellite of Todd),Granite in central Grouse Ck Mt (Adamellite of Todd),,two stocks,,,,24.9 m.y. Rb-Sr; 25.3 m.y. U-Pb zircon,false,false,
6,12,7,Φ,,Crystal-vitric tuff,Crystal-vitric tuff,,100 ?,100,100,,33.5 m.y. Ar-Ar,false,false,
6,13,8,E,,Granodiorite at Emigrant Pass,Granodiorite at Emigrant Pass,,pluton,,,,38.2 m.y. Rb-Sr; 34.3 to 41.3 m.y. U-Pb zircon,false,false,
6,14,9,,,PALEOZOIC & MESOZOIC STRATA ARE ALLOCHTHONOUS & ATTENUATED,PALEOZOIC & MESOZOIC STRATA ARE ALLOCHTHONOUS & ATTENUATED,,,,,,,true,false,
6,15,10,TR,,Thaynes or Dinwoody Fm,Thaynes or Dinwoody Formation,,0-1200,0,1200,,Only the Oquirrh Group on Bovine Mountain has been preserved close to its depositional thickness.,false,true,
6,16,11,PERMIAN,,Gerster Limestone,Gerster Limestone,,525,525,525,,,false,false,
6,17,12,PERMIAN,,Black chert - Rex?,Black chert - Rex?,,sliver,,,,Contacts between all the other Paleozoic units are probably low-angle faults.,false,true,
6,18,13,PERMIAN,,Plympton ? Formation,Plympton ? Formation,,200 ?,200,200,,,false,false,
6,19,14,PERMIAN,,Kaibab ? Limestone,Kaibab ? Limestone,,100 ?,100,100,,Grandeur ? Fm.,false,false,
6,20,15,PERMIAN,,Pequop Formation,Pequop Formation,,100 ?,100,100,,,false,false,
6,21,16,PERMIAN,Oquirrh Group,Unit 6,Unit 6,,2600,2600,2600,,"thin-bedded sandy & silty limestone; Pseudofusulinella, Schwag.",false,false,
6,22,17,PERMIAN,Oquirrh Group,Unit 5,Unit 5,,2000,2000,2000,,,false,false,
6,23,18,PENN,Oquirrh Group,Units 3 & 4,Units 3 & 4,,4600,4600,4600,,"1000 feet in thrust slices, 14,000 feet at Bovine Mt shown here",false,true,
6,24,19,PENN,Oquirrh Group,Unit 2,Unit 2,,1600,1600,1600,,,false,false,
6,25,20,PENN,Oquirrh Group,Unit 1,Unit 1,,3200,3200,3200,,muscovite schist,false,false,
6,26,21,M,,Metamorphosed Chainman and Diamond Peak Fm,Metamorphosed Chainman and Diamond Peak Formation,,0-750,0,750,,biotitic & feldspathic gneiss and schist,false,false,
6,27,22,D,,Guilmette Formation,Guilmette Formation,,0-650,0,650,,,false,false,
6,28,23,D,,Simonson Dolomite,Simonson Dolomite,,0-330,0,330,,green-mica quartzite,false,false,
6,29,24,S,,Laketown Dolomite,Laketown Dolomite,,0-1100,0,1100,,feldspathic quartzite,false,false,
6,30,25,ORDO,,Ely Springs Dolomite,Ely Springs Dolomite,,160*,160,160,,white-mica schist,false,false,
6,31,26,ORDO,,Eureka Quartzite,Eureka Quartzite,,360*,360,360,,,false,false,
6,32,27,ORDO,,Crystal Peak & Swan Pk Fms,Crystal Peak & Swan Peak Fms,,150,150,150,,MAJOR UNCONFORMITY,false,false,
6,33,28,ORDO,,Garden City Formation or Pogonip Group,Garden City Formation or Pogonip Group,,400*,400,400,,,false,false,
6,34,29,,,ROCKS BELOW ARE PARA-AUTOCHTHONOUS,ROCKS BELOW ARE PARA-AUTOCHTHONOUS,,,,,,,true,false,
6,35,30,PROTERO,,Schist of Mahogany Peaks,Schist of Mahogany Peaks,,0-10,0,10,,,false,false,
6,36,31,PROTERO,,Quartzite of Clarks Basin,Quartzite of Clarks Basin,,up to 600,600,600,,hornblende schist,false,false,
6,37,32,PROTERO,,Schist of Stevens Spring,Schist of Stevens Spring,,up to 500,500,500,,"relict features show parent rocks were shale, mudstone, siltstone & feldspathic sandstone",false,true,
6,38,33,PROTERO,,Elba Quartzite,Elba Quartzite,,up to 100,100,100,,,false,false,
6,39,34,AR,Green Creek Cmplx,Granite,Granite,,intrusive,,,,,false,false,
6,40,35,AR,Green Creek Cmplx,gneiss & schist,gneiss & schist,,basement,,,,2.5 b.y. Rb-Sr whole rock; 2.64 b.y. U-Pb,false,false,
7,1,1,Q,,Alluvium & colluvium,Alluvium & colluvium,,0-100,0,100,,"mud, silt, sand & gravel",false,false,
7,2,2,Q,,Lake Bonneville deposits,Lake Bonneville deposits,,0-100,0,100,,"marl, sand & gravel up to 25,000 years old",false,false,
7,3,3,MIOCENE,,Salt Lake Formation,Salt Lake Formation,,as much as 7900 estimated,7900,7900,,"mostly fine-grained sedimentary rocks and volcanic tuff; lacustrine beds include marl & calcareous sand; the most common volcanic rock is silty and sandy tuff; other deposits include conglomerate and locally derived pebble beds; plagioclase from ash in mid-section 14.6 "" 0.4 m.y. K-Ar; sample near the top was dated at 11.6 "" 0.4 m.y. [see Miller & Schneyer, 1994]; 17.1 - 18.2 m.y. K-Ar",false,false,
7,4,4,MIOCENE,,Basalt Flows,Basalt Flows,,"200""",200,200,,Basin-Range UNCONFORMITY,false,false,
7,5,5,PERMIAN,Thatcher Mountain Formation,Upper member,Upper member,,4300+,4300,4300,,"Thatcher Mountain Formation was named by Jordan et al. (1988) for this unit of sandstone and lesser dolomite, limestone, and chert; wave-worn debris of brachiopods & crinoids is common but not useful for dating; contains middle Wolfcampian fusulinids Schwagerina, Pseudofusulina, & Pseudoschwagerina",false,true,
7,6,6,PERMIAN,Thatcher Mountain Formation,Cherty mbr,Cherty mbr,,700,700,700,,,false,false,
7,7,7,PERMIAN,Oquirrh Formation,Thinly bedded member,Thinly bedded member,,7000± estimate,7000,7000,,thin-bedded silicified siltstone and calcisiltite with very few bioclastic beds; contains middle Wolfcampian conodonts and fusulinids Schwagerina and Pseudofusulina; tends to accomodate deformation by layer-parallel slip and small tight folds; thickness uncertain due to faulting and folding,false,false,
7,8,8,PENNSYLVANIAN,Oquirrh Formation,Bioturbated limestone member,Bioturbated limestone member,,5500± estimated,5500,5500,,"mixed terrigenous detrital-grain and calcite-grain arenites that are commonly burrowed; non-bioturbated beds have parallel- and cross-lamination; bioclastic beds are rare; contains fusulinids Schwagerina & Pseudofusulina? in its upper beds; Eowaeringella, Triticites, & Pseudofusulinella in its lower part",false,false,
7,9,9,PENNSYLVANIAN,Oquirrh Formation,Limestone member,Limestone member,,3500,3500,3500,,"cliff- and ledge-forming fossiliferous limestone with interbeds of calcareous sandstone & quartzite; contains horn coral, Pseudozapentoides and conodonts Adetognathus and Idiognathodus of Pennsylvanian age",false,false,
7,10,10,PENNSYLVANIAN,Manning Canyon Shale,Transitional member,Transitional member,,500-700,500,700,,"mostly shale & siltstone, but best outcrops are of rare quartzite beds; transitional member has limestone beds with Early Pennsylvanian conodonts",false,true,
7,11,11,M,,Manning Canyon Shale,Manning Canyon Shale,,1500+ base not exposed,1500,1500,,,false,false,
8,1,1,Q,,Alluvium & colluvium,Alluvium & colluvium,,0-100,0,100,,,false,false,
8,2,2,Q,,Lake Bonneville deposits,Lake Bonneville deposits,,0-200,0,200,,,false,false,
8,3,3,P,,Basalt flows & tuffs,Basalt flows & tuffs,,0-100,0,100,,,false,false,
8,4,4,M,,Salt Lake Formation,Salt Lake Formation,,0-1500,0,1500,,Basin-Range UNCONFORMITY,false,false,
8,5,5,,,CENOZOIC ROCKS LIE UNCONFORMABLY OVER PALEOZOIC STRATA,CENOZOIC ROCKS LIE UNCONFORMABLY OVER PALEOZOIC STRATA,,,,,,,true,false,
8,6,6,PERMIAN,,Sandstone unit of Allmendinger,Sandstone unit of Allmendinger,,1600,1600,1600,,may be partly equivalent to Hudspeth Cutoff Ss in Sublette Range,false,false,
8,7,7,PERMIAN,Oquirrh Group,Unit 6 of Murphy,Unit 6 of Murphy,,1650+,1650,1650,,cherty ls and ss,false,false,
8,8,8,PERMIAN,Oquirrh Group,Unit 5,Unit 5,,1400,1400,1400,,"Pseudoschwagerina; Murphy's units given to the right total 14,450 ft. Allmendinger in a nearby quadrangle to the northwest notes total Oquirrh thickness of 11,340 feet. Allmendinger (1985, letter) notes that the lower Oquirrh is locally strained by 60 percent extension west of the North Canyon fault.",false,true,
8,9,9,PERMIAN,Oquirrh Group,Unit 4,Unit 4,,1450,1450,1450,,cherty siltstone,false,false,
8,10,10,PERMIAN,Oquirrh Group,Unit 3,Unit 3,,4000± folded & thrusted,4000,4000,,Triticites; Pseudofusulina,false,false,
8,11,11,PENNSYLVANIAN,Oquirrh Group,Unit 2,Unit 2,,2450+ base not exposed,2450,2450,,bioclastic ls and ss; Triticites; Pseudofusulina,false,false,
8,12,12,PENNSYLVANIAN,,PORTAGE CANYON FAULT SEPARATES SEQUENCE,PORTAGE CANYON FAULT SEPARATES SEQUENCE,,,,,,,true,false,
8,13,13,PENNSYLVANIAN,Oquirrh Group,Unit 1,Unit 1,,2200+,2200,2200,,silty ls & calcareous ss; Pseudostaffella,false,false,
8,14,14,PENNSYLVANIAN,,NORTH CANYON FAULT SEPARATES SEQUENCE,NORTH CANYON FAULT SEPARATES SEQUENCE,,,,,,,true,false,
8,15,15,PENNSYLVANIAN,,West Canyon Limestone of the Oquirrh Group,West Canyon Limestone of the Oquirrh Group,,1300+,1300,1300,,"Profusulinella; bryozoans, brachiopods, conodonts, crinoids",false,false,
8,16,16,MISSISSIPPIAN,,Manning Canyon Shale,Manning Canyon Shale,,260-300,260,300,,Caninia; Rhipidomella,false,false,
8,17,17,MISSISSIPPIAN,,Great Blue Limestone,Great Blue Limestone,,1220,1220,1220,,Faberophyllum; Acrocyathus; Ekvasophyllum; Monroe Canyon Limestone equivalent,false,false,
8,18,18,MISSISSIPPIAN,,Little Flat Formation,Little Flat Formation,,900-950,900,950,,Humbug Fm equivalent; no fossils,false,false,
8,19,18,MISSISSIPPIAN,Little Flat Formation,Delle Phosphatic Mbr,Delle Phosphatic Member,,40-60,40,60,,,false,false,
8,20,19,MISSISSIPPIAN,,Lodgepole Limestone*,Lodgepole Limestone*,,330-400,330,400,,Vesiculophyllum,false,false,
8,21,20,DEVONIAN,,Beirdneau Formation,Beirdneau Formation,,650-990,650,990,,*includes 15 ft Mission Canyon Ls at top,false,false,
8,22,21,DEVONIAN,Hyrum Dolomite,Upper member,Upper member,,470,470,470,,,false,false,
8,23,22,DEVONIAN,Hyrum Dolomite,Samaria Ls Mbr,Samaria Limestone Member,,330,330,330,,Allanaria; Rensellandia,false,false,
8,24,23,DEVONIAN,,Water Canyon Formation,Water Canyon Formation,,450-550,450,550,,fish fragments,false,false,
8,25,24,SIL,,Laketown Dolomite,Laketown Dolomite,,1200-1300,1200,1300,,Halysites,false,false,
8,26,25,O,,Fish Haven Dolomite,Fish Haven Dolomite,,200-300,200,300,,Streptelasma,false,false,
8,27,26,O,,Swan Peak Quartzite,Swan Peak Quartzite,,400+,400,400,,,false,false,
9,1,1,Q,,Alluvium & eolian deposits,Alluvium & eolian deposits,,0-100,0,100,,extensive mud flats,false,false,
9,2,2,Q,,Lake Bonneville deposits,Lake Bonneville deposits,,0-100,0,100,,"marl, sand, & gravel, up to 25,000 years old",false,false,
9,3,3,MIOCENE,,Salt Lake Formation,Salt Lake Formation,,"6500 to 10,000+ estimated",6500,10000,,"basin & range valley-filling deposit of tufaceous sandstone and siltstone, tuffaceous mudstone, debris flows, marl, and fine-grained quartz sandstone; no tuff samples dated here, but dates obtained elsewhere in northern Utah range between 4 and 14 m.y.; Salt Lake Formation is exposed in an area of about one square mile on the northeast side of Terrace Mountain; dips range up to 45 degrees",false,false,
9,4,4,MIOCENE,,basalt flow,basalt flow,,16,16,16,,18 m.y. K-Ar,false,false,
9,5,5,MIOCENE,,Basin-Range UNCONFORMITY,Basin-Range UNCONFORMITY,,,,,,,true,false,
9,6,6,EO,,Monzogranite of Emigrant Pass,Monzogranite of Emigrant Pass,,pluton,,,,exposed 6 miles west of Terrace Mountain; 38 m.y. Rb-Sr,false,false,
9,7,7,,,REGIONAL UNCONFORMITY,REGIONAL UNCONFORMITY,,,,,,,true,false,
9,8,8,TRIASSIC,,Dinwoody Formation,Dinwoody Formation,,1300+,1300,1300,,interbedded thin-bedded fossiliferous limestone and calcareous shale and siltstone. Early Triassic conodonts Ellisonia and Furnishius reported,false,false,
9,9,9,PERMIAN,,Gerster Formation,Gerster Formation,,1600,1600,1600,,"fossiliferous limestone with light-gray chert; contains hash of disarticulated crinoid, brachiopod, and bryozoan fragments; conodont Merrilina indicates late Permian age",false,false,
9,10,10,PERMIAN,,Murdock Mountain Formation,Murdock Mountain Formation,,3300,3300,3300,,"thin- to thick-bedded cherty dolomitic sandstone; tan to dark brown, with interbeds of silty limestone; Murdock Mountain Formation is late Early Permian in age",false,false,
9,11,11,PERMIAN,,"Phosphoria Formation, Meade Peak Tongue","Phosphoria Formation, Meade Peak Tongue",,135,135,135,,calcareous siltstone and shale; minor limestone,false,false,
9,12,12,PERMIAN,,Grandeur Formation,Grandeur Formation,,950+,950,950,,light-gray sandy dolomite and brown dolomitic sandstone; unfossiliferous,false,false,
9,13,13,,,not in contact,not in contact,,,,,,,true,false,
9,14,14,IPM,,"Chainman - Diamond Peak Formations, undivided ?","Chainman - Diamond Peak Formations, undivided ?",,100?,100,100,,metamorphosed by Emigrant Pass pluton,false,false,
10,1,1,Q,,Alluvium & colluvium,Alluvium & colluvium,,0-100,0,100,,,false,false,
10,2,2,Q,,Lake Bonneville deposits,Lake Bonneville deposits,,0-200,0,200,,,false,false,
10,3,3,E-P,,Valley fill includes the Salt Lake Formation and earlier buried deposits,Valley fill includes the Salt Lake Formation and earlier buried deposits,,0-3000,0,3000,,"39.6 m.y. Ar-Ar age from tuff in Peplin Mtn and Baker Hills (Miller et al., 2012)",false,false,
10,4,4,,,CENOZOIC ROCKS LIE WITH ANGULAR UNCONFORMITY ON OLDER STRATA,CENOZOIC ROCKS LIE WITH ANGULAR UNCONFORMITY ON OLDER STRATA,,,,,,Basin-Range UNCONFORMITY,true,false,
10,5,5,TRIASSIC,,Thaynes Formation,Thaynes Formation,,330,330,330,,Meekoceras; Neospathodus,false,false,
10,6,6,TRIASSIC,,Dinwoody Formation,Dinwoody Formation,,1650,1650,1650,,"Neogondolella; Hindeodella; see Sperling et al., 2005",false,false,
10,7,7,LATE PERMIAN,,Gerster Limestone,Gerster Limestone,,2200,2200,2200,,Timaniella; Kuvelousia,false,false,
10,8,8,LATE PERMIAN,,Murdock Mountain Formation,Murdock Mountain Formation,,2800,2800,2800,,,false,false,
10,9,9,EARLY PERMIAN,,Meade Peak Tongue of Phosphoria Formation,Meade Peak Tongue of Phosphoria Formation,,690,690,690,,,false,false,
10,10,10,EARLY PERMIAN,,Grandeur Formation,Grandeur Formation,,1840,1840,1840,,,false,false,
10,11,11,EARLY PERMIAN,,Loray ? Formation,Loray ? Formation,,3400,3400,3400,,,false,false,
10,12,12,EARLY PERMIAN,,Diamond Creek Sandstone,Diamond Creek Sandstone,,1500-2500,1500,2500,,,false,false,
10,13,13,EARLY PERMIAN,,Pequop Formation,Pequop Formation,,2000,2000,2000,,,false,false,
10,14,14,EARLY PERMIAN,Oquirrh Group,Limestone and siltstone unit,Limestone and siltstone unit,,4000,4000,4000,,Schwagerina,false,false,
10,15,15,PENNSYLVANIAN,Oquirrh Group,Sandstone unit,Sandstone unit,,6000,6000,6000,,Pseudofusulina; Triticites; Triticites,false,false,
10,16,16,PENNSYLVANIAN,Oquirrh Group,Sandy & cherty limestone unit,Sandy & cherty limestone unit,,3000+,3000,3000,,,false,false,
11,1,1,Q,,"Alluvial, eolian & lake deposits","Alluvial, eolian & lake deposits",,0-100,0,100,,,false,false,
11,2,2,Q,,Lake Bonneville deposits,Lake Bonneville deposits,,0-200,0,200,,,false,false,
11,3,3,,,UNCONFORMITY,UNCONFORMITY,,,,,,,true,false,
11,4,4,PLIO,,Diabase dikes & sills,Diabase dikes & sills,,intrusive,,,,Snake River Group ?,false,false,
11,5,5,MIOCENE,Salt Lake Formation or Group,"Basin-filling fanglomerate and lacustrine deposits including cg, ss, slts, ls and vitric tuff. Interbedded with volcanic units as shown below:","Basin-filling fanglomerate and lacustrine deposits including cg, ss, slts, ls and vitric tuff. Interbedded with volcanic units as shown below:",,more than 3000,3000,3000,,,false,false,
11,6,5,MIOCENE,Salt Lake Formation or Group,Rhyolite flows of Rhyolite Butte,Rhyolite flows of Rhyolite Butte,,,,,,7.6 - 9.3 m.y.; 300 ft thick,false,false,
11,7,5,MIOCENE,Salt Lake Formation or Group,Basalt flows & dikes,Basalt flows & dikes,,,,,,10.6 m.y.,false,false,
11,8,5,MIOCENE,Salt Lake Formation or Group,Welded rhyolite tuff,Welded rhyolite tuff,,,,,,12 m.y.; 30-60 ft thick,false,false,
11,9,5,MIOCENE,Salt Lake Formation or Group,Dacite flows,Dacite flows,,,,,,13.8 m.y.,false,false,
11,10,5,MIOCENE,Salt Lake Formation or Group,Vitric tuff,Vitric tuff,,,,,,100-2000 ft thick; Basin-Range UNCONFORMITY,false,false,
11,11,6,,,POST-OLIGOCENE ROCKS ARE UNCONFORMABLE ON ALL OLDER ROCKS,POST-OLIGOCENE ROCKS ARE UNCONFORMABLE ON ALL OLDER ROCKS,,,,,,,true,false,
11,12,7,EO,,Older rhyolitic tuff,Older rhyolitic tuff,,up to 2000,2000,2000,,37 m.y.,false,false,
11,13,8,EO,,McGinty Monzogranite,McGinty Monzogranite,,intrusive stock,,,,37 m.y.,false,false,
11,14,9,,,PALEOZOIC STRATA HERE WERE SUBJECTED TO MESOZOIC HEATING AND TECTONISM PRIOR TO TERTIARY INTRUSION,PALEOZOIC STRATA HERE WERE SUBJECTED TO MESOZOIC HEATING AND TECTONISM PRIOR TO TERTIARY INTRUSION,,,,,,,true,false,
11,15,10,TR,,Dinwoody Formation,Dinwoody Formation,,360,360,360,,"yellow, red & brown limestone, shale & siltstone",false,false,
11,16,11,PERMIAN,,Murdock Mountain Fm,Murdock Mountain Formation,,1380,1380,1380,,light- to dark-brown thin-bedded chert & cherty dolomite; highly fractured,false,false,
11,17,12,PERMIAN,,Meade Peak Phosphatic Shale Tongue of Phosphoria Fm,Meade Peak Phosphatic Shale Tongue of Phosphoria Formation,,344,344,344,,"dark-brown to black shale, siltstone, & gray limestone",false,false,
11,18,13,PERMIAN,,Grandeur Formation,Grandeur Formation,,1000,1000,1000,,light-gray sandy dolomite & tan dolomitic sandstone; low-angle fault,false,false,
11,19,14,MISS,,Diamond Peak Fm and Chainman Shale,Diamond Peak Formation and Chainman Shale,,600*,600,600,,attenuated section; low-angle fault,false,false,
11,20,15,MISS,,Tripon Pass Limestone,Tripon Pass Limestone,,80*-350,80,350,,low-angle fault,false,false,
11,21,16,DEVONIAN,,Guilmette Formation,Guilmette Formation,,970*,970,970,,dark-gray to black limestone & dolomite; conodonts,false,false,
11,22,17,DEVONIAN,,Simonson Dolomite,Simonson Dolomite,,700-900,700,900,,"gray to black, coarsely crystalline dolomite; Amphipora; conodonts",false,false,
11,23,18,SIL,,"Sevy Dolomite & Lakeside Dolomite, undivided","Sevy Dolomite & Lakeside Dolomite, undivided",,680*-1010,680,1010,,conodonts; low-angle fault,false,false,
11,24,19,ORDOVICIAN,,Ely Springs Dolomite,Ely Springs Dolomite,,110*-420,110,420,,small horn corals,false,false,
11,25,20,ORDOVICIAN,,Eureka Quartzite,Eureka Quartzite,,260*-520,260,520,,"white, vitreous",false,false,
11,26,21,ORDOVICIAN,,Lehman Formation,Lehman Formation,,50*-480,50,480,,fossiliferous blue-gray limestone & shale,false,false,
11,27,22,ORDOVICIAN,,Garden City Fm,Garden City Formation,,400*-1050 base not exposed,400,1050,,medium-gray silty limestone; some intraformational conglomerate beds,false,false,
12,1,1,Q,,"Alluvium, eolian & playa dep","Alluvium, eolian & playa dep",,0-100,0,100,,,false,false,
12,2,2,Q,,Lake Bonneville deposits,Lake Bonneville deposits,,0-200,0,200,,,false,false,
12,3,3,M-P,,Conglomerate & sandstone,Conglomerate & sandstone,,500+ exposed,500,500,,valley filling sediments accompany regional extensional faulting; Basin-Range UNCONFORMITY,false,false,
12,4,4,Φ,,Rhyodacite flows,Rhyodacite flows,,1000,1000,1000,,33 m.y. K-Ar biotite,false,false,
12,5,5,,,CENOZOIC ROCKS UNCONFORMABLE ON ALL OLDER ROCKS,CENOZOIC ROCKS UNCONFORMABLE ON ALL OLDER ROCKS,,,,,,,true,false,
12,6,6,J,,Porphyritic granodiorite of Crater Island stock,Porphyritic granodiorite of Crater Island stock,,3 sq mi exposed,3,3,,151 m.y. K-Ar biotite,false,false,
12,7,7,,,PALEOZOIC STRATA DEFORMED BY LATER TECTONISM & INTRUSION,PALEOZOIC STRATA DEFORMED BY LATER TECTONISM & INTRUSION,,,,,,,true,false,
12,8,8,PERMIAN,,Gerster Limestone,Gerster Limestone,,790,790,790,,"brachiopods, bryozoans, & crinoids abundant; some brown chert",false,false,
12,9,9,PERMIAN,,Murdock Mountain Formation,Murdock Mountain Formation,,2340,2340,2340,,"chert tongue of Gerster Ls; chert & sandstone; black chert, ss, & gray dolomite",false,false,
12,10,10,PERMIAN,,Meade Peak Phosphatic Shale,Meade Peak Phosphatic Shale,,180,180,180,,Phosphoria tongue,false,false,
12,11,11,PERMIAN,,Grandeur Formation,Grandeur Formation,,2450,2450,2450,,sandy dolomite; Late Leonardian conodonts; cherty sandstone; conodonts,false,false,
12,12,12,PERMIAN,,Trapper Creek Fm,Trapper Creek Formation,,500,500,500,,"lower Kaibab equivalent?; some coquinas of brachiopods, bryozoans",false,false,
12,13,13,PERMIAN,,Badger Gulch Formation*,Badger Gulch Formation*,,1080,1080,1080,,"alternative name: upper Pequop Fm; dark-gray, platy, silty limestone; large fusulinids",false,false,
12,14,14,PERMIAN,,Third Fork Formation*,Third Fork Formation*,,820,820,820,,alternative name: lower Pequop Fm; *in Little Pigeon Mts,false,false,
12,15,15,IP,,Strathearn ? Fm*,Strathearn ? Formation*,,120,120,120,,,false,false,
12,16,16,MISS,,Tripon Pass Limestone*,Tripon Pass Limestone*,,650? (may be fault-repeated),650,650,,"Kinderhookian conodonts; thin-bedded, black, silty limestone",false,false,
12,17,17,DEVONIAN,,Guilmette Formation*,Guilmette Formation*,,990,990,990,,highly fault-fractured in Little Pigeon Mts; Amphipora common,false,false,
13,1,1,Q,,Alluvial & eolian deposits,Alluvial & eolian deposits,,0-100,0,100,,debris flows on fans,false,false,
13,2,2,Q,,Lake Bonneville deposits,Lake Bonneville deposits,,0-100,0,100,,"up to 25,000 years old",false,false,
13,3,3,MIO,,Vitric tuff,Vitric tuff,,2300,2300,2300,,volcanic glass & ash with sparse biotite and plagioclase crystals,false,false,
13,4,4,MIO,,Tuffaceous sandstone and siltstone,Tuffaceous sandstone and siltstone,,1300,1300,1300,,9-12 m.y. K-Ar; Salt Lake Fm ?; Basin-Range UNCONFORMITY,false,false,
13,5,5,EOCENE,,"Tuff, conglomerate, arkosic sandstone, siltstone, & marl","Tuff, conglomerate, arkosic sandstone, siltstone, & marl",,2300,2300,2300,,37 m.y. K-Ar,false,false,
13,6,6,EOCENE,,Biotite rhyolite tuff,Biotite rhyolite tuff,,1650,1650,1650,,,false,false,
13,7,7,EOCENE,,McGinty Monzogranite,McGinty Monzogranite,,large stock,,,,37 m.y. K-Ar,false,false,
13,8,8,EOCENE,,Bettridge Creek Granodiorite,Bettridge Creek Granodiorite,,small stock & dikes,,,,39 m.y. U-Pb,false,false,
13,9,9,,,120 MILLION YEAR GAP IN ROCK RECORD HERE,120 MILLION YEAR GAP IN ROCK RECORD HERE,,,,,,,true,false,
13,10,10,J,,Miners Spring Granite,Miners Spring Granite,,small dikes & pods,,,,155-165 m.y. U-Pb,false,false,
13,11,11,,,150 MILLION YEAR GAP IN ROCK RECORD HERE,150 MILLION YEAR GAP IN ROCK RECORD HERE,,,,,,,true,false,
13,12,12,P,,Badger Gulch Fm Third Fork ? Fm / Ely Ls,Badger Gulch Formation Third Fork ? Formation / Ely Limestone,,980,980,980,,Parafusulina; fossiliferous limestone,false,false,
13,13,13,MISS,,Chainman Shale and Diamond Peak Fm,Chainman Shale and Diamond Peak Formation,,100-1230,100,1230,,"dark-gray shale, arkose, and conglomerate, locally attenuated",false,false,
13,14,14,MISS,,Joana/Tripon Pass Ls,Joana/Tripon Pass Limestone,,1400?,1400,1400,,Siphonodella; cherty limestone,false,false,
13,15,15,DEV,,Guilmette Formation,Guilmette Formation,,1280,1280,1280,,"Icriodus, Polygnathus; non-cherty limestone and dolomite",false,false,
13,16,16,DEV,,Simonson Dolomite,Simonson Dolomite,,1200,1200,1200,,gray banded dolomite,false,false,
13,17,17,ORDO,,Ely Springs Dolomite,Ely Springs Dolomite,,160,160,160,,black dolomite,false,false,
13,18,18,ORDO,,Eureka Quartzite,Eureka Quartzite,,490,490,490,,white orthoquartzite,false,false,
13,19,19,ORDO,,Lehman Formation,Lehman Formation,,200,200,200,,,false,false,
13,20,20,ORDO,,Kanosh Shale,Kanosh Shale,,300,300,300,,green limy siltstone,false,false,
13,21,21,ORDO,,Garden City Limestone,Garden City Limestone,,885,885,885,,"silty limestone, locally bioclastic",false,false,
13,22,22,CAMBRIAN,,Notch Peak Formation,Notch Peak Formation,,520+,520,520,,massive limestone; locally cherty,false,false,
13,23,23,CAMBRIAN,,Orr ? Limestone,Orr ? Limestone,,attenuated,,,,dark limestone with ooids,false,false,
13,24,24,CAMBRIAN,,PILOT PEAK DETACHMENT - PALEOZOIC ABOVE ATTENUATED,PILOT PEAK DETACHMENT - PALEOZOIC ABOVE ATTENUATED,,,,,,,true,false,
13,25,25,CAMBRIAN,,Toano Limestone,Toano Limestone,,1970,1970,1970,,dark-gray silty limestone; white marble where metamorphosed,false,false,
13,26,26,CAMBRIAN,,Killian Springs Formation,Killian Springs Formation,,990,990,990,,"graphitic, calcareous phyllite and schist",false,false,
13,27,27,CAMBRIAN,,Prospect Mountain Quartzite,Prospect Mountain Quartzite,,3100,3100,3100,,"light-colored quartzite, cross-laminated locally; contains minor feldspar and mica",false,false,
13,28,28,NEOPROTEROZOIC,McCoy Creek Group,Unit G,Unit G,,3740,3740,3740,,"green argillite, metasiltstone, and marble; conglomerate and arkosic quartzite",false,false,
13,29,29,NEOPROTEROZOIC,McCoy Creek Group,Unit F,Unit F,,1400,1400,1400,,cross-laminated quartzite,false,false,
13,30,30,NEOPROTEROZOIC,McCoy Creek Group,Unit E,Unit E,,820,820,820,,brown phyllitic argillite,false,false,
13,31,31,NEOPROTEROZOIC,McCoy Creek Group,Unit D,Unit D,,720,720,720,,quartzite and conglomerate,false,false,
13,32,32,NEOPROTEROZOIC,McCoy Creek Group,Unit C,Unit C,,820+,820,820,,phyllitic argillite and slate,false,false,
13,33,33,NEOPROTEROZOIC,McCoy Creek Group,Unit B,Unit B,,510+,510,510,,coarse white marble,false,false,
13,34,34,NEOPROTEROZOIC,McCoy Creek Group,Subunit A-2,Subunit A-2,,260,260,260,,green schist & gneiss,false,false,
13,35,35,NEOPROTEROZOIC,McCoy Creek Group,Subunit A-1,Subunit A-1,,1480+,1480,1480,,schistose quartzite,false,false,
14,1,1,Q,,Alluvium & salt flats,Alluvium & salt flats,,0-100,0,100,,,false,false,
14,2,2,Q,,Lake Bonneville deposits,Lake Bonneville deposits,,0-100,0,100,,prominent shorelines,false,false,
14,3,3,MIO,,Salt Lake Group,Salt Lake Group,,2000+,2000,2000,,exposed nearby in northwest Utah; Basin-Range UNCONFORMITY,false,false,
14,4,4,,,SEVIER OROGENY AND LATER BASIN & RANGE EXTENSION,SEVIER OROGENY AND LATER BASIN & RANGE EXTENSION,,,,,,,true,false,
14,5,5,JURA,,Porphyritic granodiorite,Porphyritic granodiorite,,,,,,150 to 154 m.y. K-Ar biotite,false,false,
14,6,6,JURA,,Crater Island quartz monzonite and monzodiorite,Crater Island quartz monzonite and monzodiorite,,,,,,Miller et al. (1990) suggest that these are cooling ages and that the age of emplacement is between 160-165 m.y.,false,true,
14,7,7,JURA,,Porphyritic monzogranite,Porphyritic monzogranite,,,,,,,false,false,
14,8,8,,,MAJOR REGIONAL UNCONFORMITY,MAJOR REGIONAL UNCONFORMITY,,,,,,,true,false,
14,9,9,PERMIAN,,unnamed dolomite,unnamed dolomite,,400,400,400,,Parafusulina,false,false,
14,10,10,PERMIAN,,Pequop Formation,Pequop Formation,,1800+,1800,1800,,Schwagerina; fusulinids,false,false,
14,11,10,PERMIAN,,Riepetown Sandstone,Riepetown Sandstone,,300,300,300,,Pseudofusulina,false,false,
14,12,12,PERMIAN,,Strathearn Formation,Strathearn Formation,,200,200,200,,,false,false,
14,13,13,M,,Chainman & Diamond Peak Fms - undivided,Chainman & Diamond Peak Fms - undivided,,250,250,250,,,false,false,
14,14,14,M,,Joana Limestone,Joana Limestone,,85,85,85,,Siphonodella,false,false,
14,15,15,DEVONIAN,Guilmette Formation,upper member,upper member,,900+,900,900,,stromatoporoids,false,false,
14,16,16,DEVONIAN,Guilmette Formation,lower member,lower member,,810+,810,810,,,false,false,
14,17,17,DEVONIAN,,Simonson Dolomite,Simonson Dolomite,,1170,1170,1170,,,false,false,
14,18,18,SIL,,Lone Mountain Dolomite,Lone Mountain Dolomite,,370,370,370,,faulted contact ?,false,false,
14,19,19,SIL,,Laketown Dolomite,Laketown Dolomite,,380+,380,380,,UNCONFORMITY,false,false,
14,20,20,ORDOVICIAN,,Ely Springs Dolomite,Ely Springs Dolomite,,280,280,280,,Streptelasma,false,false,
14,21,21,ORDOVICIAN,,Eureka Quartzite,Eureka Quartzite,,430+,430,430,,,false,false,
14,22,22,ORDOVICIAN,,Swan Peak Fm,Swan Peak Formation,,325+,325,325,,contains conodonts,false,false,
14,23,23,ORDOVICIAN,,Lehman Formation,Lehman Formation,,440,440,440,,,false,false,
14,24,24,ORDOVICIAN,,Kanosh Shale,Kanosh Shale,,280,280,280,,,false,false,
14,25,25,ORDOVICIAN,Garden City Formation,upper member,upper member,,450+,450,450,,Lachnostoma,false,false,
14,26,26,ORDOVICIAN,Garden City Formation,lower member,lower member,,700+,700,700,,intraformational conglomerate; faulted contact ?,false,false,
14,27,27,CAMBRIAN,,Notch Peak Formation,Notch Peak Formation,,1100,1100,1100,,,false,false,
14,28,28,CAMBRIAN,Orr Fm,Corset Spring Sh Mbr,Corset Spring Shale Member,,60,60,60,,,false,false,
14,29,29,CAMBRIAN,Orr Fm,Johns Wash Ls Mbr,Johns Wash Limestone Member,,400,400,400,,,false,false,
14,30,30,CAMBRIAN,Orr Fm,Candland Shale Mbr,Candland Shale Member,,190,190,190,,,false,false,
14,31,31,CAMBRIAN,Orr Fm,Big Horse Ls Mbr,Big Horse Limestone Member,,600,600,600,,Tricrepicephalus,false,false,
14,32,32,CAMBRIAN,,Lamb Dolomite,Lamb Dolomite,,250,250,250,,,false,false,
14,33,33,CAMBRIAN,,Trippe Limestone,Trippe Limestone,,450+,450,450,,,false,false,
15,1,1,Q,,"Alluvium, playa & dune deps","Alluvium, playa & dune deps",,0-100,0,100,,,false,false,
15,2,2,Q,,Lake Bonneville deposits,Lake Bonneville deposits,,0-200,0,200,,freshwater snails & diatoms,false,false,
15,3,3,,,Angular Unconformity,Angular Unconformity,,,,,,,true,false,
15,4,4,MIOCENE,,Salt Lake Group,Salt Lake Group,,2800 plus,2800,2800,,"freshwater snails and bivalves; vitric tuff interbedded with calcareous siltstone, mudstone & cg, some volcanic rocks; Basin-Range UNCONFORMITY",false,false,
15,5,5,,,BEGINNING OF REGIONAL EXTENSIONAL FAULTING,BEGINNING OF REGIONAL EXTENSIONAL FAULTING,,,,,,,true,false,
15,6,6,J,,Monzonite & granodiorite stocks on Crater Island,Monzonite & granodiorite stocks on Crater Island,,plutons,,,,154 - 150 m.y.,false,false,
15,7,7,,,PALEOZOIC STRATA WERE PERVASIVELY BROKEN BY MESOZOIC COMPRESSIONAL & CENOZOIC EXTENSIONAL FORCES,PALEOZOIC STRATA WERE PERVASIVELY BROKEN BY MESOZOIC COMPRESSIONAL & CENOZOIC EXTENSIONAL FORCES,,,,,,,true,false,
15,8,8,PERM,,"Undivided Grandeur, Pequop, Ferguson Mtn, & Strathearn Fms","Undivided Grandeur, Pequop, Ferguson Mtn, & Strathearn Fms",,2500,2500,2500,,fusulinids; UNCONFORMITY,false,false,
15,9,9,P,,Ely Limestone,Ely Limestone,,1740,1740,1740,,measured at Rishel Pk in northern Leppy Rng,false,false,
15,10,10,M,,Diamond Peak and Chainman Fms,Diamond Peak and Chainman Fms,,1140,1140,1140,,Tetzlaff Peak area,false,false,
15,11,11,M,,Joana Limestone equivalent,Joana Limestone equivalent,,0-270,0,270,,absent at Tetzlaff Canyon,false,false,
15,12,12,DEVONIAN,,Pilot Shale,Pilot Shale,,0-110,0,110,,absent at Graham Peak,false,false,
15,13,13,DEVONIAN,,Guilmette Limestone,Guilmette Limestone,,2200,2200,2200,,stromatoporoids,false,false,
15,14,14,DEVONIAN,,Simonson Dolomite,Simonson Dolomite,,1300,1300,1300,,UNCONFORMITY?,false,false,
15,15,15,S,,Roberts Mountains Fm and Laketown Dolomite,Roberts Mountains Formation and Laketown Dolomite,,1070,1070,1070,,Sheehan (1979) assigned the upper 850 ft of Schaeffer's Laketown to the Roberts Mtn Fm,false,true,
15,16,16,ORDOVICIAN,,Fish Haven Dolomite,Fish Haven Dolomite,,580,580,580,,"Catenipora, Streptelasma",false,false,
15,17,17,ORDOVICIAN,,Eureka Quartzite,Eureka Quartzite,,160-540,160,540,,,false,false,
15,18,18,ORDOVICIAN,,Crystal Peak Dolomite,Crystal Peak Dolomite,,120,120,120,,3 ft Swan Pk Qtzt at top,false,false,
15,19,19,ORDOVICIAN,,Lehman Formation,Lehman Formation,,770,770,770,,"Bivia, Cybelopsis",false,false,
15,20,20,ORDOVICIAN,,Kanosh Shale,Kanosh Shale,,170,170,170,,Orthambonites,false,false,
15,21,21,ORDOVICIAN,Garden City Fm,Upper cherty mbr,Upper cherty mbr,,1800,1800,1800,,Lachnostoma; Hesperonomia,false,false,
15,22,22,ORDOVICIAN,Garden City Fm,Lower member,Lower member,,1300,1300,1300,,intraformational cg,false,false,
15,23,23,CAMBRIAN,,Notch Peak Formation,Notch Peak Formation,,1900?,1900,1900,,faulted section,false,false,
15,24,23,CAMBRIAN,Orr Fm,Sneakover Ls Member,Sneakover Limestone Member,,80,80,80,,Billingsella,false,false,
15,25,24,CAMBRIAN,Orr Fm,Corset Spring Sh Mbr,Corset Spring Shale Member,,50,50,50,,Elvinia zone,false,false,
15,26,25,CAMBRIAN,Orr Fm,Johns Wash Ls Mbr,Johns Wash Limestone Member,,470,470,470,,,false,false,
15,27,26,CAMBRIAN,Orr Fm,Candland Shale Mbr,Candland Shale Member,,280,280,280,,becomes sandy to north; Dicanthopyge,false,false,
15,28,27,CAMBRIAN,Orr Fm,Big Horse Ls Mbr,Big Horse Limestone Member,,570 plus,570,570,,Tricrepicephalus,false,false,
15,29,28,CAMBRIAN,,FAULT CONTACT IN JENKINS PEAK AREA,FAULT CONTACT IN JENKINS PEAK AREA,,,,,,,true,false,
15,30,29,CAMBRIAN,,Lamb ? Dolomite,Lamb ? Dolomite,,350 plus,350,350,,,false,false,
15,31,30,CAMBRIAN,,"Trippe & Pierson Cove Formations, Undivided","Trippe & Pierson Cove Formations, Undivided",,1800?,1800,1800,,faulted section,false,false,
15,32,31,CAMBRIAN,,MAJOR FAULT SEPARATES SECTION ABOVE FROM THAT BELOW,MAJOR FAULT SEPARATES SECTION ABOVE FROM THAT BELOW,,,,,,,true,false,
15,33,32,CAMBRIAN,,Killian Springs Fm,Killian Springs Formation,,400,400,400,,Tetzlaff Peak area,false,false,
15,34,33,CAMBRIAN,,Prospect Mountain Qtzt,Prospect Mountain Quartzite,,1400 plus,1400,1400,,base concealed,false,false,
16,1,1,Q,,"Alluvium, playa & dune deps","Alluvium, playa & dune deps",,0-100,0,100,,,false,false,
16,2,2,Q,,Lake Bonneville deposits,Lake Bonneville deposits,,0-200,0,200,,beach gravel up to 5200 feet elevation,false,false,
16,3,3,MIOCENE - PLIO?,,Andesite porphyry flows,Andesite porphyry flows,,0-50,0,50,,,false,false,
16,4,3,MIOCENE - PLIO?,,"Tuffaceous lacustrine siltstone, sandstone, & limestone","Tuffaceous lacustrine siltstone, sandstone, & limestone",,500+,500,500,,Salt Lake Fm or Gp,false,false,
16,5,4,MIOCENE - PLIO?,,Contact not exposed,Contact not exposed,,,,,,,true,false,
16,6,5,MIOCENE - PLIO?,,Upper rhyolite porphyry,Upper rhyolite porphyry,,up to 500,500,500,,,false,false,
16,7,6,MIOCENE - PLIO?,,Lower rhyolite porphyry,Lower rhyolite porphyry,,400,400,400,,12 m.y. K-Ar; Basin-Range UNCONFORMITY,false,false,
16,8,7,,,BEGINNING OF REGIONAL EXTENSIONAL FAULTING,BEGINNING OF REGIONAL EXTENSIONAL FAULTING,,,,,,,true,false,
16,9,8,EO,,Granodiorite,Granodiorite,,intrusive,,,,39 m.y. based on correlation with similar rocks in Pilot Range,false,false,
16,10,10,PERMIAN,,Pequop Formation,Pequop Formation,,2000,2000,2000,,interbedded bioclastic limestone & sandstone silicified in NW Leppy Hills; Schwagerina; Pseudofusulina,false,false,
16,11,11,PERMIAN,,Ferguson Mountain and Strathearn Fms - undivided,Ferguson Mountain and Strathearn Fms - undivided,,230,230,230,,Schwagerina; SLIGHT ANGULAR UNCONFORMITY,false,false,
16,12,12,PENNSYLVANIAN,,Hogan Formation,Hogan Formation,,500,500,500,,brown & white banded with pink shaly partings,false,false,
16,13,13,PENNSYLVANIAN,,Ely Limestone,Ely Limestone,,1100,1100,1100,,"(restricted); fossiliferous, cherty; LOW-ANGLE FAULT ZONE",false,false,
16,14,14,MISS,,Diamond Peak & Chainman Formations - undivided,Diamond Peak & Chainman Formations - undivided,,430,430,430,,upper half carbonate,false,false,
16,15,14,MISS,Diamond Peak & Chainman Formations - undivided,Needle Siltstone Member,Needle Siltstone Member,,70,70,70,,,false,false,
16,16,14,MISS,,Joana Limestone,Joana Limestone,,0-20,0,20,,ANGULAR UNCONFORMITY,false,false,
16,17,15,DEVONIAN,,Pilot Shale,Pilot Shale,,420,420,420,,only lower part of Pilot present here; MAJOR LOW-ANGLE FAULT ZONE,false,false,
16,18,16,DEVONIAN,,Guilmette Formation,Guilmette Formation,,2000,2000,2000,,locally silicified; Amphipora; FORMATION TECTONICALLY THINNED BY LOW-ANGLE BEDDING FAULTS; Stringocephalus,false,false,
16,19,17,DEVONIAN,,Simonson Dolomite,Simonson Dolomite,,400 + base not exposed,400,400,,"light to dark gray, finely laminated",false,false,
17,1,1,Q,,Alluvium & Lake Bonneville sediments,Alluvium & Lake Bonneville sediments,,0-200,0,200,,,false,false,
17,2,2,MIOCENE - PLIO,,Valley fill under Great Salt Lake Desert,Valley fill under Great Salt Lake Desert,,0-3000?,0,3000,,valley filling accompanied regional extension; Basin-Range UNCONFORMITY,false,false,
17,3,3,J,,Quartz monzonite stock,Quartz monzonite stock,,,,,,153 - 148 m.y. K-Ar,false,false,
17,4,4,PERM,,Meade Peak Mbr Phosphoria Fm,Meade Peak Member Phosphoria Formation,,100?,100,100,,,false,false,
17,5,5,PERM,,Oquirrh Group?,Oquirrh Group?,,1300±,1300,1300,,Parafusulina; Schwagerina,false,false,
17,6,5,IP,,Conglomerate,Conglomerate,,0-130,0,130,,gradational contact,false,false,
17,7,6,DEVONIAN,,Pilot Shale,Pilot Shale,,525-800,525,800,,MAJOR UNCONFORMITY; Eoparaphorhynchus; only lower Pilot present,false,false,
17,8,7,DEVONIAN,,Guilmette Formation,Guilmette Formation,,2000±,2000,2000,,"Calvinaria; Units B, C, and lower D of Allmendinger & Jordan",false,false,
17,9,8,DEVONIAN,,Simonson Dolomite,Simonson Dolomite,,800±,800,800,,Unit A of Allmendinger & Jordan,false,false,
17,10,9,SILUR,,Laketown Dolomite,Laketown Dolomite,,1100±,1100,1100,,"Laketown - Fish Haven field mapping contact differs from regional stratigraphic assignment, thickness is here adjusted to regional norm of Budge & Sheehan, 1980",false,true,
17,11,10,ORDOVICIAN,,Fish Haven Dolomite,Fish Haven Dolomite,,300±,300,300,,,false,false,
17,12,11,ORDOVICIAN,,Eureka Quartzite,Eureka Quartzite,,500,500,500,,,false,false,
17,13,12,ORDOVICIAN,,Crystal Peak Dolomite,Crystal Peak Dolomite,,100,100,100,,,false,false,
17,14,13,ORDOVICIAN,,Watson Ranch Quartzite,Watson Ranch Quartzite,,220,220,220,,,false,false,
17,15,13,ORDOVICIAN,,Lehman Formation,Lehman Formation,,300,300,300,,,false,false,
17,16,14,ORDOVICIAN,,Kanosh Shale,Kanosh Shale,,200-380,200,380,,,false,false,
17,17,15,ORDOVICIAN,,Garden City Limestone,Garden City Limestone,,2500±,2500,2500,,Paddock's Garden City thickness of 3600 feet has been reduced on the basis of cross-sections from Allmendinger & Jordan,false,false,
17,18,16,CAMBRIAN,,St. Charles Dolomite,St. Charles Dolomite,,1000±,1000,1000,,,false,false,
17,19,17,CAMBRIAN,St. Charles Dolomite,Worm Creek Qtzt Mbr,Worm Creek Quartzite Member,,200,200,200,,,false,false,
17,20,18,CAMBRIAN,,Undivided Upper & Middle Cambrian carbonate rocks,Undivided Upper & Middle Cambrian carbonate rocks,,1000±,1000,1000,,,false,false,
18,1,1,Q,,Alluvium & colluvium,Alluvium & colluvium,,0-100,0,100,,,false,false,
18,2,2,Q,,Lake Bonneville deposits,Lake Bonneville deposits,,0-200,0,200,,,false,false,
18,3,3,P,,Pre-Bonneville ashes & soils,Pre-Bonneville ashes & soils,,0-200,0,200,,Pearlette O & Bishop ash,false,false,
18,4,4,P,,Rozel Hills basalt,Rozel Hills basalt,,0-100?,0,100,,3.5 m.y. K-Ar,false,false,
18,5,5,MIO,,Salt Lake Formation and older buried valley fill,Salt Lake Formation and older buried valley fill,,"up to 14,000 under Great Salt Lake",14000,14000,,"Arco's Bridge well in the middle of the lake penetrated 12,000 ft of Quaternary, Pliocene, and Miocene sediments and basalts. A tuff near the bottom gave a fission-track age of 30 m.y.",false,false,
18,6,6,,,CENOZOIC ROCKS LIE WITH ANGULAR UNCONFORMITY ON OLDER STRATA,CENOZOIC ROCKS LIE WITH ANGULAR UNCONFORMITY ON OLDER STRATA,,,,,,Basin-Range UNCONFORMITY,true,false,
18,7,7,PENN,,Oquirrh Group,Oquirrh Group,,7500,7500,7500,,"*Note: formations shown here are taken mostly from Olson, but some of the names have been modified to fit present usage better. The Cambrian units of Olson especially need to be re-examined.",false,false,
18,8,8,MISSISSIPPIAN,,Manning Canyon Shale,Manning Canyon Shale,,1100,1100,1100,,,false,false,
18,9,9,MISSISSIPPIAN,,Great Blue Limestone,Great Blue Limestone,,1500,1500,1500,,Fenestella,false,false,
18,10,10,MISSISSIPPIAN,,Woodman Formation,Woodman Formation,,700,700,700,,Delle phosphatic shale,false,false,
18,11,11,MISSISSIPPIAN,,Lodgepole Formation,Lodgepole Formation,,300,300,300,,many fossils,false,false,
18,12,12,DEV,,Beirdneau Formation,Beirdneau Formation,,200,200,200,,,false,false,
18,13,13,DEV,,Hyrum Dolomite,Hyrum Dolomite,,900,900,900,,,false,false,
18,14,14,DEV,,Water Canyon Formation,Water Canyon Formation,,600,600,600,,,false,false,
18,15,15,SIL,,Laketown Dolomite,Laketown Dolomite,,1200?,1200,1200,,Halysites,false,false,
18,16,16,ORDO,,Fish Haven Dolomite,Fish Haven Dolomite,,600?,600,600,,,false,false,
18,17,17,ORDO,,Swan Peak Quartzite,Swan Peak Quartzite,,790,790,790,,Anomalorthis,false,false,
18,18,18,ORDO,,Garden City Formation,Garden City Formation,,1170,1170,1170,,Trigonocerca; Parahystricurus,false,false,
18,19,19,CAMBRIAN,,St. Charles Formation,St. Charles Formation,,1080,1080,1080,,"dark, cherty",false,false,
18,20,20,CAMBRIAN,St. Charles Formation,Worm Creek Qtzt Mbr,Worm Creek Quartzite Member,,80,80,80,,brown quartzite,false,false,
18,21,21,CAMBRIAN,,Nounan Formation,Nounan Formation,,2200,2200,2200,,light-gray massive dolomite & blue-gray limestone,false,false,
18,22,22,CAMBRIAN,Marjum Limestone,Upper Shale member,Upper Shale member,,150,150,150,,"shale with limestone nodules, intraformational cg & fauna",false,false,
18,23,22,CAMBRIAN,,Marjum Limestone,Marjum Limestone,,1750,1750,1750,,Bolaspidella; equivalent to upper Bloomington Formation,false,false,
18,24,23,CAMBRIAN,,“Wheeler” Formation,“Wheeler” Formation,,200,200,200,,Bolaspidella; Ptychagnostus gibbus,false,false,
18,25,24,CAMBRIAN,,“Swasey” Limestone,“Swasey” Limestone,,200,200,200,,phyllite & limestone,false,false,
18,26,25,CAMBRIAN,,Whirlwind equivalent,Whirlwind equivalent,,300,300,300,,Ehmaniella,false,false,
18,27,26,CAMBRIAN,,Dome equivalent,Dome equivalent,,100,100,100,,*see note at top,false,false,
18,28,27,CAMBRIAN,,Chisholm equivalent,Chisholm equivalent,,30,30,30,,Glossopleura,false,false,
18,29,28,CAMBRIAN,,Howell equivalent,Howell equivalent,,370,370,370,,pisolites common; Ptarmigania,false,false,
18,30,29,CAMBRIAN,,Pioche Formation,Pioche Formation,,300-380,300,380,,mostly qtzt & siltstone,false,false,
18,31,30,CAMBRIAN,,Geertsen Canyon Qtzt,Geertsen Canyon Quartzite,,3900,3900,3900,,,false,false,
18,32,31,NEOPROTEROZOIC,,Browns Hole Formation,Browns Hole Formation,,300±,300,300,,Crittenden (1988) remapped the Promontory Range and identified these units as the Late Proterozoic Huntsville Sequence at the south end of Promontory Point. Thicknesses are estimated from his cross-section.,false,true,
18,33,31,NEOPROTEROZOIC,,Mutual Formation,Mutual Formation,,2300±,2300,2300,,,false,false,
18,34,32,NEOPROTEROZOIC,,Inkom Shale,Inkom Shale,,500±,500,500,,,false,false,
18,35,32,NEOPROTEROZOIC,,Caddy Canyon Quartzite,Caddy Canyon Quartzite,,2000±,2000,2000,,,false,false,
18,36,33,NEOPROTEROZOIC,,Papoose Creek Formation,Papoose Creek Formation,,350±,350,350,,,false,false,
18,37,33,NEOPROTEROZOIC,,Kelly Canyon Formation,Kelly Canyon Formation,,1000±,1000,1000,,,false,false,
18,38,34,NEOPROTEROZOIC,,Maple Canyon Formation,Maple Canyon Formation,,1500+,1500,1500,,,false,false,
19,1,1,Q,,Alluvium & Lake Bonneville seds,Alluvium & Lake Bonneville seds,,0-300,0,300,,,false,false,
19,2,2,M-P,,Valley fill,Valley fill,,0-200,0,200,,,false,false,
19,3,3,M-P,,Salt Lake Formation,Salt Lake Formation,,0-160,0,160,,Basin-Range UNCONFORMITY,false,false,
19,4,4,E,,Andesites of Grayback Hills,Andesites of Grayback Hills,,0-400,0,400,,35.5 m.y. KAr; 38.6 m.y. KAr,false,false,
19,5,5,TR,,Thaynes Formation,Thaynes Formation,,500,500,500,,Prohungarites; Platyvillosus,false,false,
19,6,6,TR,,Dinwoody Formation,Dinwoody Formation,,1280,1280,1280,,,false,false,
19,7,7,PERMIAN,,Gerster Limestone,Gerster Limestone,,310,310,310,,limestone & chert,false,false,
19,8,8,PERMIAN,,Murdock Mountain Fm,Murdock Mountain Formation,,1650,1650,1650,,"in Grayback Hills, see Doelling, 1994",false,false,
19,9,9,PERMIAN,,"Meade Peak Mbr, Phosporia Fm","Meade Peak Member, Phosporia Formation",,230?,230,230,,,false,false,
19,10,10,PERMIAN,,Grandeur ? Formation,Grandeur ? Formation,,500+,500,500,,,false,false,
19,11,11,PERMIAN,,Unnamed formation,Unnamed formation,,3350,3350,3350,,top not exposed; cherty; partly exposed,false,false,
19,12,12,PERMIAN,Oquirrh Group,Map unit 6 (Leonardian),Map unit 6 (Leonardian),,1300,1300,1300,,Schwagerina,false,false,
19,13,13,PERMIAN,Oquirrh Group,Map units 3-5 (Wolfcampian),Map units 3-5 (Wolfcampian),,5700,5700,5700,,Schwagerina; Pseudofusulina; Pseudoschwagerina,false,false,
19,14,14,PENN,Oquirrh Group,"Map units 1-2 (Virgilian, Desmoinesian, and Atokan)","Map units 1-2 (Virgilian, Desmoinesian, and Atokan)",,3600,3600,3600,,Triticites; Pseudofusulinella; Pseudofusulina,false,false,
19,15,15,,,INTERVAL COVERED OR FAULTED OUT,INTERVAL COVERED OR FAULTED OUT,,,,,,,true,false,
19,16,16,MISSISSIPPIAN,,Manning Canyon Shale,Manning Canyon Shale,,500+,500,500,,poorly exposed,false,false,
19,17,17,MISSISSIPPIAN,,Great Blue Limestone,Great Blue Limestone,,4080,4080,4080,,,false,false,
19,18,17,MISSISSIPPIAN,,Humbug Formation,Humbug Formation,,1550,1550,1550,,,false,false,
19,19,18,MISSISSIPPIAN,,Deseret Limestone,Deseret Limestone,,370,370,370,,,false,false,
19,20,19,MISSISSIPPIAN,,Delle Phosphatic Mbr,Delle Phosphatic Member,,200,200,200,,conodonts,false,false,
19,21,20,MISSISSIPPIAN,,Lodgepole Limestone,Lodgepole Limestone,,450,450,450,,,false,false,
19,22,21,DEV,,Pinyon Peak Formation,Pinyon Peak Formation,,160,160,160,,Fitchville equivalent,false,false,
19,23,22,DEV,,Beirdneau Formation,Beirdneau Formation,,1000,1000,1000,,,false,false,
19,24,23,DEV,,Hyrum Dolomite,Hyrum Dolomite,,1000,1000,1000,,Simonson on maps,false,false,
19,25,24,DEV,,Water Canyon Formation,Water Canyon Formation,,340,340,340,,,false,false,
19,26,25,SIL,,Laketown Dolomite,Laketown Dolomite,,1020,1020,1020,,,false,false,
19,27,26,ORDO,,Fish Haven Dolomite,Fish Haven Dolomite,,220,220,220,,,false,false,
19,28,27,ORDO,,Swan Peak Quartzite,Swan Peak Quartzite,,0-230,0,230,,MID-ORDOVICIAN UNCONFORMITIES,false,false,
19,29,28,ORDO,,Kanosh Shale,Kanosh Shale,,0-150,0,150,,,false,false,
19,30,29,ORDO,,Garden City Limestone,Garden City Limestone,,1620,1620,1620,,intraformational ls cg,false,false,
19,31,30,CAMBRIAN,,St. Charles Formation,St. Charles Formation,,1400,1400,1400,,hiatus,false,false,
19,32,30,CAMBRIAN,,Worm Creek Qtzt Mbr,Worm Creek Quartzite Member,,40-180,40,180,,sandy dolomite,false,false,
19,33,31,CAMBRIAN,,Nounan Formation,Nounan Formation,,1900,1900,1900,,,false,false,
19,34,32,CAMBRIAN,,Upper shale member,Upper shale member,,170,170,170,,ls nodules in green sh,false,false,
19,35,32,CAMBRIAN,,"""Marjum"" Formation","""Marjum"" Formation",,980,980,980,,,false,false,
19,36,33,CAMBRIAN,,Wheeler Formation,Wheeler Formation,,440,440,440,,,false,false,
19,37,34,CAMBRIAN,,Swasey Limestone,Swasey Limestone,,600,600,600,,Glyphaspis coquina,false,false,
19,38,35,CAMBRIAN,,Whirlwind Formation,Whirlwind Formation,,70,70,70,,Ehmaniella,false,false,
19,39,36,CAMBRIAN,,Dome Limestone,Dome Limestone,,250,250,250,,silty limestone,false,false,
19,40,37,CAMBRIAN,,Chisholm Shale,Chisholm Shale,,200,200,200,,Glossopleura,false,false,
19,41,38,CAMBRIAN,,Howell Limestone,Howell Limestone,,300,300,300,,,false,false,
19,42,39,CAMBRIAN,,Pioche Formation,Pioche Formation,,200,200,200,,"green qtzt, trace fossils",false,false,
19,43,40,CAMBRIAN,,Tintic Quartzite,Tintic Quartzite,,600+,600,600,,,false,false,
20,1,1,Q,,Alluvium & Lake Bonneville sediments,Alluvium & Lake Bonneville sediments,,0-200,0,200,,,false,false,
20,2,2,MI-PLI,,Valley fill in Skull Valley,Valley fill in Skull Valley,,0-5000?,0,5000,,,false,false,
20,3,3,MI-PLI,,Basalt,Basalt,,50-100,50,100,,,false,false,
20,4,4,EO?-O?,,Rhyolite,Rhyolite,,650+,650,650,,,false,false,
20,5,5,EO?-O?,,Dacite,Dacite,,—,,,,Basin-Range UNCONFORMITY; 40 m.y. Ar/Ar,false,false,
20,6,6,EO?-O?,,Andesite,Andesite,,0-1000,0,1000,,"lahars, tuffs, & lava flows; 38 m.y. Ar/Ar",false,false,
20,7,7,K?-T,,Unnamed sandstone,Unnamed sandstone,,300+,300,300,,,false,false,
20,8,8,K?-T,,North Horn? Formation,North Horn? Formation,,800+,800,800,,conglomerate with red matrix; MAJOR UNCONFORMITY,false,false,
20,9,9,PERMIAN,,Gerster Limestone,Gerster Limestone,,320,320,320,,,false,false,
20,10,10,PERMIAN,,Plympton Formation,Plympton Formation,,2400,2400,2400,,,false,false,
20,11,11,PERMIAN,,"Meade Pk Mbr, Phosphoria Fm","Meade Peak Member, Phosphoria Formation",,230,230,230,,,false,false,
20,12,12,PERMIAN,,Grandeur Formation,Grandeur Formation,,1850,1850,1850,,,false,false,
20,13,13,PERMIAN,,Pequop Fm,Pequop Formation,,3950,3950,3950,,cherty,false,false,
20,14,14,PERMIAN,Oquirrh Group,Freeman Peak and Curry Peak Formations,Freeman Peak and Curry Peak Formations,,3500,3500,3500,,Schwagerina,false,false,
20,15,15,PENNSYLVANIAN,Oquirrh Group,Bingham Mine Formation,Bingham Mine Formation,,2800,2800,2800,,Triticites; Triticites,false,false,
20,16,16,PENNSYLVANIAN,Oquirrh Group,Butterfield Peaks Formation,Butterfield Peaks Formation,,5400,5400,5400,,Fusulina; Fusulinella; Millerella; Chaetetes,false,false,
20,17,17,PENNSYLVANIAN,Oquirrh Group,West Canyon Limestone,West Canyon Limestone,,500-800,500,800,,many fossils,false,false,
20,18,18,MISSISSIPPIAN,,Manning Canyon Shale,Manning Canyon Shale,,1500-2000,1500,2000,,gray to black,false,false,
20,19,19,MISSISSIPPIAN,,Great Blue Limestone,Great Blue Limestone,,2440+,2440,2440,,corals; bryozoans; corals,false,false,
20,20,19,MISSISSIPPIAN,,Humbug Formation,Humbug Formation,,1015+,1015,1015,,,false,false,
21,1,1,Q,,Alluvium & colluvium,Alluvium & colluvium,,0-100,0,100,,"mud, silt, sand, & gravel",false,false,
21,2,2,Q,,Lake Bonneville deposits,Lake Bonneville deposits,,0-100,0,100,,"marl, sand, & gravel; up to 25,000 years old",false,false,
21,3,3,PLIOCENE,Salt Lake Formation,Subunit of Washboards,Subunit of Washboards,,3000-4000,3000,4000,,"poorly consolidated silt, clay, sand, & gravel; clasts from Precambrian & Paleozoic formations; dips westward 15-30 degrees; younger than 4.4 m.y.; see Biek et al., 2003",false,false,
21,4,4,MIOCENE,Salt Lake Formation,Oolitic subunit of Plymouth,Oolitic subunit of Plymouth,,210,210,210,,"oolitic ls, micrite, cg, marl",false,false,
21,5,5,MIOCENE,Salt Lake Formation,Tephra subunit of Junction Hills,Tephra subunit of Junction Hills,,2550,2550,2550,,"ash, tuffaceous siltstone, minor tuffaceous limestone, marl, micrite; 7.9 m.y. ash; 8.0 m.y. ash",false,false,
21,6,5,MIOCENE,Salt Lake Formation,Basalt sills,Basalt sills,,0-10,0,10,,,false,false,
21,7,6,MIOCENE,Salt Lake Formation,Zeolite subunit of Long Divide,Zeolite subunit of Long Divide,,320-700,320,700,,green siltstone with zeolite,false,false,
21,8,7,MIOCENE,Salt Lake Formation,Micrite subunit of Short Divide,Micrite subunit of Short Divide,,400,400,400,,10.9 m.y. ash; fine-grained limestone,false,false,
21,9,8,MIOCENE,Salt Lake Formation,Congl unit of Benson's Hollow,Congl unit of Benson's Hollow,,200,200,200,,tuffaceous; Basin-Range UNCONFORMITY,false,false,
21,10,9,,,BASIN & RANGE EXTENSION BEGAN ABOUT 17 M.Y. AGO,BASIN & RANGE EXTENSION BEGAN ABOUT 17 Member.Y. AGO,,,,,,,true,false,
21,11,10,E,,Wasatch Formation?,Wasatch Formation?,,200,200,200,,bouldery red soil,false,false,
21,12,11,,,CENOZOIC ROCKS LIE UNCONFORMABLY OVER PALEOZOIC STRATA,CENOZOIC ROCKS LIE UNCONFORMABLY OVER PALEOZOIC STRATA,,,,,,,true,false,
21,13,12,IP,,Oquirrh Group,Oquirrh Group,,1300+,1300,1300,,PALEOZOIC ROCKS ARE EXTENSIVELY FAULTED,false,false,
21,14,13,,,INTERVAL NOT EXPOSED,INTERVAL NOT EXPOSED,,,,,,,true,false,
21,15,14,M,,Lodgepole Limestone,Lodgepole Limestone,,300,300,300,,,false,false,
21,16,15,,,INTERVAL NOT EXPOSED,INTERVAL NOT EXPOSED,,,,,,,true,false,
21,17,16,D,,Water Canyon Formation,Water Canyon Formation,,500?,500,500,,,false,false,
21,18,17,SIL,,Laketown Dolomite and Fish Haven Dolomite undivided,Laketown Dolomite and Fish Haven Dolomite undivided,,1600,1600,1600,,"light & dark gray, banded; Halysites; Fish Haven 100-200 ft",false,false,
21,19,18,ORDOVICIAN,,Swan Peak Quartzite,Swan Peak Quartzite,,570,570,570,,shaly near base,false,false,
21,20,19,ORDOVICIAN,Garden City Formation,Upper cherty member,Upper cherty member,,420,420,420,,Anomalorthis; Hesperonomia,false,false,
21,21,20,ORDOVICIAN,Garden City Formation,Lower member,Lower member,,1340,1340,1340,,Trigonocerca; intraformational cg; Hystricurus; Bellefontia,false,false,
21,22,21,CAMBRIAN,,St. Charles Formation,St. Charles Formation,,1000,1000,1000,,upper St. Charles thins northward; Worm Creek doubles in thickness northward,false,false,
21,23,22,CAMBRIAN,,Worm Creek Qtzt Mbr,Worm Creek Quartzite Member,,100-400,100,400,,feldspathic sandstone,false,false,
21,24,23,CAMBRIAN,,Nounan Formation,Nounan Formation,,1100-1300,1100,1300,,Aphelaspis; Nounan thins toward the north,false,false,
21,25,24,CAMBRIAN,Bloomington Formation,Calls Fort Sh Mbr,Calls Fort Shale Member,,430,430,430,,green limestone nodules,false,false,
21,26,25,CAMBRIAN,Bloomington Formation,middle ls mbr,middle ls mbr,,440,440,440,,oolitic limestone,false,false,
21,27,25,CAMBRIAN,Bloomington Formation,Hodges Sh Mbr,Hodges Shale Member,,320-440,320,440,,,false,false,
21,28,26,CAMBRIAN,,Blacksmith Formation,Blacksmith Formation,,350-600,350,600,,,false,false,
21,29,27,CAMBRIAN,,Ute Formation,Ute Formation,,800,800,800,,limestone & olive shale,false,false,
21,30,28,CAMBRIAN,Langston Formation,Upper member,Upper member,,0-100,0,100,,,false,false,
21,31,29,CAMBRIAN,Langston Formation,Spence Shale Mbr,Spence Shale Member,,60-90,60,90,,,false,false,
21,32,30,CAMBRIAN,Langston Formation,Naomi Peak Mbr,Naomi Peak Member,,40-80,40,80,,,false,false,
21,33,31,pЄ,,Geersten Canyon Quartzite (formerly Brigham Qtz),Geersten Canyon Quartzite (formerly Brigham Qtz),,1100+,1100,1100,,,false,false,
22,1,1,Q,,Alluvium & Lake Bonneville seds,Alluvium & Lake Bonneville seds,,0-200,0,200,,"Bonneville flood 14,500 yrs ago (Oviatt, 1997)",false,false,
22,2,2,Q,,Basalt in Portneuf & Gem Valleys,Basalt in Portneuf & Gem Valleys,,0-200,0,200,,"430,000 yrs Ar/Ar",false,false,
22,3,3,PLIO,Salt Lake Fm (Starlight Fm at Pocatello),New Canyon Member,New Canyon Member,,800,800,800,,poorly consolidated pebble to cobble conglomerate,false,false,
22,4,4,MIOCENE,Salt Lake Fm (Starlight Fm at Pocatello),Third Creek Member,Third Creek Member,,3600,3600,3600,,"5.1 m.y., Janecke et al., 2003; mostly tuffaceous sandstone and conglomerate and poorly consolidated tephra; 8.3 m.y.; mostly reworked zeolitic & tuffaceous mudstone & siltstone, minor ls",false,true,
22,5,5,MIOCENE,Salt Lake Fm (Starlight Fm at Pocatello),Cache Valley Member,Cache Valley Member,,1100,1100,1100,,"10.3 m.y.; conglomerate with tuffaceous, calcareous, & sandy matrix; lacustrine limestone beds",false,true,
22,6,6,MIOCENE,Salt Lake Fm (Starlight Fm at Pocatello),Skyline Member,Skyline Member,,1200,1200,1200,,Basin-Range UNCONFORMITY,false,false,
22,7,7,E,,Wasatch Formation,Wasatch Formation,,0-100,0,100,,preserved in channels,false,false,
22,8,8,K,,SEVIER OROGENY - REGIONAL UNCONFORMITY,SEVIER OROGENY - REGIONAL UNCONFORMITY,,,,,,,true,false,
22,9,9,P,,Phosphoria Formation,Phosphoria Formation,,400,400,400,,Ladd-Bennington 3-12 S-43 E 1980,false,true,
22,10,10,IP,,Wells Formation,Wells Formation,,800,800,800,,"*Lower Mississippian & Devonian thin to absent in Ladd well. Cambrian, Ordovician, & Silurian strata all thin rapidly to the east.",false,true,
22,11,11,MISS,,Monroe Canyon Limestone,Monroe Canyon Limestone,,900,900,900,,,false,false,
22,12,11,MISS,,Little Flat Formation,Little Flat Formation,,1000-0*,0,1000,,,false,false,
22,13,12,MISS,,Lodgepole Limestone,Lodgepole Limestone,,800-0*,0,800,,,false,false,
22,14,13,DEV,,Beirdneau Formation,Beirdneau Formation,,900-0*,0,900,,,false,false,
22,15,14,DEV,,Hyrum Dolomite,Hyrum Dolomite,,1600-400*,400,1600,,stromatoporoids; includes Water Canyon Fm,false,false,
22,16,15,S,,Laketown Dolomite,Laketown Dolomite,,1300-300*,300,1300,,light gray; Pentamerus,false,false,
22,17,16,ORDO,,Fish Haven Dolomite,Fish Haven Dolomite,,1000-500*,500,1000,,dark gray,false,false,
22,18,17,ORDO,,Swan Peak Quartzite,Swan Peak Quartzite,,1400-300*,300,1400,,"Thalassinoides - like ""fucoidal"" trace fossils",false,false,
22,19,18,ORDO,,Garden City Formation,Garden City Formation,,1400-0*,0,1400,,intraformational cg; Symphysurina,false,false,
22,20,19,CAMBRIAN,St. Charles Formation,Upper member,Upper member,,1000-500*,500,1000,,,false,false,
22,21,20,CAMBRIAN,St. Charles Formation,Worm Creek Quartzite Mbr,Worm Creek Quartzite Member,,900-100*,100,900,,Elvinia,false,false,
22,22,21,CAMBRIAN,,Nounan Dolomite,Nounan Dolomite,,650,650,650,,Tricrepicephalus,false,false,
22,23,22,CAMBRIAN,,Bloomington Formation,Bloomington Formation,,1500-900*,900,1500,,Ehmania,false,false,
22,24,23,CAMBRIAN,,Blacksmith Ls (N. Utah) Elkhead Ls (Pocatello),Blacksmith Limestone (N. Utah) Elkhead Limestone (Pocatello),,550-850,550,850,,"Note - various relations btw Brigham Group and Cambrian carbonate units are outlined by Link et al., 1985, p. 100",false,true,
22,25,24,CAMBRIAN,,Ute/Bancroft Ls,Ute/Bancroft Limestone,,500,500,500,,,false,false,
22,26,24,CAMBRIAN,,Lead Bell Shale,Lead Bell Shale,,,,,,,false,false,
22,27,25,CAMBRIAN,,Langston Dolomite,Langston Dolomite,,300-600,300,600,,,false,false,
22,28,26,CAMBRIAN,Brigham Group,Gibson Jack Formation,Gibson Jack Formation,,900-1300,900,1300,,argillaceous siltstone with some quartzite,false,false,
22,29,26,CAMBRIAN,Brigham Group,Twin Knobs Ls,Twin Knobs Limestone,,,,,,,false,false,
22,30,27,CAMBRIAN,Brigham Group,Camelback Mountain Quartzite,Camelback Mountain Quartzite,,1000-2000,1000,2000,,Skolithus; vitreous white qtzt with feldspathic & pebble cg beds,false,false,
22,31,28,NEOPROTEROZOIC,Brigham Group,Mutual Formation,Mutual Formation,,1000-2000,1000,2000,,"grayish-red qtzt, cg, and thin argillite",false,false,
22,32,29,NEOPROTEROZOIC,Brigham Group,Inkom Formation,Inkom Formation,,200-800,200,800,,green & red argillite,false,false,
22,33,30,NEOPROTEROZOIC,Brigham Group,Caddy Canyon Quartzite,Caddy Canyon Quartzite,,500-2000,500,2000,,"vitreous, variable pebble cg; siltite in lower part, dolomite locally in middle",false,false,
22,34,31,NEOPROTEROZOIC,Brigham Group,Papoose Creek Formation,Papoose Creek Formation,,1000-2000,1000,2000,,,false,false,
22,35,32,NEOPROTEROZOIC,,Blackrock Canyon Limestone,Blackrock Canyon Limestone,,0-300,0,300,,present near Pocatello,false,false,
22,36,33,NEOPROTEROZOIC,Pocatello Fm,Upper member - phyllitic argillite & qtzt,Upper member - phyllitic argillite & qtzt,,1000-2000,1000,2000,,Pocatello Fm has been metamorphosed to greenschist facies,false,false,
22,37,34,NEOPROTEROZOIC,Pocatello Fm,Scout Mountain Member,Scout Mountain Member,,1000-2000,1000,2000,,"tuff, 667 ± 5 m.y.; tuff, 686 ± 4 m.y.",false,false,
22,38,35,NEOPROTEROZOIC,Pocatello Fm,Bannock Volcanics,Bannock Volcanics,,100-1000,100,1000,,"tuff, 709 ± 5 m.y.; pillow lava, metadiabase",false,false,
22,39,36,NEOPROTEROZOIC,Pocatello Fm,Scout Mountain Member,Scout Mountain Member,,1000+,1000,1000,,"argillite, diamictite",false,false,
23,1,1,Q,,Alluvium & Lake Bonneville deposits,Alluvium & Lake Bonneville deposits,,0>300,0,300,,"see Personius, 1990 for Wasatch fault map",false,false,
23,2,2,M-P,,Salt Lake Formation,Salt Lake Formation,,0-3600,0,3600,,,false,false,
23,3,2,E,,Wasatch (?) Formation,Wasatch (?) Formation,,0-40,0,40,,"altered tuff, 44 m.y. K-Ar",false,false,
23,4,3,PENN,,Oquirrh Group,Oquirrh Group,,5000,5000,5000,,Basin-Range UNCONFORMITY; Triticites; Eowaeringella; Wedekindellina,false,false,
23,5,4,PENN,,West Canyon Ls,West Canyon Limestone,,400,400,400,,,false,false,
23,6,5,MISSISSIPPIAN,,Manning Canyon Shale,Manning Canyon Shale,,900,900,900,,Rhipidomella,false,false,
23,7,6,MISSISSIPPIAN,Great Blue Limestone,upper,upper,,740,740,740,,,false,false,
23,8,7,MISSISSIPPIAN,Great Blue Limestone,middle,middle,,600,600,600,,Cavusgnathus,false,false,
23,9,8,MISSISSIPPIAN,Great Blue Limestone,lower,lower,,800,800,800,,Goniatites,false,false,
23,10,9,MISSISSIPPIAN,,Little Flat Formation,Little Flat Formation,,800,800,800,,Ekvasophyllum,false,false,
23,11,10,MISSISSIPPIAN,,Delle Phosphate Mbr,Delle Phosphate Member,,90,90,90,,phosphatic,false,false,
23,12,11,MISSISSIPPIAN,,Lodgepole Limestone,Lodgepole Limestone,,840-970,840,970,,Siphonodella,false,false,
23,13,12,DEV,,Beirdneau Formation,Beirdneau Formation,,0-345,0,345,,sandy,false,false,
23,14,13,DEV,,Hyrum Dolomite,Hyrum Dolomite,,0-490,0,490,,,false,false,
23,15,14,DEV,,Water Canyon Fm,Water Canyon Formation,,1280,1280,1280,,Protaspis,false,false,
23,16,15,S,,Laketown Dolomite,Laketown Dolomite,,1100,1100,1100,,,false,false,
23,17,15,ORD,,Fish Haven Dolomite,Fish Haven Dolomite,,200,200,200,,Halysites,false,false,
23,18,16,ORD,,Swan Peak Fm,Swan Peak Formation,,380,380,380,,Didymograptus,false,false,
23,19,17,ORD,Garden City Fm,Upper cherty mbr,Upper cherty mbr,,425,425,425,,chert absent locally,false,false,
23,20,18,ORD,Garden City Fm,Lower member,Lower member,,965,965,965,,intraformational cg,false,false,
23,21,19,CAMBRIAN,,St. Charles Formation,St. Charles Formation,,1000,1000,1000,,conodonts; Matthevia; Ptychaspis,false,false,
23,22,19,CAMBRIAN,,Worm Creek Qtzt Mbr,Worm Creek Quartzite Member,,170,170,170,,Elvinia,false,false,
23,23,20,CAMBRIAN,,Nounan Fm,Nounan Formation,,1275,1275,1275,,Crepicephalus,false,false,
23,24,21,CAMBRIAN,Bloomington Fm,Calls Fort Sh Mbr,Calls Fort Shale Member,,230-300,230,300,,Bolaspidella,false,false,
23,25,21,CAMBRIAN,Bloomington Fm,Middle ls mbr,Middle ls mbr,,500-650,500,650,,,false,false,
23,26,22,CAMBRIAN,Bloomington Fm,Hodges Sh Mbr,Hodges Shale Member,,330,330,330,,Bolaspidella,false,false,
23,27,23,CAMBRIAN,,Blacksmith Dolomite,Blacksmith Dolomite,,800,800,800,,,false,false,
23,28,24,CAMBRIAN,,Ute Formation,Ute Formation,,650,650,650,,Ehmaniella,false,false,
23,29,25,CAMBRIAN,Langston Fm,Upper mbr,Upper mbr,,110-200,110,200,,Glossopleura,false,false,
23,30,26,CAMBRIAN,Langston Fm,Spence Shale Mbr,Spence Shale Member,,175,175,175,,Albertella,false,false,
23,31,27,CAMBRIAN,Langston Fm,Naomi Pk Mbr,Naomi Peak Member,,25,25,25,,phyllitic,false,false,
23,32,28,CAMBRIAN,Brigham Group,Geertsen Canyon Quartzite,Geertsen Canyon Quartzite,,3900,3900,3900,,Scolithus tubes,false,false,
23,33,29,NEOPROTEROZOIC,Brigham Group,Browns Hole Fm,Browns Hole Formation,,350,350,350,,white quartzite,false,false,
23,34,30,NEOPROTEROZOIC,Brigham Group,Mutual Formation,Mutual Formation,,2200-2600,2200,2600,,maroon to purplish-red quartzite,false,false,
23,35,31,NEOPROTEROZOIC,Brigham Group,Inkom Formation,Inkom Formation,,150,150,150,,,false,false,
23,36,32,NEOPROTEROZOIC,Brigham Group,Caddy Canyon Quartzite,Caddy Canyon Quartzite,,1000,1000,1000,,"vitreous quartzite; tan, green, purple",false,false,
23,37,33,NEOPROTEROZOIC,Brigham Group,Papoose Creek Formation,Papoose Creek Formation,,900+,900,900,,,false,false,
23,38,34,NEOPROTEROZOIC,,Kelly Canyon Fm,Kelly Canyon Formation,,1600,1600,1600,,black argillite (in subsurface),false,false,
24,1,1,Q,,Surficial deposits,Surficial deposits,,0-200,0,200,,"alluvium, till, & landslides",false,false,
24,2,2,Q,,Lake Bonneville deposits,Lake Bonneville deposits,,0-300,0,300,,"sand, gravel, silt, & clay",false,false,
24,3,3,MIO - PLIO,Salt Lake Fm,New Canyon Mbr,New Canyon Member,,800,800,800,,poorly consolidated conglomerate,false,false,
24,4,4,MIO - PLIO,Salt Lake Fm,Third Creek Member,Third Creek Member,,3600,3600,3600,,"5.1 m.y. (Janecke et al, 2003); tuffaceous ss, cg & tephra; 8.3 m.y.",false,false,
24,5,5,MIO - PLIO,Salt Lake Fm,Cache Valley Mbr,Cache Valley Member,,1100,1100,1100,,10.3 m.y. tuffaceous mudstone,false,false,
24,6,6,MIO - PLIO,Salt Lake Fm,Skyline Member,Skyline Member,,1200,1200,1200,,"tuffaceous cg, ls, & ss; ~12 m.y.",false,false,
24,7,7,EO,,Norwood Formation,Norwood Formation,,100-600,100,600,,Basin-Range UNCONFORMITY; 38 m.y. white tuffaceous ss & tuff,false,false,
24,8,8,EO,,Wasatch Fm,Wasatch Formation,,0-800,0,800,,red mud to cobble & boulder cg,false,false,
24,9,8,EO,Wasatch Fm,Cowley Canyon Mbr,Cowley Canyon Member,,,,,,0-90' white ls,false,false,
24,10,9,,,CENOZOIC STRATA ARE UNCONFORMABLE ON ALL OLDER ROCKS,CENOZOIC STRATA ARE UNCONFORMABLE ON ALL OLDER ROCKS,,,,,,,true,false,
24,11,10,IP,,Oquirrh Formation,Oquirrh Formation,,600-900,600,900,,Wells Fm equivalent,false,false,
24,12,11,MISSISSIPPIAN,Monroe Canyon Limestone,Cherty member,Cherty member,,200,200,200,,Amplexizaphrentis,false,false,
24,13,12,MISSISSIPPIAN,Monroe Canyon Limestone,Medium-bed member,Medium-bed member,,300-400,300,400,,,false,false,
24,14,13,MISSISSIPPIAN,Monroe Canyon Limestone,Thick-bedded mbr,Thick-bedded mbr,,200-400,200,400,,Faberophyllum,false,false,
24,15,14,MISSISSIPPIAN,Little Flat Fm,Sandy ls mbr,Sandy ls mbr,,120,120,120,,Ekvasophyllum,false,false,
24,16,15,MISSISSIPPIAN,Little Flat Fm,Sandstone mbr,Sandstone mbr,,1000,1000,1000,,Ekvasophyllum; Leiorrhynchus,false,false,
24,17,16,MISSISSIPPIAN,Little Flat Fm,Delle Phosphatic M,Delle Phosphatic Member,,30-90,30,90,,platy siltstone,false,false,
24,18,17,MISSISSIPPIAN,,Lodgepole Limestone,Lodgepole Limestone,,600-700,600,700,,Cottonwood Canyon Sh Mbr at base = 10-30 ft,false,false,
24,19,18,DEVONIAN,,Leatham Formation,Leatham Formation,,0-90,0,90,,thins southward,false,false,
24,20,19,DEVONIAN,,Bierdneau Sandstone,Bierdneau Sandstone,,600-1100,600,1100,,,false,false,
24,21,20,DEVONIAN,,Hyrum Dolomite,Hyrum Dolomite,,900-1100,900,1100,,Samaria Ls Mbr,false,false,
24,22,21,DEVONIAN,,Water Canyon Formation,Water Canyon Formation,,250-600,250,600,,"fish plates, poraspids",false,false,
24,23,22,SIL,,Laketown Dolomite,Laketown Dolomite,,1200-1600,1200,1600,,light and dark gray,false,false,
24,24,23,ORDOVICIAN,,Fish Haven Dolomite,Fish Haven Dolomite,,130-145,130,145,,dark gray,false,false,
24,25,24,ORDOVICIAN,,Swan Peak Formation,Swan Peak Formation,,30-500,30,500,,thins southward; graptolites,false,false,
24,26,25,ORDOVICIAN,,Garden City Formation,Garden City Formation,,1400,1400,1400,,Anomalorthis; silicified trilobites; Hystricurus; Bellefontia,false,false,
24,27,26,CAMBRIAN,,St. Charles Formation,St. Charles Formation,,1000,1000,1000,,,false,false,
24,28,27,CAMBRIAN,St. Charles Formation,Worm Creek Qtzt Mbr,Worm Creek Quartzite Member,,70-120,70,120,,Elvinia,false,false,
24,29,28,CAMBRIAN,,Nounan Dolomite,Nounan Dolomite,,1100,1100,1100,,some limestone,false,false,
24,30,29,CAMBRIAN,Bloomington Fm,Calls Fort Mbr,Calls Fort Member,,180,180,180,,Elrathia,false,false,
24,31,29,CAMBRIAN,Bloomington Fm,Middle member,Middle member,,720,720,720,,,false,false,
24,32,30,CAMBRIAN,Bloomington Fm,Hodges Shale Mbr,Hodges Shale Member,,600,600,600,,,false,false,
24,33,31,CAMBRIAN,,Blacksmith Dolomite,Blacksmith Dolomite,,400-600,400,600,,oolitic,false,false,
24,34,32,CAMBRIAN,,Ute Formation,Ute Formation,,700-800,700,800,,Ehmaniella,false,false,
24,35,33,CAMBRIAN,Langston Fm,Upper member,Upper member,,200-450,200,450,,,false,false,
24,36,34,CAMBRIAN,Langston Fm,Spence Shale Mbr,Spence Shale Member,,0-210,0,210,,Glossopleura,false,false,
24,37,35,CAMBRIAN,Langston Fm,Naomi Peak Mbr,Naomi Peak Member,,0-40,0,40,,Albertella zone,false,false,
24,38,36,CAMBRIAN,Brigham Group,Geertsen Canyon Quartzite,Geertsen Canyon Quartzite,,2600,2600,2600,,,false,false,
24,39,37,PROT,Brigham Group,Mutual Formation,Mutual Formation,,1800+,1800,1800,,,false,false,
25,1,1,QUAT,,Surficial deposits,Surficial deposits,,0-300,0,300,,"alluvium, colluvium, debris flows, landslides",false,false,
25,2,2,QUAT,,Lake Bonneville deposits,Lake Bonneville deposits,,0-1000,0,1000,,"15,000 years old",false,false,
25,3,3,QUAT,,Pleistocene basin-fill,Pleistocene basin-fill,,"1,300",1300,1300,,Great Salt Lake Valley basin-fill deposits are known from well logs and seismic records; they consist of alluvial and lacustrine deposits and contain some volcanic ash beds that have been dated. The upper part of the basin-fill is a reservoir for groundwater.,false,true,
25,4,4,MIO-PLIO,,Pliocene & late Miocene Great Salt Lake valley fill; younger than 17 million years,Pliocene & late Miocene Great Salt Lake valley fill; younger than 17 million years,,8000,8000,8000,,Basin-Range UNCONFORMITY,false,false,
25,5,5,EOCENE,,Norwood Tuff,Norwood Tuff,,0-7000,0,7000,,"tuff, tuffaceous sandstone, mudstone, agglomerate, and limestone; contains fossil mammals and freshwater clams; 37.5 m.y. K-Ar",false,false,
25,6,6,EOCENE,,Wasatch Formation,Wasatch Formation,,0-1300,0,1300,,"red mudstone, siltstone, sandstone, & conglomerate; Late Paleocene pollen in basal beds",false,false,
25,7,7,K,,Chloritic gneiss & tectonites,Chloritic gneiss & tectonites,,0-500,0,500,,"thrust fault melange, Farmington Canyon Complex protolith",false,false,
25,8,7,MISS,,Humbug Formation,Humbug Formation,,800,800,800,,interbedded sandstone and limestone,false,true,
25,9,8,MISS,,Deseret Limestone,Deseret Limestone,,250,250,250,,,false,false,
25,10,9,MISS,,Gardison Limestone,Gardison Limestone,,300,300,300,,cherty limestone; fossil seashells,false,false,
25,11,10,DEV,,Beirdneau Formation,Beirdneau Formation,,250,250,250,,silty to sandy dolomite,false,false,
25,12,11,DEV,,Hyrum Dolomite,Hyrum Dolomite,,300,300,300,,,false,false,
25,13,12,DEV,,Water Canyon Formation,Water Canyon Formation,,0-90,0,90,,Silurian absent,false,false,
25,14,13,ORD,,Fish Haven Dolomite,Fish Haven Dolomite,,200,200,200,,,false,false,
25,15,14,ORD,,Garden City Formation,Garden City Formation,,300,300,300,,silty limestone & dolomite,false,false,
25,16,15,,,PALEOZOIC ROCKS ABOVE ARE ON THE UPPER PLATE OF THE OGDEN THRUST,PALEOZOIC ROCKS ABOVE ARE ON THE UPPER PLATE OF THE OGDEN THRUST,,,,,,,true,false,
25,17,16,CAMBRIAN,,St. Charles Formation,St. Charles Formation,,500,500,500,,"gray, cliff-forming dolomite",false,false,
25,18,17,CAMBRIAN,,Nounan Dolomite,Nounan Dolomite,,500,500,500,,rare silty layers and white twig-like features,false,false,
25,19,18,CAMBRIAN,,Bloomington Formation,Bloomington Formation,,150,150,150,,flat-pebble conglomerate,false,false,
25,20,19,CAMBRIAN,,Maxfield Limestone,Maxfield Limestone,,900,900,900,,cherty dolomite; boundstone marker bed; silty limestone,false,false,
25,21,20,CAMBRIAN,,Ophir Shale,Ophir Shale,,500,500,500,,Elrathia trilobites; Glossopleura,false,false,
25,22,21,CAMBRIAN,,Tintic Quartzite,Tintic Quartzite,,1400,1400,1400,,Plagiogmus; Skolithos; tan orthoquartzite; quartz pebble conglomerate,false,false,
25,23,22,PALEOPROTEROZOIC,,Farmington Canyon Complex 1.69 to 1.7 b.y.,Farmington Canyon Complex 1.69 to 1.7 b.y.,,,,,,"The rock units listed below lie directly beneath the Tintic Quartzite, low on the mountain front east of Weber State University; Yonkee's mapped rock units listed below are on the Ogden thrust plate above the units listed on the left; they are exposed on the mountain front above and south of those units and extend to the mouth of Weber Canyon",false,false,
25,24,22,PALEOPROTEROZOIC,Farmington Canyon Complex,Granitic gneiss,Granitic gneiss,,,,,,,false,false,
25,25,22,PALEOPROTEROZOIC,Farmington Canyon Complex,Hornblende-plagioclase gneiss,Hornblende-plagioclase gneiss,,,,,,,false,false,
25,26,22,PALEOPROTEROZOIC,Farmington Canyon Complex,Muscovite-bearing schist,Muscovite-bearing schist,,,,,,,false,false,
25,27,22,PALEOPROTEROZOIC,Farmington Canyon Complex,Metagabbro & amphibolite,Metagabbro & amphibolite,,,,,,,false,false,
25,28,22,PALEOPROTEROZOIC,Farmington Canyon Complex,Granitic gneiss,Granitic gneiss,,,,,,,false,false,
25,29,22,PALEOPROTEROZOIC,Farmington Canyon Complex,Migmatitic gneiss,Migmatitic gneiss,,,,,,,false,false,
25,30,22,PALEOPROTEROZOIC,Farmington Canyon Complex,Biotite-rich schist,Biotite-rich schist,,,,,,,false,false,
25,31,22,PALEOPROTEROZOIC,Farmington Canyon Complex,Quartz-rich gneiss,Quartz-rich gneiss,,,,,,,false,false,
25,32,22,PALEOPROTEROZOIC,Farmington Canyon Complex,Ultramafic & mafic rocks,Ultramafic & mafic rocks,,,,,,,false,false,
26,1,1,Q,,Alluvial & lake deposits,Alluvial & lake deposits,,0-500,0,500,,,false,false,
26,2,2,EO,,Norwood Tuff,Norwood Tuff,,0-5000,0,5000,,38.4 m.y. K-Ar,false,false,
26,3,3,K,,Wasatch Formation - Evanston Formation,Wasatch Formation - Evanston Formation,,0-3400,0,3400,,limestone; MAJOR UNCONFORMITY,false,false,
26,4,4,P,,Franson Mbr - Park City Fm,Franson Member - Park City Formation,,400,400,400,,cherty,false,false,
26,5,4,P,,Meade Pk Mbr - Phosphoria,Meade Peak Member - Phosphoria,,230,230,230,,phosphate,false,false,
26,6,5,P,,Grandeur Mbr - Park City Fm,Grandeur Member - Park City Formation,,270,270,270,,,false,false,
26,7,5,P,,Wells Formation,Wells Formation,,600,600,600,,,false,false,
26,8,6,MISS,,Monroe Canyon Ls,Monroe Canyon Limestone,,700-1000,700,1000,,,false,false,
26,9,6,MISS,,Little Flat Formation,Little Flat Formation,,800-1100,800,1100,,Delle Phosphate Member,false,false,
26,10,7,MISS,,Lodgepole Ls,Lodgepole Limestone,,750-900,750,900,,fossiliferous,false,false,
26,11,8,DEV,,Beirdneau Sst,Beirdneau Sst,,400-500,400,500,,,false,false,
26,12,9,DEV,,Hyrum Dolomite,Hyrum Dolomite,,50-500,50,500,,,false,false,
26,13,10,DEV,,Water Canyon Fm,Water Canyon Formation,,150-300,150,300,,fish plates,false,false,
26,14,11,S,,Laketown Dolomite,Laketown Dolomite,,500-1500,500,1500,,,false,false,
26,15,12,ORD,,Fish Haven Dolomite,Fish Haven Dolomite,,80-170,80,170,,,false,false,
26,16,13,ORD,,Garden City Fm,Garden City Formation,,500-1200,500,1200,,flat-pebble limestone; intraformational conglomerate,false,false,
26,17,14,CAMBRIAN,,St. Charles Fm,St. Charles Formation,,500-900,500,900,,,false,false,
26,18,15,CAMBRIAN,St. Charles Fm,Worm Creek Qtzt Mbr,Worm Creek Quartzite Member,,0-50,0,50,,,false,false,
26,19,16,CAMBRIAN,,Nounan Dolomite,Nounan Dolomite,,800,800,800,,,false,false,
26,20,17,CAMBRIAN,Bloomington Fm,Calls Ft Sh Mbr,Calls Ft Shale Member,,75-125,75,125,,intraformational conglomerate,false,false,
26,21,18,CAMBRIAN,Bloomington Fm,Middle ls mbr,Middle ls mbr,,150-550,150,550,,,false,false,
26,22,18,CAMBRIAN,Bloomington Fm,Hodges Sh Mbr,Hodges Shale Member,,200-400,200,400,,,false,false,
26,23,19,CAMBRIAN,,Blacksmith Dolomite,Blacksmith Dolomite,,300-500,300,500,,limestone in places,false,false,
26,24,20,CAMBRIAN,,Ute Formation,Ute Formation,,600-850,600,850,,,false,false,
26,25,21,CAMBRIAN,,Langston Dolomite,Langston Dolomite,,200-400,200,400,,,false,false,
26,26,22,CAMBRIAN,Brigham Group,Geertsen Canyon Quartzite,Geertsen Canyon Quartzite,,3000-4200,3000,4200,,,false,false,
26,27,23,NEOPROTEROZOIC,Browns Hole Fm,Quartzite mbr,Quartzite mbr,,100-300,100,300,,,false,false,
26,28,24,NEOPROTEROZOIC,Browns Hole Fm,Volcanic mbr,Volcanic mbr,,0-450,0,450,,580 m.y. basalt-andesite,false,false,
26,29,25,NEOPROTEROZOIC,Brigham Group,Mutual Fm,Mutual Formation,,2600,2600,2600,,purple to pink; cross-bedded; some feldspar,false,false,
26,30,26,NEOPROTEROZOIC,Brigham Group,Inkom Formation,Inkom Formation,,20-450,20,450,,tuffaceous shale,false,false,
26,31,27,NEOPROTEROZOIC,Brigham Group,Caddy Canyon Quartzite,Caddy Canyon Quartzite,,1000-2500,1000,2500,,,false,false,
26,32,28,NEOPROTEROZOIC,Brigham Group,Papoose Creek Fm,Papoose Creek Formation,,0-1500,0,1500,,olive siltstone,false,false,
26,33,29,NEOPROTEROZOIC,,Kelley Canyon Fm,Kelley Canyon Formation,,600-2000,600,2000,,"argillitic, includes chloritic dikes",false,false,
26,34,30,NEOPROTEROZOIC,Maple Canyon Fm,Conglomerate mbr,Conglomerate mbr,,100-500,100,500,,,false,false,
26,35,31,NEOPROTEROZOIC,Maple Canyon Fm,Green arkose mbr,Green arkose mbr,,500-1000,500,1000,,thin limestone locally,false,false,
26,36,32,NEOPROTEROZOIC,Fm of Perry Canyon,Sandstone mbr,Sandstone mbr,,3000,3000,3000,,olive-gray,false,false,
26,37,33,NEOPROTEROZOIC,Fm of Perry Canyon,Mudstone mbr,Mudstone mbr,,1650-3300,1650,3300,,,false,false,
26,38,34,NEOPROTEROZOIC,Fm of Perry Canyon,Diamictite mbr,Diamictite mbr,,0-1650,0,1650,,"glacial, <667 to <703 m.y. (max depo age)",false,false,
26,39,35,MP,,Facer Formation,Facer Formation,,0-2500,0,2500,,varicolored qtz & schist; 1.4 b.y. K-Ar cooling age; 1.7 b.y. Rb-Sr metamorphism,false,false,
26,40,36,,,WILLARD THRUST,WILLARD THRUST,,,,,,,true,false,
26,41,37,PP,,Farmington Canyon Complex,Farmington Canyon Complex,,gneiss,,,,parautochthonous relative to rocks above,false,false,
27,1,1,Q,,"Alluvium, colluvium","Alluvium, colluvium",,0-500,0,500,,also landslides & lake beds,false,false,
27,2,2,Φ,,Salt Lake Formation,Salt Lake Formation,,0-200,0,200,,"tuff, limestone, mudstone; BR UNCONFORMITY",false,false,
27,3,3,Φ,,Basalt of Black Mountain,Basalt of Black Mountain,,0-40,0,40,,29-31 m.y. K-Ar,false,false,
27,4,4,EO,Wasatch Formation,Main body,Main body,,0-700,0,700,,"red mudstone, sandstone & conglomerate",false,false,
27,5,5,EO,Wasatch Formation,Limestone mbr,Limestone mbr,,0-400,0,400,,oncolites,false,false,
27,6,6,EO,Wasatch Formation,Quartzite cg mbr,Quartzite cg mbr,,0-100,0,100,,,false,false,
27,7,7,JURASSIC,,Preuss Redbeds,Preuss Redbeds,,0-200+,0,200,,MAJOR UNCONFORMITY; salt,false,false,
27,8,8,JURASSIC,Twin Creek Limestone,Giraffe Creek Mbr,Giraffe Creek Member,,230-300,230,300,,,false,false,
27,9,9,JURASSIC,Twin Creek Limestone,Leeds Creek Mbr,Leeds Creek Member,,1000-1500,1000,1500,,Isocrinus (also called Pentacrinus),false,false,
27,10,10,JURASSIC,Twin Creek Limestone,Watton Canyon Mbr,Watton Canyon Member,,400-800,400,800,,,false,false,
27,11,11,JURASSIC,Twin Creek Limestone,Boundary Ridge Mbr,Boundary Ridge Member,,150-300,150,300,,oolitic,false,false,
27,12,12,JURASSIC,Twin Creek Limestone,Rich Member,Rich Member,,430-600,430,600,,,false,false,
27,13,13,JURASSIC,Twin Creek Limestone,Sliderock Member,Sliderock Member,,230-350,230,350,,Isocrinus (also called Pentacrinus),false,false,
27,14,14,JURASSIC,,Gypsum Spring Fm,Gypsum Spring Formation,,200-350,200,350,,J1 UNCONFORMITY,false,false,
27,15,15,JURASSIC,,Nugget Sandstone,Nugget Sandstone,,1200,1200,1200,,cross-bedded,false,false,
27,16,16,TRIASSIC,,"Wood Shale Mbr, Ankareh Fm","Wood Shale Member, Ankareh Formation",,400-500,400,500,,YOUNGEST STRATA EXPOSED ON WILLARD/MEADE THRUST,false,false,
27,17,17,TRIASSIC,,Higham Grit,Higham Grit,,135,135,135,,,false,false,
27,18,18,TRIASSIC,Thaynes Formation,Timothy Ss Mbr,Timothy Sandstone Member,,125,125,125,,,false,false,
27,19,19,TRIASSIC,Thaynes Formation,Portneuf Ls Mbr,Portneuf Limestone Member,,65,65,65,,cherty,false,false,
27,20,20,TRIASSIC,Thaynes Formation,Lanes Shale Mbr Ankareh Fm,Lanes Shale Member Ankareh Formation,,500,500,500,,,false,false,
27,21,21,TRIASSIC,Thaynes Formation,Lower member,Lower member,,1100,1100,1100,,Meekoceras,false,false,
27,22,22,TRIASSIC,,"Woodside Shale and Dinwoody Fm, undivided","Woodside Shale and Dinwoody Formation, undivided",,1200,1200,1200,,pelecypod fragments,false,false,
27,23,23,P,Phosphoria and Park City Fms,Rex Chert Mbr,Rex Chert Member,,200-300,200,300,,,false,false,
27,24,24,P,Phosphoria and Park City Fms,Meade Peak Mbr,Meade Peak Member,,100-300,100,300,,phosphatic shale,false,false,
27,25,25,P,Phosphoria and Park City Fms,Grandeur Mbr,Grandeur Member,,50-300,50,300,,,false,false,
27,26,26,IP,,Wells Fm/Weber Sandstone,Wells Formation/Weber Sandstone,,1000,1000,1000,,OLDEST STRATA EXPOSED ON CRAWFORD THRUST,false,false,
27,27,27,MISS,,Monroe Canyon Limestone,Monroe Canyon Limestone,,300-1200,300,1200,,,false,false,
27,28,27,MISS,,Little Flat Formation,Little Flat Formation,,700-850,700,850,,,false,false,
27,29,28,MISS,,Delle Phosphatic Mbr,Delle Phosphatic Member,,75-100,75,100,,,false,false,
27,30,29,MISS,,Lodgepole Limestone,Lodgepole Limestone,,700-900,700,900,,bioclastic; cherty,false,false,
27,31,30,DEV,,Beirdneau Sandstone,Beirdneau Sandstone,,400-600,400,600,,,false,false,
27,32,31,DEV,,Hyrum Dolomite,Hyrum Dolomite,,700-900,700,900,,,false,false,
27,33,32,DEV,,Water Canyon Formation,Water Canyon Formation,,100-250,100,250,,fish plates,false,false,
27,34,33,SIL,,Laketown Dolomite,Laketown Dolomite,,500-1200,500,1200,,thins to south,false,false,
27,35,34,ORD,,Fish Haven Dolomite,Fish Haven Dolomite,,100-170,100,170,,,false,false,
27,36,35,ORD,,Swan Peak Formation,Swan Peak Formation,,0-300,0,300,,thins to south,false,false,
27,37,36,ORD,,Garden City Limestone,Garden City Limestone,,800-1300,800,1300,,intraformational ls conglomerate,false,false,
27,38,37,CAMBRIAN,,St. Charles Formation,St. Charles Formation,,700,700,700,,Worm Creek Qtzt locally at base,false,false,
27,39,38,CAMBRIAN,,Nounan Formation,Nounan Formation,,800-1100,800,1100,,,false,false,
27,40,39,CAMBRIAN,Bloomington Fm,Calls Fort Sh Mbr,Calls Fort Shale Member,,100-200,100,200,,thins to south,false,false,
27,41,40,CAMBRIAN,Bloomington Fm,Middle ls member,Middle ls member,,400-700,400,700,,,false,false,
27,42,40,CAMBRIAN,Bloomington Fm,Hodges Shale Mbr,Hodges Shale Member,,380,380,380,,,false,false,
27,43,41,CAMBRIAN,,Blacksmith Formation,Blacksmith Formation,,700,700,700,,,false,false,
27,44,42,CAMBRIAN,,Ute Formation,Ute Formation,,500,500,500,,Ehmaniella,false,false,
27,45,43,CAMBRIAN,,Langston Formation,Langston Formation,,200-600,200,600,,thins to south,false,false,
27,46,44,PROT,,Geertsen Canyon Quartzite,Geertsen Canyon Quartzite,,3200,3200,3200,,WILLARD-MEADE THRUST,false,false,
27,47,45,,,"CRAWFORD THRUST SEQUENCE AT DEPTH HERE HAS A MUCH THINNER LOWER PALEOZOIC SECTION THAN SHOWN ABOVE. SEE CHART 28, CRAWFORD MTNS.","CRAWFORD THRUST SEQUENCE AT DEPTH HERE HAS A MUCH THINNER LOWER PALEOZOIC SECTION THAN SHOWN ABOVE. SEE CHART 28, CRAWFORD MTNS.",,,,,,,true,false,
28,1,1,Q,,Alluvium,Alluvium,,0-500,0,500,,,false,false,
28,2,2,EOC,,Fowkes Formation,Fowkes Formation,,200-500,200,500,,39 m.y. K-Ar,false,false,
28,3,3,EOC,,Green River Formation,Green River Formation,,0-200,0,200,,,false,false,
28,4,4,EOC,,Wasatch Formation,Wasatch Formation,,1000+,1000,1000,,algal limestone; UNCONFORMITY,false,false,
28,5,5,EARLY CRETACEOUS,,Sage Junction Formation,Sage Junction Formation,,2000,2000,2000,,Aspen Shale equivalent; coal,false,false,
28,6,6,EARLY CRETACEOUS,,Cokeville Formation,Cokeville Formation,,1600,1600,1600,,Bear River equivalent,false,true,
28,7,7,EARLY CRETACEOUS,,Thomas Fork Formation,Thomas Fork Formation,,200-350,200,350,,,false,false,
28,8,8,EARLY CRETACEOUS,,Smiths Formation,Smiths Formation,,200-400,200,400,,,false,false,
28,9,9,EARLY CRETACEOUS,Gannett Group,Upper Part,Upper Part,,2000,2000,2000,,"Cristmann Fed. 1-10, T10N, R8E TD 18,054 (1981)",false,false,
28,10,10,EARLY CRETACEOUS,Gannett Group,Ephraim Cg,Ephraim Conglomerate,,0-220,0,220,,INTRAFORMATIONAL UNCONFORMITY,false,false,
28,11,11,JURASSIC,,Stump Sandstone,Stump Sandstone,,100-200,100,200,,,false,false,
28,12,12,JURASSIC,,Preuss Formation,Preuss Formation,,1500,1500,1500,,redbeds,false,false,
28,13,13,JURASSIC,,Twin Creek Formation,Twin Creek Formation,,2600,2600,2600,,Giraffe Creek Member; Leeds Creek Member; Watton Canyon Mbr; Boundary Ridge Mbr; Rich Member; Sliderock Member; Gypsum Spring Fm,false,false,
28,14,14,JURASSIC,,Nugget Sandstone,Nugget Sandstone,,1100,1100,1100,,"J-1 UNCONFORMITY; See also No. 1 Hoffman T11N R7E TD 15,400 for Twin Creek through Thaynes formations",false,false,
28,15,15,TRIASSIC,,Ankareh Formation,Ankareh Formation,,1200,1200,1200,,,false,false,
28,16,16,TRIASSIC,,Thaynes Limestone,Thaynes Limestone,,1500,1500,1500,,,false,false,
28,17,17,TRIASSIC,,Woodside Shale,Woodside Shale,,500,500,500,,,false,false,
28,18,18,TRIASSIC,,Dinwoody Formation,Dinwoody Formation,,580,580,580,,Hogback Ridge Gas Field 12 mi N. of Randolph,false,true,
28,19,19,P,Phosphoria Formation,Rex Chert M,Rex Chert Member,,220,220,220,,,false,false,
28,20,20,P,Phosphoria Formation,phosphatic sh,phosphatic sh,,210,210,210,,,false,false,
28,21,21,P,Phosphoria Formation,Grandeur Mb,Grandeur Mb,,100,100,100,,,false,false,
28,22,22,IP,,Wells Formation,Wells Formation,,500-600,500,600,,,false,false,
28,23,23,MISS,,Lower Wells/Amsden Fm,Lower Wells/Amsden Formation,,100-200,100,200,,,false,false,
28,24,23,MISS,,Brazer Dolomite,Brazer Dolomite,,850,850,850,,"conodonts, see Norris, 1981",false,false,
28,25,24,MISS,,Delle Phosphatic Mbr,Delle Phosphatic Member,,14-40,14,40,,"cherty, fossiliferous",false,false,
28,26,25,MISS,,Lodgepole Limestone,Lodgepole Limestone,,600,600,600,,dark gray fossiliferous,false,false,
28,27,26,DEV,,Leatham Formation,Leatham Formation,,10-50,10,50,,orange soil,false,false,
28,28,27,DEV,,Beirdneau Formation*,Beirdneau Formation*,,190-290,190,290,,*equiv to Logan Gulch Mbr of Three Forks Fm,false,false,
28,29,28,DEV,,Hyrum Dolomite,Hyrum Dolomite,,370,370,370,,,false,false,
28,30,29,DEV,,Water Canyon Formation,Water Canyon Formation,,0-65,0,65,,fish plates,false,false,
28,31,30,O,,Bighorn Dolomite,Bighorn Dolomite,,770,770,770,,,false,false,
28,32,31,Є,,Gallatin Ls and/or Gros Ventre Fm,Gallatin Limestone and/or Gros Ventre Formation,,1200,1200,1200,,CRAWFORD THRUST,false,false,
28,33,31,,,Mesozoic strata beneath thrust,Mesozoic strata beneath thrust,,,,,,,true,false,
29,1,1,Q,,"Alluvium, colluvium, landslides","Alluvium, colluvium, landslides",,0-500,0,500,,50 m.y. UNCONFORMITY,false,false,
29,2,2,EOC,,Wasatch Formation,Wasatch Formation,,up to 4500,4500,4500,,"red ss, sltstn, mudstn, & cg; minor ls & marl; sinkholes common; 10 m.y. UNCONFORMITY",false,false,
29,3,3,K,,"Hams Fork Mbr, Evanston Fm","Hams Fork Member, Evanston Formation",,0-450,0,450,,10 m.y. UNCONFORMITY,false,false,
29,4,4,K,,Weber Canyon Conglomerate,Weber Canyon Conglomerate,,0-300,0,300,,tan & gray,false,false,
29,5,5,JURASSIC,,ANGULAR UNFONFORMITY,ANGULAR UNFONFORMITY,,,,,,80 m.y. UNCONFORMITY,true,false,
29,6,6,JURASSIC,,Preuss Sandstone,Preuss Sandstone,,200+,200,200,,"red ss, shale, salt",false,false,
29,7,7,JURASSIC,Twin Creek Ls,Giraffe Creek Mbr,Giraffe Creek Member,,225,225,225,,greenish ss,false,false,
29,8,8,JURASSIC,Twin Creek Ls,Leeds Creek Member,Leeds Creek Member,,1000-1200,1000,1200,,light gray-clayey limestone,false,false,
29,9,9,JURASSIC,Twin Creek Ls,Watton Canyon Mbr,Watton Canyon Member,,400,400,400,,dark gray ls,false,false,
29,10,10,JURASSIC,Twin Creek Ls,Boundary Ridge Mbr,Boundary Ridge Member,,100-250,100,250,,"gray, oolite ls",false,false,
29,11,11,JURASSIC,Twin Creek Ls,Rich Member,Rich Member,,500,500,500,,light gray,false,false,
29,12,12,JURASSIC,Twin Creek Ls,Sliderock Member,Sliderock Member,,100-230,100,230,,dark gray ls,false,false,
29,13,13,JURASSIC,,Gypsum Spring Fm,Gypsum Spring Formation,,210,210,210,,"red siltstone, ss",false,false,
29,14,14,JURASSIC,,Nugget Sandstone,Nugget Sandstone,,1100-1500,1100,1500,,"J-1 UNCONFORMITY; orange, pink, & white cross bedded quartz ss",false,false,
29,15,15,TRIASSIC,,"Wood Shale Tongue, Ankareh Fm","Wood Shale Tongue, Ankareh Formation",,500,500,500,,orange-red shale,false,false,
29,16,16,TRIASSIC,,"Higham Grit & Timothy Ss, Thaynes Fm","Higham Grit & Timothy Sandstone, Thaynes Formation",,200,200,200,,greenish; micaceous,false,false,
29,17,17,TRIASSIC,,"Portneuf Ls Mbr, Thaynes Fm","Portneuf Limestone Member, Thaynes Formation",,50-100,50,100,,mottled cherty ls,false,false,
29,18,18,TRIASSIC,,"Lanes Shale Tongue, Ankareh Fm","Lanes Shale Tongue, Ankareh Formation",,450,450,450,,"purple, brown sh",false,false,
29,19,19,TRIASSIC,Thaynes Fm,Upper calcareous silt mbr,Upper calcareous silt mbr,,500,500,500,,brownish gray,false,false,
29,20,20,TRIASSIC,Thaynes Fm,Middle limestone mbr,Middle limestone mbr,,110,110,110,,fossiliferous,false,false,
29,21,21,TRIASSIC,Thaynes Fm,Lower shale member,Lower shale member,,375,375,375,,brownish gray,false,false,
29,22,22,TRIASSIC,Thaynes Fm,Lower Limestone mbr,Lower Limestone mbr,,200,200,200,,Meekoceras,false,false,
29,23,23,TRIASSIC,,Upper tongue of Dinwoody Fm,Upper tongue of Dinwoody Formation,,250,250,250,,greenish-gray ls,false,false,
29,24,24,TRIASSIC,,Woodside Shale,Woodside Shale,,800,800,800,,dark red shale & siltstone,false,false,
29,25,25,TRIASSIC,,Dinwoody Formation,Dinwoody Formation,,200-500,200,500,,greenish gray ls,false,false,
29,26,26,PERM,,"Franson Mbr, Park City Fm","Franson Member, Park City Formation",,300,300,300,,includes Rex Chert,false,false,
29,27,27,PERM,,"Meade Peak Mbr, Phosphoria Fm","Meade Peak Member, Phosphoria Formation",,10-300,10,300,,phosphatic,false,false,
29,28,28,PERM,,"Grandeur Mbr, Park City Fm","Grandeur Member, Park City Formation",,300,300,300,,light gray,false,false,
29,29,29,IP,,Wells Formation,Wells Formation,,1050+,1050,1050,,base truncated by Willard thrust; top not exposed,false,false,
29,30,30,MISS,,Monroe Canyon Limestone,Monroe Canyon Limestone,,1200+,1200,1200,,,false,false,
29,31,30,MISS,,Little Flat Formation,Little Flat Formation,,970,970,970,,,false,false,
29,32,31,MISS,,Lodgepole Limestone,Lodgepole Limestone,,900 W,900,900,,fossiliferous; 1300 C=Crawford plate; W=Willard plate,false,false,
29,33,32,DEV,,Beirdneau Sandstone,Beirdneau Sandstone,,245-500 W,245,500,,175 C,false,false,
29,34,33,DEV,,Hyrum Dolomite,Hyrum Dolomite,,500-675 W,500,675,,725+ C,false,false,
29,35,34,DEV,,Water Canyon Formation,Water Canyon Formation,,100-300,100,300,,,false,false,
29,36,35,S,,Laketown Dolomite,Laketown Dolomite,,500-600,500,600,,dark to light gray; cherty,false,false,
29,37,36,ORD,,Fish Haven Dolomite,Fish Haven Dolomite,,100-135,100,135,,,false,false,
29,38,37,ORD,,Garden City Formation,Garden City Formation,,700-1200,700,1200,,thins southward; intraformational cg beds common,false,false,
29,39,38,CAMBRIAN,,St. Charles Fm,St. Charles Formation,,700-900,700,900,,dark gray dolomite,false,false,
29,40,39,CAMBRIAN,,Worm Creek Qtzt Mbr,Worm Creek Quartzite Member,,0-90,0,90,,absent to south,false,false,
29,41,40,CAMBRIAN,,Nounan Formation,Nounan Formation,,800-1145,800,1145,,medium to dark gray dolomite,false,false,
29,42,41,CAMBRIAN,Bloomington Formation,Calls Fort Sh Mbr,Calls Fort Shale Member,,75-125,75,125,,intraformational cg,false,false,
29,43,42,CAMBRIAN,Bloomington Formation,Middle ls mbr,Middle ls mbr,,425-850,425,850,,,false,false,
29,44,42,CAMBRIAN,Bloomington Formation,Hodges Shale Mbr,Hodges Shale Member,,410-600,410,600,,,false,false,
29,45,43,CAMBRIAN,,Blacksmith Dolomite,Blacksmith Dolomite,,600-760,600,760,,some limestone beds,false,false,
29,46,44,CAMBRIAN,,Ute Formation,Ute Formation,,450-700,450,700,,,false,false,
29,47,45,CAMBRIAN,,Langston Dolomite,Langston Dolomite,,200-270,200,270,,,false,false,
29,48,46,CAMBRIAN,Geertsen Canyon Quartzite,Upper member,Upper member,,2000?,2000,2000,,"tan, white, light gray; middle part covered; quartz-pebble cg beds",false,false,
29,49,47,CAMBRIAN,Geertsen Canyon Quartzite,Lower member,Lower member,,600-1300,600,1300,,upper part purple; feldspathic,false,false,
29,50,48,NEOPROT,Brigham Group,Browns Hole Fm,Browns Hole Formation,,20-200,20,200,,,false,false,
29,51,49,NEOPROT,Brigham Group,Mutual Formation,Mutual Formation,,725-2600,725,2600,,"lower ls light colored; volcanic ss, argillite",false,false,
29,52,50,NEOPROT,Brigham Group,Inkom Formation,Inkom Formation,,0-450,0,450,,,false,false,
29,53,51,NEOPROT,Brigham Group,Caddy Canyon Quartzite,Caddy Canyon Quartzite,,1500-2500,1500,2500,,purple to pink; feldspathic locally,false,false,
29,54,52,NEOPROT,,Kelly Canyon Fm,Kelly Canyon Formation,,0-2000?,0,2000,,argillite & quartzite,false,false,
29,55,53,NEOPROT,Maple Cny Fm,Conglomerate Mbr,Conglomerate Member,,60-500,60,500,,,false,false,
29,56,54,NEOPROT,Maple Cny Fm,Green Arkose Mbr,Green Arkose Member,,500-1000,500,1000,,,false,false,
29,57,55,NEOPROT,Fm of Perry Cy,Graywacke Member,Graywacke Member,,1000,1000,1000,,,false,false,
29,58,56,NEOPROT,Fm of Perry Cy,Diamictite Member,Diamictite Member,,200-400,200,400,,,false,false,
29,59,57,NEOPROT,Fm of Perry Cy,Mudstone Member,Mudstone Member,,1000-1800,1000,1800,,,false,false,
30,1,1,Q,,Alluvium,Alluvium,,0-500,0,500,,,false,false,
30,2,1,EOC,,Fowkes Formation,Fowkes Formation,,0-2000,0,2000,,,false,false,
30,3,2,EOC,,Wasatch Formation,Wasatch Formation,,1000-2000,1000,2000,,some algal limestone,false,false,
30,4,3,P,Evanston Fm,upper,upper,,2000-2500,2000,2500,,UNCONFORMITY (internal),false,false,
30,5,3,P,Evanston Fm,lower,lower,,2000-2500,2000,2500,,,false,false,
30,6,3,CRETACEOUS,,Hilliard Shale,Hilliard Shale,,0-500,0,500,,present in footwall,false,false,
30,7,4,CRETACEOUS,,Frontier Formation,Frontier Formation,,0-8000,0,8000,,oil at Pineview Field beneath thrust,false,false,
30,8,5,CRETACEOUS,,Aspen Shale,Aspen Shale,,300-600,300,600,,,false,false,
30,9,6,CRETACEOUS,,Bear River Formation,Bear River Formation,,0-3000,0,3000,,Kelvin Formation exposed in hanging wall,false,true,
30,10,6,CRETACEOUS,,Gannett Group,Gannett Group,,0-3000,0,3000,,gas at South Lodgepole,false,false,
30,11,8,JURASSIC,,Stump Formation,Stump Formation,,60-200,60,200,,oil at Pineview,false,true,
30,12,10,JURASSIC,,Preuss Formation,Preuss Formation,,1000,1000,1000,,salt flows into masses up to 3500 ft thick; SALT,false,false,
30,13,11,JURASSIC,Twin Creek Ls,Giraffe Creek Mbr,Giraffe Creek Member,,360,360,360,,,false,false,
30,14,11,JURASSIC,Twin Creek Ls,Leeds Creek Mbr,Leeds Creek Member,,360-500,360,500,,oil and gas at Pineview Lodgepole Elkhorn RIdge Yellow Creek,false,true,
30,15,12,JURASSIC,Twin Creek Ls,Watton Canyon Mbr,Watton Canyon Member,,170-350,170,350,,,false,false,
30,16,14,JURASSIC,Twin Creek Ls,Boundary Ridge Mbr,Boundary Ridge Member,,40-50,40,50,,,false,false,
30,17,16,JURASSIC,Twin Creek Ls,Rich Member,Rich Member,,230-300,230,300,,,false,false,
30,18,18,JURASSIC,Twin Creek Ls,Sliderock Member,Sliderock Member,,90-100,90,100,,J-1 UNCONFORMITY,false,false,
30,19,18,JURASSIC,,Gypsum Spring Formation,Gypsum Spring Formation,,35-100,35,100,,oil and gas at Pineview Lodgepole Anschutz Ranch Anschutz Ranch East Chicken Creek,false,true,
30,20,18,JURASSIC,,Nugget Sandstone,Nugget Sandstone,,900-1200,900,1200,,,false,false,
30,21,20,TRIASSIC,,Ankareh Formation,Ankareh Formation,,750-1100,750,1100,,Chinle equivalent,false,false,
30,22,26,TRIASSIC,,Thaynes Limestone,Thaynes Limestone,,1200-1650,1200,1650,,sour gas & condensate; Yellow Creek; Whitney Canyon,false,false,
30,23,31,TRIASSIC,,Woodside Shale,Woodside Shale,,300-640,300,640,,,false,false,
30,24,33,TRIASSIC,,Dinwoody Formation,Dinwoody Formation,,200-500,200,500,,,false,false,
30,25,34,P,,Park City and Phosphoria Formations,Park City and Phosphoria Formations,,400-600,400,600,,sour gas at Cave Creek Field,false,true,
30,26,38,PENN,,Weber Sandstone,Weber Sandstone,,450-500,450,500,,sour gas at Cave Creek Field,false,false,
30,27,39,PENN,,Amsden Formation,Amsden Formation,,240-300,240,300,,,false,false,
30,28,44,M,,Madison Group,Madison Group,,1200-1500,1200,1500,,sour gas at Cave Creek Field,false,true,
30,29,50,D,,Darby Formation,Darby Formation,,500-600,500,600,,Jefferson - Three Forks,false,false,
30,30,54,O,,Bighorn Dolomite,Bighorn Dolomite,,500-650,500,650,,thickens westward; sour gas at Whitney Canyon & Red Canyon,false,true,
30,31,62,CAMB,,"Gallatin, Gros Ventre, and Flathead Formations","Gallatin, Gros Ventre, and Flathead Formations",,1000-2000,1000,2000,,ABSAROKA THRUST at Anschutz Ranch cuts lower Paleozoic section,false,true,
30,32,67,pЄ,,Precambrian basement rocks not yet reached by drilling - likely Archean crystalline rocks,Precambrian basement rocks not yet reached by drilling - likely Archean crystalline rocks,,,,,,,false,false,
31,1,1,Q,,"Alluvium, lake beds, landslides","Alluvium, lake beds, landslides",,0-500,0,500,,,false,false,
31,2,2,?,,Unnamed conglomerate,Unnamed conglomerate,,0-200,0,200,,,false,false,
31,3,3,EOCENE,,Norwood Formation,Norwood Formation,,up to 5000,5000,5000,,"altered tuff; gray, tuffaceous sandstone; Protoreodon; 38.4 m.y. K-Ar",false,false,
31,4,4,EOCENE,,Wasatch Formation,Wasatch Formation,,up to 4500,4500,4500,,RELATED TO HOGSBACK THRUST,false,false,
31,5,5,EOCENE,Wasatch Formation,Basal conglomerate,Basal conglomerate,,0-400,0,400,,,false,false,
31,6,6,CRETACEOUS,,"Hams Fork Mbr, Evanston Fm","Hams Fork Member, Evanston Formation",,0-1200,0,1200,,RELATED TO ABSAROKA THRUST,false,false,
31,7,7,CRETACEOUS,,Weber Canyon Conglomerate,Weber Canyon Conglomerate,,0-1900,0,1900,,ANGULAR UNCONFORMITY,false,false,
31,8,8,CRETACEOUS,Echo Canyon Conglomerate,upper,upper,,0-800,0,800,,RELATED TO CRAWFORD THRUST,false,true,
31,9,9,CRETACEOUS,Echo Canyon Conglomerate,lower,lower,,0-950,0,950,,,false,false,
31,10,10,CRETACEOUS,,Henefer Formation,Henefer Formation,,up to 2500,2500,2500,,,false,false,
31,11,11,CRETACEOUS,Frontier Fm,Upper part,Upper part,,1100,1100,1100,,Upton Sandstone; Judd Shale; Meadow Creek Sandstone,false,false,
31,12,12,CRETACEOUS,Frontier Fm,Grass Creek Member,Grass Creek Member,,230,230,230,,,false,false,
31,13,13,CRETACEOUS,Frontier Fm,Dry Hollow Member,Dry Hollow Member,,520-1200,520,1200,,,false,false,
31,14,14,CRETACEOUS,Frontier Fm,Oyster Ridge Member,Oyster Ridge Member,,140-260,140,260,,,false,false,
31,15,15,CRETACEOUS,Frontier Fm,Allen Hollow & Coalville Mbrs,Allen Hollow & Coalville Mbrs,,550-630,550,630,,,false,false,
31,16,16,CRETACEOUS,Frontier Fm,Chalk Creek Member,Chalk Creek Member,,460-1960,460,1960,,,false,false,
31,17,17,CRETACEOUS,Frontier Fm,Lower member,Lower member,,850,850,850,,,false,false,
31,18,18,CRETACEOUS,,Aspen Shale,Aspen Shale,,0-300,0,300,,,false,false,
31,19,19,CRETACEOUS,,Kelvin Formation,Kelvin Formation,,up to 5700+,5700,5700,,RELATED TO PARIS & WILLARD THRUSTS,false,false,
31,20,20,JURASSIC,,Stump Formation,Stump Formation,,60-250,60,250,,,false,false,
31,21,21,JURASSIC,,Preuss Sandstone,Preuss Sandstone,,900-1500,900,1500,,salt in subsurface,false,false,
31,22,22,JURASSIC,Twin Creek Ls,Giraffe Creek Mbr,Giraffe Creek Member,,110-230,110,230,,,false,false,
31,23,23,JURASSIC,Twin Creek Ls,Leeds Creek Member,Leeds Creek Member,,1000-1300,1000,1300,,,false,false,
31,24,24,JURASSIC,Twin Creek Ls,Watton Canyon Mbr,Watton Canyon Member,,400,400,400,,,false,false,
31,25,25,JURASSIC,Twin Creek Ls,Boundary Ridge Mbr,Boundary Ridge Member,,100-250,100,250,,,false,false,
31,26,26,JURASSIC,Twin Creek Ls,Rich Member,Rich Member,,420-540,420,540,,,false,false,
31,27,27,JURASSIC,Twin Creek Ls,Sliderock Member,Sliderock Member,,100-230,100,230,,166 m.y. Ar/Ar sanidine,false,false,
31,28,28,JURASSIC,,Gypsum Spring Formation,Gypsum Spring Formation,,210,210,210,,182 m.y. Ar/Ar sanidine,false,false,
31,29,29,JURASSIC,,Nugget Sandstone,Nugget Sandstone,,1100-1500,1100,1500,,J-1 UNCONFORMITY,false,false,
31,30,30,TRIASSIC,Ankareh Formation,Wood Shale Tongue,Wood Shale Tongue,,520,520,520,,Chile equivalent,false,false,
31,31,31,TRIASSIC,Ankareh Formation,Higham Grit & Timothy Ss Mbr,Higham Grit & Timothy Sandstone Member,,40-200,40,200,,,false,false,
31,32,32,TRIASSIC,Ankareh Formation,Lanes Shale Tongue,Lanes Shale Tongue,,470-700,470,700,,,false,false,
31,33,33,TRIASSIC,Thaynes Fm,Limy siltstone mbr,Limy siltstone mbr,,500-750,500,750,,,false,false,
31,34,34,TRIASSIC,Thaynes Fm,Middle shale mbr,Middle shale mbr,,100,100,100,,,false,false,
31,35,35,TRIASSIC,Thaynes Fm,Middle limestone mbr,Middle limestone mbr,,110,110,110,,,false,false,
31,36,36,TRIASSIC,Thaynes Fm,Lower member,Lower member,,380,380,380,,,false,false,
31,37,37,TRIASSIC,,Woodside Shale,Woodside Shale,,500-800,500,800,,,false,false,
31,38,38,TRIASSIC,,Dinwoody Formation,Dinwoody Formation,,200-500,200,500,,,false,false,
31,39,39,PERM,,"Franson Mbr, Park City Fm","Franson Member, Park City Formation",,240-300,240,300,,includes Rex Chert,false,false,
31,40,40,PERM,,"Meade Peak Mbr, Phosphoria Fm","Meade Peak Member, Phosphoria Formation",,170-300,170,300,,,false,false,
31,41,41,PERM,,"Grandeur Mbr, Park City Fm","Grandeur Member, Park City Formation",,220-310,220,310,,,false,false,
31,42,42,PENN,,Weber Sandstone,Weber Sandstone,,2500-3000,2500,3000,,= Wells Formation?; UNCONFORMITY,false,false,
31,43,43,PENN,,Morgan Formation,Morgan Formation,,0-1000,0,1000,,,false,false,
31,44,44,PENN,,Round Valley Limestone,Round Valley Limestone,,400,400,400,,,false,false,
31,45,45,MISS,,Doughnut Formation,Doughnut Formation,,500,500,500,,,false,false,
31,46,46,MISS,,Humbug Formation,Humbug Formation,,700,700,700,,,false,false,
31,47,46,MISS,,Deseret Limestone,Deseret Limestone,,500,500,500,,Dell Phosphatic Mbr,false,false,
31,48,47,MISS,,Lodgepole Limestone,Lodgepole Limestone,,650-800,650,800,,,false,false,
31,49,48,DEV,,Bierdneau Sandstone,Bierdneau Sandstone,,200,200,200,,,false,false,
31,50,49,DEV,,Hyrum Dolomite,Hyrum Dolomite,,350,350,350,,,false,false,
31,51,50,DEV,,Water Canyon Formation,Water Canyon Formation,,200,200,200,,,false,false,
31,52,51,CAMB,,Nounan Dolomite,Nounan Dolomite,,350,350,350,,,false,false,
31,53,52,CAMB,,Maxfield Limestone,Maxfield Limestone,,300,300,300,,,false,false,
31,54,53,CAMB,,Ophir Formation,Ophir Formation,,380-730,380,730,,,false,false,
31,55,54,CAMB,,Tintic Quartzite,Tintic Quartzite,,800-1500,800,1500,,Skolithus,false,false,
31,56,55,,,PROTEROZOIC - Farmington Canyon Complex,PROTEROZOIC - Farmington Canyon Complex,,,,,,,false,false,
32,1,1,Q,,Alluvial & glacial deposits,Alluvial & glacial deposits,,0-200,0,200,,,false,false,
32,2,2,PAL-EO,,Keetley Volcanics,Keetley Volcanics,,0-2000,0,2000,,andesite and rhyodacite; 33-37 m.y.,false,false,
32,3,3,PAL-EO,,"Flagstaff Mtn, Pine Creek, Valeo, Glencoe, and Mayflower stocks","Flagstaff Mtn, Pine Creek, Valeo, Glencoe, and Mayflower stocks",,,,,,granodiorite to quartz monzonite porphyries; 40-42 m.y. Ar-Ar,false,false,
32,4,4,PAL-EO,,Wasatch Formation,Wasatch Formation,,0-2600,0,2600,,,false,false,
32,5,5,PAL-EO,,Evanston Formation,Evanston Formation,,0-600,0,600,,,false,false,
32,6,6,CRETACEOUS,,Weber Canyon Conglomerate,Weber Canyon Conglomerate,,1400-3100,1400,3100,,,false,false,
32,7,7,CRETACEOUS,,Echo Canyon Conglomerate,Echo Canyon Conglomerate,,0-1800,0,1800,,"see DeCelles, 1994",false,false,
32,8,8,CRETACEOUS,,Henefer Formation,Henefer Formation,,0-4300,0,4300,,,false,false,
32,9,9,CRETACEOUS,Frontier Formation,Upton Ss Mbr,Upton Sandstone Member,,250-450,250,450,,Baculites,false,false,
32,10,10,CRETACEOUS,Frontier Formation,Judd Shale Member,Judd Shale Member,,300,300,300,,marine shale,false,false,
32,11,11,CRETACEOUS,Frontier Formation,Grass Creek Mbr,Grass Creek Member,,950,950,950,,Inoceramus deformis; Crassostrea,false,false,
32,12,12,CRETACEOUS,Frontier Formation,marine ss,marine ss,,200-230,200,230,,Cardium,false,false,
32,13,13,CRETACEOUS,Frontier Formation,Dry Hollow Member,Dry Hollow Member,,1100,1100,1100,,Inoceramus deformis,false,false,
32,14,14,CRETACEOUS,Frontier Formation,Oyster Ridge Ss Mbr,Oyster Ridge Sandstone Member,,150-200,150,200,,,false,false,
32,15,15,CRETACEOUS,Frontier Formation,marine ss,marine ss,,60-150,60,150,,Collignoniceras,false,false,
32,16,16,CRETACEOUS,Frontier Formation,Allen Hollow Sh Mbr,Allen Hollow Shale Member,,600-1400,600,1400,,marine shale,false,false,
32,17,17,CRETACEOUS,Frontier Formation,Coalville Mbr,Coalville Member,,230,230,230,,Wasatch coal seam,false,false,
32,18,18,CRETACEOUS,Frontier Formation,Chalk Creek Member,Chalk Creek Member,,2500-3100,2500,3100,,nonmarine tan sandstone and reddish shale,false,false,
32,19,19,CRETACEOUS,Frontier Formation,Spring Canyon Mbr,Spring Canyon Member,,320-400,320,400,,,false,false,
32,20,20,CRETACEOUS,Frontier Formation,Longwall Ss Mbr,Longwall Sandstone Member,,40-250,40,250,,bony coal,false,false,
32,21,21,CRETACEOUS,,Aspen Shale,Aspen Shale,,100-400,100,400,,fish scales,false,false,
32,22,22,CRETACEOUS,,Kelvin Formation,Kelvin Formation,,2700,2700,2700,,"118 m.y. U-Pb, from DeCelles",false,false,
32,23,23,CRETACEOUS,Kelvin Formation,Parleys Mbr,Parleys Member,,250,250,250,,"white, nodular",false,false,
32,24,24,JURASSIC,,Stump Fm,Stump Formation,,50-220,50,220,,,false,false,
32,25,25,JURASSIC,,Preuss Sandstone,Preuss Sandstone,,1200,1200,1200,,salt in lower Preuss up to 1700 ft thick in wells,false,false,
32,26,26,JURASSIC,,Twin Creek Limestone,Twin Creek Limestone,,1380,1380,1380,,J-1 UNCONFORMITY,false,false,
32,27,27,JURASSIC,,Nugget Sandstone,Nugget Sandstone,,900-1400,900,1400,,fossil sand dunes,false,false,
32,28,28,TRIASSIC,,Ankareh Fm,Ankareh Formation,,1230,1230,1230,,Gartra Member,false,false,
32,29,29,TRIASSIC,,Thaynes Fm,Thaynes Formation,,1150,1150,1150,,Furnishius; Parachirognathus; Meekoceras,false,false,
32,30,30,TRIASSIC,,Woodside Shale,Woodside Shale,,700,700,700,,,false,false,
32,31,31,P,,Park City & Phosphoria Fms,Park City & Phosphoria Fms,,900,900,900,,phosphorite,false,false,
32,32,32,IP,,Weber Sandstone,Weber Sandstone,,1700,1700,1700,,,false,false,
32,33,33,IP,,Round Valley Ls,Round Valley Limestone,,300,300,300,,,false,false,
32,34,34,MISS,,Doughnut Fm,Doughnut Formation,,500,500,500,,,false,false,
32,35,34,MISS,,Humbug Formation,Humbug Formation,,350,350,350,,,false,false,
32,36,35,MISS,,Brazer Formation,Brazer Formation,,750,750,750,,Delle Phosphatic Mbr,false,false,
32,37,36,MISS,,Lodgepole Limestone,Lodgepole Limestone,,400,400,400,,,false,false,
32,38,37,D,,Fitchville Fm,Fitchville Formation,,150,150,150,,,false,false,
32,39,38,CAM,,Maxfield Limestone,Maxfield Limestone,,200-800,200,800,,,false,false,
32,40,39,CAM,,Ophir Formation,Ophir Formation,,400,400,400,,,false,false,
32,41,40,CAM,,Tintic Quartzite,Tintic Quartzite,,600,600,600,,,false,false,
32,42,41,NEOPROT,Uinta Mountain Group,Red Pine Shale,Red Pine Shale,,0-1800,0,1800,,brown to gray micaceous; 740 m.y.,false,false,
32,43,42,NEOPROT,Uinta Mountain Group,Hades Pass Qtzt,Hades Pass Quartzite,,"12,000",12000,12000,,brick-red to maroon,false,false,
32,44,42,NEOPROT,Uinta Mountain Group,Mt. Watson Fm,Mt. Watson Formation,,"12,000",12000,12000,,,false,false,
32,45,42,NEOPROT,Uinta Mountain Group,Moosehorn Lake Shale,Moosehorn Lake Shale,,"12,000",12000,12000,,,false,false,
33,1,1,QUAT,,"Alluvium, mine dumps, tailings, leach piles, landslides","Alluvium, mine dumps, tailings, leach piles, landslides",,0-1000,0,1000,,deposition now active,false,false,
33,2,2,QUAT,,Lake Bonneville deposits,Lake Bonneville deposits,,0-300,0,300,,"shoreline & bottom deposits; younger than 25,000 yrs",false,false,
33,3,3,MIO-PL,,Harkers fanglomerate,Harkers fanglomerate,,0-500,0,500,,old alluvial fan deposits,false,false,
33,4,4,MIO-PL,,Salt Lake Formation,Salt Lake Formation,,300-500,300,500,,4.4 m.y. rhyolite tuffs,false,false,
33,5,5,MIO-PL,,Valley fill in Tooele Valley,Valley fill in Tooele Valley,,"0-12,000",0,12000,,not exposed; younger than 17 m.y.; Basin-Range UNCONFORMITY,false,false,
33,6,6,OLIGOCENE,West Traverse Mts latitic volcanic rocks,South Mtn volc breccia,South Mtn volc breccia,,300,300,300,,30 m.y. K-Ar,false,false,
33,7,7,OLIGOCENE,West Traverse Mts latitic volcanic rocks,South Mtn lava flows,South Mtn lava flows,,1000,1000,1000,,red & black flow banding,false,false,
33,8,8,OLIGOCENE,West Traverse Mts latitic volcanic rocks,Younger lava flows,Younger lava flows,,600?,600,600,,,false,false,
33,9,9,OLIGOCENE,West Traverse Mts latitic volcanic rocks,Younger block & ash flow tuffs,Younger block & ash flow tuffs,,1000,1000,1000,,32 m.y. Ar/Ar,false,false,
33,10,10,OLIGOCENE,West Traverse Mts latitic volcanic rocks,Tickville rhyolite lava flows,Tickville rhyolite lava flows,,1500,1500,1500,,"Shaggy Peak rhyolite, 35.5 m.y.; Step Mtn andesite plug, 36 m.y.; volcanism hiatus",false,false,
33,11,10,OLIGOCENE,West Traverse Mts latitic volcanic rocks,B & a f tuffs,B & a f tuffs,,500,500,500,,,false,false,
33,12,11,EOCENE,Bingham Canyon intrusive and volcanic rocks,Lark dacite plug intrusion,Lark dacite plug intrusion,,,,,,37 m.y. K-Ar,false,false,
33,13,12,EOCENE,Bingham Canyon intrusive and volcanic rocks,Bingham quartz monzonite prophyry,Bingham quartz monzonite prophyry,,,,,,,false,false,
33,14,12,EOCENE,,minette & shoshonite lava flows,minette & shoshonite lava flows,,150,150,150,,38 m.y. Ar/Ar,false,false,
33,15,13,EOCENE,,lake seds,lake seds,,150,150,150,,mudstone & limestone,false,false,
33,16,14,EOCENE,,older lava flows,older lava flows,,1000+,1000,1000,,,false,false,
33,17,15,EOCENE,Bingham Canyon intrusive and volcanic rocks,Bingham monzonite stock,Bingham monzonite stock,,,,,,,false,false,
33,18,15,EOCENE,,Older block and ash flow tuffs,Older block and ash flow tuffs,,4000+,4000,4000,,39 m.y. Ar/Ar,false,false,
33,19,16,EOCENE,Bingham Canyon intrusive and volcanic rocks,Butterfield Canyon sills,Butterfield Canyon sills,,,,,,39 m.y. Ar/Ar,false,false,
33,20,17,K-T?,,Pebble cg - no volcanic clasts,Pebble cg - no volcanic clasts,,400,400,400,,North Horn Fm equivalent?,false,false,
33,21,18,,,PALEOZOIC STRATA WERE FOLDED AND THRUSTED DURING JURASSIC - CRETACEOUS SEVIER OROGENIC EVENTS,PALEOZOIC STRATA WERE FOLDED AND THRUSTED DURING JURASSIC - CRETACEOUS SEVIER OROGENIC EVENTS,,,,,,,true,false,
33,22,19,PERMIAN,,Park City–Phosphoria Fms,Park City–Phosphoria Fms,,760,760,760,,,false,false,
33,23,20,PERMIAN,,Diamond Creek Sandstone,Diamond Creek Sandstone,,about 2000,2000,2000,,"Kesler Canyon Fm of Tooker & Roberts (1970), is a faulted combination of parts of the Freeman Peak, Bingham Mine, & upper Butterfield Peaks Fms (Welsh, 1985)",false,true,
33,24,21,PERMIAN,,Kirkman Limestone,Kirkman Limestone,,400,400,400,,,false,false,
33,25,22,PERMIAN,Oquirrh Group+,Freeman Peak Formation,Freeman Peak Formation,,2400,2400,2400,,Schwagerina; Pseudoschwagerina,false,false,
33,26,23,PERMIAN,Oquirrh Group+,Curry Peak Formation,Curry Peak Formation,,2450,2450,2450,,calcareous siltstone & very fine sandstone; Schwagerina; Triticites,false,false,
33,27,24,PEENSYLVANIAN,Oquirrh Group+,Bingham Mine Formation,Bingham Mine Formation,,7300,7300,7300,,"Triticites; Linoproductus; Syringopora; Commercial Ls Mbr, 200 feet; Eowaeringella; Jordan Ls Mbr, 360 feet",false,false,
33,28,25,PEENSYLVANIAN,Oquirrh Group+,Butterfield Peaks Formation,Butterfield Peaks Formation,,9000,9000,9000,,Erda Fm of Tooker & Roberts (1970) is junior synonym for part of the Butterfield Peaks Fm; Millerella; Beedeina,false,false,
33,29,26,PEENSYLVANIAN,Oquirrh Group+,West Canyon Limestone,West Canyon Limestone,,1450,1450,1450,,Green Ravine Fm of Tooker & Roberts is junior synonym for West Canyon Ls,false,true,
33,30,27,MISSISSIPPIAN,,Manning Canyon Shale,Manning Canyon Shale,,1100-1400,1100,1400,,,false,false,
33,31,28,MISSISSIPPIAN,,Great Blue Limestone,Great Blue Limestone,,1500,1500,1500,,,false,false,
33,32,29,MISSISSIPPIAN,Great Blue Limestone,Long Trail Sh Mbr,Long Trail Shale Member,,100,100,100,,,false,false,
33,33,30,MISSISSIPPIAN,,Great Blue Limestone,Great Blue Limestone,,900,900,900,,,false,false,
33,34,30,MISSISSIPPIAN,,Humbug Formation,Humbug Formation,,700,700,700,,,false,false,
33,35,31,MISSISSIPPIAN,,Deseret Limestone,Deseret Limestone,,700,700,700,,,false,false,
34,1,1,Q,,Surficial deposits,Surficial deposits,,0-200,0,200,,"alluvium, landslide, etc.",false,false,
34,2,2,Q,,Lake Bonneville deposits,Lake Bonneville deposits,,0-200,0,200,,"post 25,000 years",false,false,
34,3,3,O-M-P,,Salt Lake valley fill,Salt Lake valley fill,,0-4000,0,4000,,"post 17 m.y., not exposed / Basin-Range UNCONFORMITY",false,false,
34,4,4,O-M-P,,Conglomerate No. 2,Conglomerate No. 2,,0-1500,0,1500,,Salt Lake Salient,false,false,
34,5,5,O-M-P,,Little Cottonwood quartz monzonite stock,Little Cottonwood quartz monzonite stock,,,,,,"29.4 - 29.9 m.y., ""Temple granite""",false,false,
34,6,6,O-M-P,,E. Traverse Mts volcanic rocks,E. Traverse Mts volcanic rocks,,1000+,1000,1000,,33 m.y. Ar/Ar,false,false,
34,7,7,EOCENE,,Alta granodiorite stock,Alta granodiorite stock,,,,,,32.8 m.y.,false,false,
34,8,7,EOCENE,,"Clayton Pk, Pine Crk, Flagstaff, Valeo, Mayflower","Clayton Peak, Pine Crk, Flagstaff, Valeo, Mayflower",,,,,,"34.6 to 35.5 m.y., btw Brighton & Park City",false,false,
34,9,8,EOCENE,,Volcanic breccia - S.L. Salient,Volcanic breccia - S.L. Salient,,0-1000,0,1000,,35-38 m.y.,false,false,
34,10,9,EOCENE,,Tuffaceous deposits - S.L. Salient,Tuffaceous deposits - S.L. Salient,,0-1000,0,1000,,37-45 m.y.,false,false,
34,11,10,EOCENE,,Conglomerate No. 1 - S.L. Salient,Conglomerate No. 1 - S.L. Salient,,0-1200,0,1200,,Wasatch Cg?,false,false,
34,12,11,CRET,,Frontier Formation,Frontier Formation,,7000-8000,7000,8000,,coal,false,false,
34,13,12,CRET,,Kelvin Formation,Kelvin Formation,,1600,1600,1600,,,false,false,
34,14,13,CRET,,Parleys Mbr,Parleys Member,,100,100,100,,"white, nodular",false,false,
34,15,14,JURASSIC,,Preuss Sandstone,Preuss Sandstone,,1000,1000,1000,,"pale red ss, sh",false,false,
34,16,15,JURASSIC,Twin Creek Ls,Giraffe Creek Mbr,Giraffe Creek Member,,200,200,200,,greenish-gray,false,false,
34,17,16,JURASSIC,Twin Creek Ls,Leeds Creek Member,Leeds Creek Member,,1520,1520,1520,,marine beds,false,false,
34,18,17,JURASSIC,Twin Creek Ls,Watton Canyon Mbr,Watton Canyon Member,,350,350,350,,Gryphaea,false,false,
34,19,18,JURASSIC,Twin Creek Ls,Boundary Ridge Mbr,Boundary Ridge Member,,100,100,100,,,false,false,
34,20,19,JURASSIC,Twin Creek Ls,Rich Mbr,Rich Member,,390,390,390,,cement rock,false,false,
34,21,20,JURASSIC,Twin Creek Ls,Sliderock Mbr,Sliderock Member,,150,150,150,,J-1 UNCONFORMITY,false,false,
34,22,21,JURASSIC,,Gypsum Spring Formation,Gypsum Spring Formation,,140,140,140,,,false,false,
34,23,22,JURASSIC,,Nugget Sandstone,Nugget Sandstone,,1300,1300,1300,,orangish-pink,false,false,
34,24,23,TRIASSIC,Ankareh Fm,Upper member,Upper member,,700,700,700,,reddish-brown,false,false,
34,25,24,TRIASSIC,Ankareh Fm,Gartra Member,Gartra Member,,100,100,100,,,false,false,
34,26,25,TRIASSIC,Ankareh Fm,Mahogany Member,Mahogany Member,,900,900,900,,reddish-brown,false,false,
34,27,26,TRIASSIC,,Thaynes Formation,Thaynes Formation,,1800-2300,1800,2300,,"conodonts: Neospathodus, Platyvillosus, Neogondolella, Furnishius; Meekoceras",false,false,
34,28,27,TRIASSIC,,Woodside Shale,Woodside Shale,,400,400,400,,"maroon sh, silts",false,false,
34,29,28,P,,Park City Fm,Park City Formation,,900-1700,900,1700,,phosphorite,false,false,
34,30,29,PENN,,Weber Quartzite,Weber Quartzite,,1200-1500,1200,1500,,,false,false,
34,31,30,P,,Round Valley Limestone,Round Valley Limestone,,600-1000,600,1000,,pink chert,false,false,
34,32,31,MISS,,Doughnut Fm,Doughnut Formation,,400-900,400,900,,"dark sh, ls",false,false,
34,33,31,MISS,,Humbug Fm,Humbug Formation,,800,800,800,,,false,false,
34,34,32,MISS,,Deseret Ls,Deseret Limestone,,500-900,500,900,,Delle Phosphatic Member,false,false,
34,35,33,MISS,,Gardison Ls,Gardison Limestone,,400-600,400,600,,,false,false,
34,36,34,D,,Fitchville Fm - south end,Fitchville Formation - south end,,0-120,0,120,,at Beck's Spur,false,false,
34,37,35,D,,Stansbury-Pinyon Pk Fms - north,Stansbury-Pinyon Peak Fms - north,,0-700,0,700,,,false,false,
34,38,36,CAMB,,Maxfield Ls,Maxfield Limestone,,0-1200,0,1200,,,false,false,
34,39,37,CAMB,,Ophir Fm,Ophir Formation,,400-600,400,600,,Glossopleura,false,false,
34,40,38,CAMB,,Tintic Quartzite,Tintic Quartzite,,1000-2000,1000,2000,,,false,false,
34,41,39,NEOPROTEROZOIC,,Mutual Fm,Mutual Formation,,0-north 4000-south,0,4000,,"reddish-purple, feldspathic quartzite",false,false,
34,42,40,NEOPROTEROZOIC,,Mineral Fork Tillite,Mineral Fork Tillite,,0-north 3000-south,0,3000,,glacial till & mudstone with microfossils,false,false,
34,43,41,NEOPROTEROZOIC,,Big Cottonwood Formation,Big Cottonwood Formation,,"0-north 16,000-south",0,16000,,"Bavelinella; interbedded quartzites & argillitic siltstones that show cross-bedding, ripple marks, & mud cracks, some sandstones are tidal marine",false,false,
34,44,42,PP,,Little Willow Fm - Cottonwood area,Little Willow Formation - Cottonwood area,,,,,,*PP = Paleoproterozoic,false,false,
34,45,43,PP,,Farmington Canyon Complex - north SLC,Farmington Canyon Complex - north SLC,,,,,,metamorphism 1.8 b.y.,false,false,
35,1,1,Q,,"Alluvium, colluvium, soil","Alluvium, colluvium, soil",,0-50,0,50,,"0-10,000 yrs old",false,false,
35,2,1,Q,,Lake Bonneville deposits,Lake Bonneville deposits,,0-200,0,200,,"10,000-30,000 yrs old",false,false,
35,3,2,MIO-PLIO,,"Buried valley fill in Utah Valley includes pre-Bonneville alluvial & lake deposits with some interbeds of volcanic tuff (see Cook et al., 1997 for Bouguer gravity map)","Buried valley fill in Utah Valley includes pre-Bonneville alluvial & lake deposits with some interbeds of volcanic tuff (see Cook et al., 1997 for Bouguer gravity map)",,"0-13,000",0,13000,,"Gulf Oil-Banks #1 23-8S-2E; 13,000 ft deep, bottomed in beds containing Late Miocene pollen; 10 m.y. +",false,false,
35,4,3,,,WASATCH FAULT ZONE SEPARATES UTAH VALLEY FILL FROM PALEOZOIC BEDROCK OF WASATCH MOUNTAINS SHOWN BELOW,WASATCH FAULT ZONE SEPARATES UTAH VALLEY FILL FROM PALEOZOIC BEDROCK OF WASATCH MOUNTAINS SHOWN BELOW,,,,,,,true,false,
35,5,4,TR,,Woodside Shale,Woodside Shale,,300,300,300,,dark red; Gerster Ls equivalent,false,false,
35,6,5,PERMIAN,Park City Group,Franson Fm,Franson Formation,,800,800,800,,Plymton Fm equivalent,false,false,
35,7,6,PERMIAN,Park City Group,Meade Pk Tongue,Meade Peak Tongue,,280,280,280,,Phosphoria tongue,false,false,
35,8,7,PERMIAN,Park City Group,Grandeur Fm,Grandeur Formation,,600-800,600,800,,,false,false,
35,9,7,PERMIAN,,Diamond Creek Ss,Diamond Creek Sandstone,,160-1270,160,1270,,,false,false,
35,10,7,PERMIAN,,Kirkman Limestone,Kirkman Limestone,,310,310,310,,,false,false,
35,11,7,PERMIAN,Oquirrh Group,Granger Mountain Formation (Wolfcampian),Granger Mountain Formation (Wolfcampian),,"8200-10,250",8200,10250,,1000' ss; 1200' Curry Peak siltstone facies; Pseudoschwagerina; mostly fine ss with some siltstone interbeds; Schwagerina; fine grained ss with heavy minerals from Uncompahgre source; 1400' Curry Peak siltstone facies,false,false,
35,12,8,PENNSYLVANIAN,Oquirrh Group,Wallsburg Ridge Formation (Missourian-Virgilian),Wallsburg Ridge Formation (Missourian-Virgilian),,4000-8000,4000,8000,,Triticites; mostly fine grained ss with fewer limestone interbeds than same interval in Oquirrh Mts,false,false,
35,13,9,PENNSYLVANIAN,Oquirrh Group,Shingle Mill Ls (Lower Missourian),Shingle Mill Limestone (Lower Missourian),,200-450,200,450,,Eowaeringella; equivalent to Jordan & Commercial Ls at Bingham,false,false,
35,14,10,PENNSYLVANIAN,Oquirrh Group,Bear Canyon Formation (Atokan-Desmoinesian),Bear Canyon Formation (Atokan-Desmoinesian),,4250,4250,4250,,Fusulina; Profusulinella,false,false,
35,15,11,PENNSYLVANIAN,Oquirrh Group,Bridal Veil Limestone,Bridal Veil Limestone,,1245,1245,1245,,"Morrowan fossils are abundant - brachiopods corals, bryozoans",false,false,
35,16,12,PENNSYLVANIAN,,Manning Canyon Shale,Manning Canyon Shale,,1650,1650,1650,,Dictyoclostus; Cravenoceras; Lepidodendron,false,false,
35,17,13,MISSISSIPPIAN,Great Blue Ls,Upper limestone member,Upper limestone member,,1800,1800,1800,,deep water facies,false,false,
35,18,13,MISSISSIPPIAN,Great Blue Ls,Long Trail Sh Mbr,Long Trail Shale Member,,300,300,300,,forms strike valley,false,false,
35,19,14,MISSISSIPPIAN,Great Blue Ls,Topliff Ls Mbr,Topliff Limestone Member,,700,700,700,,Apatognathus; Fenestella,false,false,
35,20,14,MISSISSIPPIAN,,Humbug Formation,Humbug Formation,,520,520,520,,,false,false,
35,21,15,MISSISSIPPIAN,,Deseret Limestone,Deseret Limestone,,575-840,575,840,,320' Uncle Joe Mbr; 320' Tetro Mbr; 200' Dell Phosphatic Mbr; Taphrognathus; Spathognathodus,false,false,
35,22,16,MISSISSIPPIAN,,Gardison Limestone,Gardison Limestone,,600,600,600,,"Syringopora, Gnathodus",false,false,
35,23,17,D,,Fitchville Dolomite,Fitchville Dolomite,,50-270,50,270,,~6 ft Pinyon Peak Fm at base in Rock Canyon,false,false,
35,24,18,CAMB,,Maxfield Limestone,Maxfield Limestone,,0-850,0,850,,REGIONAL UNCONFORMITY; white dolostone in Rock Cyn,false,false,
35,25,19,CAMB,,Ophir Formation,Ophir Formation,,250-500,250,500,,Glossopleura,false,false,
35,26,20,CAMB,,Tintic Quartzite,Tintic Quartzite,,1170-1300,1170,1300,,orange; 25' diabase 160' above base,false,false,
35,27,21,PROT,,Mutual Formation,Mutual Formation,,0-1300,0,1300,,reddish-brown; only in American Fork Cnyn,false,false,
35,28,22,PROT,,Mineral Fork Tillite,Mineral Fork Tillite,,0-1000,0,1000,,olive-drab,false,false,
35,29,23,PROT,,Big Cottonwood Formation,Big Cottonwood Formation,,1350+,1350,1350,,purple & green argillite in Slate Canyon,false,false,
36,1,1,Q,,Surficial deposits,Surficial deposits,,0-200,0,200,,"alluvium, till, landslides",false,false,
36,2,2,EOCENE,Keetley Volcanics,Volcanic breccia of Coyote Canyon,Volcanic breccia of Coyote Canyon,,0-1400,0,1400,,33 m.y. K/Ar,false,false,
36,3,3,EOCENE,Keetley Volcanics,Qtzt boulder unit,Quartzite boulder unit,,0-450,0,450,,,false,false,
36,4,4,EOCENE,Keetley Volcanics,Tuffaceous unit,Tuffaceous unit,,0-700,0,700,,37.7 m.y. Ar/Ar,false,false,
36,5,5,EOCENE,,Uinta ? Formation,Uinta ? Formation,,350,350,350,,,false,false,
36,6,6,CRETACEOUS,Mancos Group,Frontier Formation,Frontier Formation,,2500+,2500,2500,,oyster bed,false,false,
36,7,7,CRETACEOUS,Mancos Group,*Aspen Shale,*Aspen Shale,,400,400,400,,"* asterisk shows units not exposed at the surface, as listed by Biek et al., 2003 in the Center Creek area; Keetley Volcanics cover much of this area; nearby mapping in the Co-op Creek-Currant Creek area by Constenius et al., 2010 gives somewhat different formations and thicknesses for these unexposed units",false,true,
36,8,8,CRETACEOUS,*Kelvin Formation,*Naturita Fm,*Naturita Formation,,0-300?,0,300,,,false,false,
36,9,9,CRETACEOUS,*Kelvin Formation,*Cedar Mtn Fm,*Cedar Mtn Formation,,0-300?,0,300,,,false,false,
36,10,10,CRETACEOUS,,*Morrison Formation,*Morrison Formation,,0-1500,0,1500,,,false,false,
36,11,11,JURASSIC,,*Stump Formation,*Stump Formation,,200±,200,200,,,false,false,
36,12,11,JURASSIC,,*Preuss Sandstone,*Preuss Sandstone,,700±,700,700,,,false,false,
36,13,12,JURASSIC,,Twin Creek Limestone,Twin Creek Limestone,,1530,1530,1530,,Charleston thrust plate overrides this formation; J 1 UNCONFORMITY,false,false,
36,14,13,JURASSIC,,Nugget Formation,Nugget Formation,,1260-1500,1260,1500,,vertebrate tracks,false,false,
36,15,14,TRIASSIC,,Ankareh Formation,Ankareh Formation,,1485,1485,1485,,,false,false,
36,16,15,TRIASSIC,,Thaynes Formation,Thaynes Formation,,950,950,950,,,false,false,
36,17,16,TRIASSIC,,Woodside Shale,Woodside Shale,,315,315,315,,,false,false,
36,18,17,P,,*Park City & Phosphoria Fms,*Park City & Phosphoria Fms,,600±,600,600,,,false,false,
36,19,18,IP,,*Weber Sandstone,*Weber Sandstone,,1400±,1400,1400,,Weber Sandstone is the equivalent of the upper part of the Oquirrh Formation,false,false,
36,20,19,,,"ROCKS ABOVE ARE NEAR THEIR ORIGINAL SITE OF DEPOSITION; FOR DOWNWARD CONTINUATION BENEATH THE WEBER SANDSTONE SEE SPRINKEL, 1994; ROCKS BELOW HAVE BEEN OVERTHRUST EASTWARD 60 MILES ON THE CHARLESTON THRUST","ROCKS ABOVE ARE NEAR THEIR ORIGINAL SITE OF DEPOSITION; FOR DOWNWARD CONTINUATION BENEATH THE WEBER SANDSTONE SEE SPRINKEL, 1994; ROCKS BELOW HAVE BEEN OVERTHRUST EASTWARD 60 MILES ON THE CHARLESTON THRUST",,,,,,,true,false,
36,21,20,PERMIAN,Granger Mountain Formation,upper unit,upper unit,,"10,250",10250,10250,,"top not preserved; silty, calcareous sandstone with abundant worm-tube trace fossils; interbeds of quartzite & limestone contain Permian fusulinids; black shale beds",false,false,
36,22,21,PERMIAN,Granger Mountain Formation,lower unit,lower unit,,300-500,300,500,,fossiliferous limestone,false,false,
36,23,22,PENNSYLVANIAN,Oquirrh Group,Wallsburg Ridge Formation,Wallsburg Ridge Formation,,3800,3800,3800,,quartzite & limy sandstone with beds of cherty limestone; fusulinids of Late Pennsylvanian age,false,false,
36,24,23,PENNSYLVANIAN,Oquirrh Group,Shingle Mill Limestone,Shingle Mill Limestone,,300-500,300,500,,cherty limestone with Desmoinsian fusulinids,false,false,
36,25,24,PENNSYLVANIAN,Oquirrh Group,Bear Canyon Formation,Bear Canyon Formation,,4600,4600,4600,,"quartzitic sandstone with thin to thick beds of dark-gray limestone, some with chert; contains fusulinids of Atokan & Desmoinsian ages",false,false,
36,26,25,PENNSYLVANIAN,Oquirrh Group,Bridal Veil Limestone,Bridal Veil Limestone,,1300,1300,1300,,fossil corals & brachiopods in shaly interbeds,false,false,
36,27,26,M,,Manning Canyon Shale,Manning Canyon Shale,,1650,1650,1650,,at Charleston this shale has been attenuated to a few feet of a black clay gouge along the Upper Deer Ck fault,false,true,
36,28,27,,,UPPER DEER CREEK DETACHMENT FAULT,UPPER DEER CREEK DETACHMENT FAULT,,,,,,,true,false,
36,29,28,MISS,,Great Blue Limestone,Great Blue Limestone,,2800,2800,2800,,endothyrid fusulinids,false,false,
36,30,29,MISS,,Humbug Formation,Humbug Formation,,800,800,800,,,false,false,
36,31,29,,,LOWER DEER CREEK DETACHMENT FAULT,LOWER DEER CREEK DETACHMENT FAULT,,,,,,,true,false,
36,32,30,Є,,Tintic Quartzite,Tintic Quartzite,,150±,150,150,,light qtzt & pebble cg,false,false,
36,33,31,pЄ,,Big Cottonwood Formation,Big Cottonwood Formation,,400±,400,400,,gray-brown qtzt,false,false,
36,34,32,,,CHARLESTON THRUST FAULT - LATE CRETACEOUS,CHARLESTON THRUST FAULT - LATE CRETACEOUS,,,,,,,true,false,
37,1,1,Q,,Alluvium & Lake Bonneville sediments,Alluvium & Lake Bonneville sediments,,0-1000,0,1000,,,false,false,
37,2,2,M-P,,Valley fill in Cedar Valley,Valley fill in Cedar Valley,,0-2000,0,2000,,,false,false,
37,3,3,OLIG,,Tickville rhyolite flows,Tickville rhyolite flows,,0-300,0,300,,Basin-Range UNCONFORMITY; 31 m.y.,false,false,
37,4,4,OLIG,,Rhyolite plug near Mercur,Rhyolite plug near Mercur,,,,,,32 m.y.,false,false,
37,5,5,OLIG,,Latite flows & lahars,Latite flows & lahars,,500-1000,500,1000,,,false,false,
37,6,6,OLIG,,Nepheline basalt,Nepheline basalt,,0-100,0,100,,,false,false,
37,7,7,E,,Post-thrusting conglomerate,Post-thrusting conglomerate,,0-200,0,200,,MAJOR UNCONFORMITY,false,false,
37,8,8,PERMIAN,,Park City Group,Park City Group,,200,200,200,,,false,false,
37,9,9,PERMIAN,,Diamond Creek Ss,Diamond Creek Sandstone,,2300,2300,2300,,,false,false,
37,10,9,PERMIAN,,Kirkman Limestone,Kirkman Limestone,,100,100,100,,,false,false,
37,11,10,PERMIAN,Oquirrh Group*,Freeman Peak Formation,Freeman Peak Formation,,1900,1900,1900,,UNCONFORMITY,false,false,
37,12,11,PERMIAN,Oquirrh Group*,Curry Peak Formation,Curry Peak Formation,,3100,3100,3100,,UNCONFORMITY,false,false,
37,13,12,PEENSYLVANIAN,Oquirrh Group*,Bingham Mine Formation,Bingham Mine Formation,,6500,6500,6500,,Triticites; *Note: See the discussion of Oquirrh as a group within the text part of this book,false,false,
37,14,12,PEENSYLVANIAN,Oquirrh Group*,Commercial Ls,Commercial Limestone,,20-200,20,200,,,false,false,
37,15,14,PEENSYLVANIAN,Oquirrh Group*,Jordan Ls Mbr,Jordan Limestone Member,,50-300,50,300,,,false,false,
37,16,15,PEENSYLVANIAN,Oquirrh Group*,Butterfield Peaks Formation,Butterfield Peaks Formation,,8500,8500,8500,,"(Bissell's 1959, Pole Canyon Lewiston Peak Cedar Fort & Meadow Canyon members are all part of this formation); Beedeina; Wedekindellina; cyclical cherty ls, sandy limestone, calcareous sandstone; Wedekindellina; Fusulinella; Millerella",false,false,
37,17,16,PEENSYLVANIAN,Oquirrh Group*,West Canyon Limestone,West Canyon Limestone,,900-1400,900,1400,,"bioclastic limestone with Morrowan fossils, conodonts & brachiopods",false,false,
37,18,17,MISSISSIPPIAN,,Manning Canyon Shale,Manning Canyon Shale,,1330-1610,1330,1610,,"abundant land plants and shallow-water marine invertebrate fossils, rare fish",false,false,
37,19,18,MISSISSIPPIAN,Great Blue Limestone,Upper limestone member,Upper limestone member,,1200-1950,1200,1950,,,false,false,
37,20,18,MISSISSIPPIAN,Great Blue Limestone,Long Trail Sh Mbr,Long Trail Shale Member,,90,90,90,,,false,false,
37,21,19,MISSISSIPPIAN,Great Blue Limestone,Lower ls mbr,Lower ls mbr,,300-550,300,550,,,false,false,
37,22,20,MISSISSIPPIAN,,Humbug Formation,Humbug Formation,,540-640,540,640,,,false,false,
37,23,20,MISSISSIPPIAN,,Deseret Limestone,Deseret Limestone,,580-730,580,730,,Delle Phosphate Mbr,false,false,
37,24,21,MISSISSIPPIAN,,Gardison Limestone,Gardison Limestone,,500-720,500,720,,cherty; corals & brachiopods,false,false,
37,25,22,D,,Fitchville Dolomite,Fitchville Dolomite,,180-340,180,340,,,false,false,
37,26,23,D,,Stansbury Formation,Stansbury Formation,,10-200,10,200,,35 ft Pinyon Peak Ls,false,false,
37,27,24,CAMBRIAN,,Opex Dolomite,Opex Dolomite,,180,180,180,,UNCONFORMITY,false,false,
37,28,25,CAMBRIAN,,Cole Canyon Dolomite,Cole Canyon Dolomite,,210,210,210,,boundstone,false,false,
37,29,26,CAMBRIAN,,Bluebird Dolomite,Bluebird Dolomite,,310,310,310,,,false,false,
37,30,26,CAMBRIAN,,Bowman Limestone,Bowman Limestone,,250,250,250,,,false,false,
37,31,27,CAMBRIAN,,Herkimer Limestone,Herkimer Limestone,,470,470,470,,,false,false,
37,32,28,CAMBRIAN,,Teutonic Limestone,Teutonic Limestone,,280,280,280,,,false,false,
37,33,29,CAMBRIAN,,Ophir Formation,Ophir Formation,,300,300,300,,Glossopleura,false,false,
37,34,30,CAMBRIAN,,Pioche Formation,Pioche Formation,,300,300,300,,phyllitic sh & qtzt,false,false,
37,35,31,CAMBRIAN,,Tintic Quartzite,Tintic Quartzite,,subsurface,,,,,false,false,
38,1,1,Q,,"Alluvial, colluvial, landslide, & Lake Bonneville deposits","Alluvial, colluvial, landslide, & Lake Bonneville deposits",,0-100,0,100,,"0-10,000 yrs old; 10,000-30,000 yrs old",false,false,
38,2,2,MIO,,Buried valley fill in Utah Valley includes pre-Bonneville alluvial & lake deposits with some interbeds of volcanic tuff,Buried valley fill in Utah Valley includes pre-Bonneville alluvial & lake deposits with some interbeds of volcanic tuff,,"0-13,000",0,13000,,"Gulf Oil-Banks #1 23-8S-2E; 13,000 ft deep, bottomed in valley-fill sediments containing Late Miocene pollen",false,false,
38,3,3,MIO,,Mosida Basalt,Mosida Basalt,,0-100,0,100,,19.74 m.y. Ar/Ar; Basin-Range UNCONFORMITY,false,false,
38,4,4,Φ,Soldiers Pass Fm,White Knoll Member,White Knoll Member,,0-400,0,400,,"limestone, ash, ss, cg",false,false,
38,5,5,Φ,Soldiers Pass Fm,breccia member,breccia member,,0-200,0,200,,33.7 m.y. Ar/Ar shoshonitic,false,false,
38,6,6,EOC,Soldiers Pass Fm,andesite member,andesite member,,0-40,0,40,,~35 m.y. lava flows,false,false,
38,7,7,EOC,Soldiers Pass Fm,Chimney Rock Pass Tuff Member,Chimney Rock Pass Tuff Member,,0-200,0,200,,"34.6 m.y. Ar/Ar rhyolitic, pumice",false,false,
38,8,8,EOC,Soldiers Pass Fm,trachydacite tuff member,trachydacite tuff member,,0-30,0,30,,35.8 m.y. Ar/Ar,false,false,
38,9,9,PAL,,Flagstaff Formation,Flagstaff Formation,,0-100,0,100,,limestone & conglomerate caps the top of West Mtn,false,false,
38,10,10,K,,North Horn Formation,North Horn Formation,,0-100,0,100,,MAJOR UNCONFORMITY,false,false,
38,11,11,PERMIAN,,Diamond Creek Sandstone,Diamond Creek Sandstone,,200+,200,200,,,false,false,
38,12,12,PERMIAN,,Kirkman Limestone,Kirkman Limestone,,1070,1070,1070,,fusulinids,false,false,
38,13,13,PERMIAN,Oquirrh Group,"Freeman Peak & Curry Peak Fms, undivided","Freeman Peak & Curry Peak Fms, undivided",,2000+,2000,2000,,Streptognathodus; Neogondolella; Sweetognathus,false,false,
38,14,14,PENNSYLVANIAN,Oquirrh Group,Bingham Mine Formation,Bingham Mine Formation,,4000,4000,4000,,Triticites,false,false,
38,15,15,PENNSYLVANIAN,Oquirrh Group,Butterfield Peaks Formation,Butterfield Peaks Formation,,7300,7300,7300,,cherty; billiard ball ls (chert); Fusulina; billiard ball ls (chert); Fusulinella,false,false,
38,16,16,PENNSYLVANIAN,Oquirrh Group,West Canyon Limestone,West Canyon Limestone,,1025,1025,1025,,cherty; medial sandstone,false,false,
38,17,17,MISSISSIPPIAN,,Manning Canyon Shale,Manning Canyon Shale,,1130,1130,1130,,"varicolored calcareous & carbonaceous shale & siltstone; lesser ss, clay pits, fossil plants, insects, & fish",false,false,
38,18,18,MISSISSIPPIAN,Great Blue Limestone,Upper limestone member,Upper limestone member,,2100,2100,2100,,medium- to thick-bedded bluish gray limestone; fossiliferous; shaly in lower part,false,false,
38,19,19,MISSISSIPPIAN,Great Blue Limestone,Long Trail Shale Mbr,Long Trail Shale Member,,90,90,90,,varicolored carbonaceous sh,false,false,
38,20,20,MISSISSIPPIAN,Great Blue Limestone,Lower limestone mbr,Lower limestone mbr,,300,300,300,,medium to thick-bedded medium-gray fossiliferous ls; white limestone,false,false,
38,21,21,MISSISSIPPIAN,,Humbug Formation,Humbug Formation,,700-1100,700,1100,,"interbedded sandstone, orthoquartzite & limestone",false,false,
38,22,21,MISSISSIPPIAN,,Deseret Limestone,Deseret Limestone,,530-830,530,830,,=Pine Canyon Ls; phosphatic chert,false,false,
38,23,22,MISSISSIPPIAN,,Gardison Limestone,Gardison Limestone,,500-800,500,800,,fossiliferous limestone; previously mapped with Fitchville Fm as Gardner Dolomite,false,false,
38,24,23,D,,"Fitchville Fm - Pinyon Peak Limestone, undivided","Fitchville Formation - Pinyon Peak Limestone, undivided",,130-300,130,300,,,false,false,
38,25,24,CAMBRIAN,,Opex Dolomite,Opex Dolomite,,220-470,220,470,,"MAJOR UNCONFORMITY; light-gray, mottled dolomite",false,false,
38,26,25,CAMBRIAN,,Cole Canyon Dolomite,Cole Canyon Dolomite,,300-480,300,480,,alternating light & dark gray laminated dolomite; medium gray,false,false,
38,27,26,CAMBRIAN,,Bluebird Dolomite,Bluebird Dolomite,,200-300,200,300,,"""twiggy"" bodies",false,false,
38,28,26,CAMBRIAN,,Herkimer Limestone,Herkimer Limestone,,340,340,340,,dolomite in lower-half; pisolites & flat-pebble cg locally,false,false,
38,29,27,CAMBRIAN,,Dagmar Dolomite,Dagmar Dolomite,,30-60,30,60,,white laminated boundstone,false,false,
38,30,28,CAMBRIAN,,Teutonic Limestone,Teutonic Limestone,,360,360,360,,silty limestone with oolites in lower part,false,false,
38,31,29,CAMBRIAN,,Ophir Formation,Ophir Formation,,300,300,300,,"gray to green phyllite & quartzite, trilobite hash",false,false,
38,32,30,CAMBRIAN,,Tintic Quartzite,Tintic Quartzite,,700+,700,700,,"light-gray, fine-grained, weathers reddish-brown",false,false,
39,1,1,Q,,Alluvium and Lake Bonneville Seds,Alluvium and Lake Bonneville Seds,,0-200,0,200,,,false,false,
39,2,2,PLI,,Valley Fill-Goshen Valley,Valley Fill-Goshen Valley,,1-1000,1,1000,,,false,false,
39,3,3,PLI,,Salt Lake ? Fm,Salt Lake ? Formation,,0-2000?,0,2000,,"Huckleberry Ridge ash, 2 m.y.; Basin-Range UNCONFORMITY",false,false,
39,4,4,MIO,,Silver Shield Quartz Latite,Silver Shield Quartz Latite,,0-125,0,125,,17 m.y.,false,false,
39,5,5,MIO,,Pinyon Creek Cg,Pinyon Creek Conglomerate,,0-1000,0,1000,,,false,false,
39,6,6,OLIG,,Silver City Monzonite intrusion,Silver City Monzonite intrusion,,,,,,32-34 m.y. Ar/Ar,false,false,
39,7,7,OLIG,Laguna Springs Volcanic Group,Tintic Delmar Latite,Tintic Delmar Latite,,0-400,0,400,,,false,false,
39,8,8,OLIG,Laguna Springs Volcanic Group,Pinyon Queen Latite,Pinyon Queen Latite,,0-1100,0,1100,,32.7 m.y. Ar/Ar; flows; tuff,false,false,
39,9,9,OLIG,Laguna Springs Volcanic Group,North Standard Latite,North Standard Latite,,0-600,0,600,,flows; tuff,false,false,
39,10,10,LATE EOCENE,Tintic Mountains Volcanic Group,Latite of Rock Canyon,Latite of Rock Canyon,,0-1000,0,1000,,33.8 m.y. Ar/Ar,false,false,
39,11,11,LATE EOCENE,Tintic Mountains Volcanic Group,Big Canyon Latite,Big Canyon Latite,,0-125,0,125,,flows,false,false,
39,12,12,LATE EOCENE,Tintic Mountains Volcanic Group,Rhyolite intrusions of Keystone Springs,Rhyolite intrusions of Keystone Springs,,,,,,34.0 m.y. Ar/Ar,false,false,
39,13,13,LATE EOCENE,Tintic Mountains Volcanic Group,Latite Ridge Latite,Latite Ridge Latite,,0-500,0,500,,34.6 m.y. Ar/Ar ash flow tuff,false,false,
39,14,14,LATE EOCENE,Tintic Mountains Volcanic Group,Volcaniclastic sediments,Volcaniclastic sediments,,0-250,0,250,,,false,false,
39,15,15,LATE EOCENE,Tintic Mountains Volcanic Group,Latite of Little Dog Canyon,Latite of Little Dog Canyon,,0-300,0,300,,,false,false,
39,16,16,LATE EOCENE,Tintic Mountains Volcanic Group,Latite of Dry Herd Canyon,Latite of Dry Herd Canyon,,0-300,0,300,,flows,false,false,
39,17,17,LATE EOCENE,Tintic Mountains Volcanic Group,Shoshonite of Buckhorn Mt,Shoshonite of Buckhorn Mt,,0-400,0,400,,basal 60 ft shale & ls,false,false,
39,18,18,LATE EOCENE,Tintic Mountains Volcanic Group,Biotite latite intrusions,Biotite latite intrusions,,,,,,,false,false,
39,19,19,LATE EOCENE,Tintic Mountains Volcanic Group,Upper lacustrine sediments,Upper lacustrine sediments,,0-200,0,200,,34.1 m.y. Ar/Ar,false,false,
39,20,20,LATE EOCENE,Tintic Mountains Volcanic Group,Sunrise Peak Monzonite intrusion,Sunrise Peak Monzonite intrusion,,,,,,34.7 m.y. Ar/Ar,false,false,
39,21,21,LATE EOCENE,Tintic Mountains Volcanic Group,Latite flows of Sunrise Peak,Latite flows of Sunrise Peak,,0-400,0,400,,34.7 m.y. Ar/Ar,false,false,
39,22,22,LATE EOCENE,Tintic Mountains Volcanic Group,Lower lacustrine sediments,Lower lacustrine sediments,,0-400,0,400,,,false,false,
39,23,23,LATE EOCENE,Tintic Mountains Volcanic Group,Copperopolis Latite Tuff,Copperopolis Latite Tuff,,0-500,0,500,,,false,false,
39,24,24,LATE EOCENE,Tintic Mountains Volcanic Group,Andesite of Rattlesnake Peak,Andesite of Rattlesnake Peak,,0-1000,0,1000,,,false,false,
39,25,25,LATE EOCENE,Soldiers Pass Formation,Chimney Rock Pass Tuff Mbr,Chimney Rock Pass Tuff Member,,0-400,0,400,,34.7 m.y. Ar/Ar,false,false,
39,26,26,LATE EOCENE,,Fernow Quartz Latite,Fernow Quartz Latite,,0-1500,0,1500,,34.9 m.y. Ar/Ar,false,false,
39,27,27,LATE EOCENE,,Packard Quartz Latite,Packard Quartz Latite,,0-3000,0,3000,,35.2 m.y. Ar/Ar,false,false,
39,28,28,LATE EOCENE,,Apex Conglomerate,Apex Conglomerate,,0-500,0,500,,MAJOR UNCONFORMITY,false,false,
39,29,29,MISSISSIPPIAN,Great Blue Formation,Poker Knoll Ls Mbr,Poker Knoll Limestone Member,,590-705,590,705,,Pennsylvanian & Permian strata beneath this unconformity are listed on the chart of the Gilson and S. East Tintic Mountains,false,true,
39,30,30,MISSISSIPPIAN,Great Blue Formation,Chiulos Member,Chiulos Member,,625-1000,625,1000,,,false,false,
39,31,31,MISSISSIPPIAN,Great Blue Formation,Paymaster Member,Paymaster Member,,590-660,590,660,,Ekvasophyllum,false,false,
39,32,32,MISSISSIPPIAN,Great Blue Formation,Topliff Ls Mbr,Topliff Limestone Member,,295-400,295,400,,Endothyra,false,false,
39,33,32,MISSISSIPPIAN,,Humbug Formation,Humbug Formation,,690-900,690,900,,,false,false,
39,34,33,MISSISSIPPIAN,Deseret Limestone,Uncle Joe Member,Uncle Joe Member,,550,550,550,,Rhipidomella,false,false,
39,35,34,MISSISSIPPIAN,Deseret Limestone,Tetro Member,Tetro Member,,475,475,475,,,false,false,
39,36,35,MISSISSIPPIAN,Deseret Limestone,Delle Member,Delle Member,,5-150,5,150,,phosphatic shale,false,false,
39,37,36,MISSISSIPPIAN,,Gardison Limestone,Gardison Limestone,,450-660,450,660,,,false,false,
39,38,37,DEV,,Fitchville Formation,Fitchville Formation,,275-535,275,535,,,false,false,
39,39,38,DEV,,Pinyon Peak Limestone,Pinyon Peak Limestone,,70-330,70,330,,,false,false,
39,40,39,DEV,,Victoria Formation,Victoria Formation,,125-750,125,750,,,false,false,
39,41,40,S,,Bluebell Dolomite,Bluebell Dolomite,,330-750,330,750,,Virgiana; Streptelasma,false,false,
39,42,41,ORD,,Fish Haven Dolomite,Fish Haven Dolomite,,200-500,200,500,,,false,false,
39,43,42,ORD,,Opohonga Limestone,Opohonga Limestone,,300-1000,300,1000,,Pseudocybele; intraformational cg; Symphysurina,false,false,
39,44,43,CAMBRIAN,,Ajax Dolomite,Ajax Dolomite,,370-730,370,730,,Eoorthis,false,false,
39,45,44,CAMBRIAN,,Opex Formation,Opex Formation,,140-350,140,350,,Elvinia zone,false,false,
39,46,45,CAMBRIAN,,Cole Canyon Dolomite,Cole Canyon Dolomite,,500-1300,500,1300,,Eldoradia,false,false,
39,47,46,CAMBRIAN,,Bluebird Dolomite,Bluebird Dolomite,,150-220,150,220,,,false,false,
39,48,46,CAMBRIAN,,Herkimer Limestone,Herkimer Limestone,,350-430,350,430,,,false,false,
39,49,47,CAMBRIAN,,Dagmar Dolomite,Dagmar Dolomite,,65-100,65,100,,white boundstone,false,false,
39,50,47,CAMBRIAN,,Teutonic Limestone,Teutonic Limestone,,390-420,390,420,,Kootenia,false,false,
39,51,48,CAMBRIAN,,Ophir Formation,Ophir Formation,,300-430,300,430,,Ehmaniella,false,false,
39,52,49,CAMBRIAN,,Tintic Quartzite,Tintic Quartzite,,2300-3200,2300,3200,,Glossopleura; basalt flow 1500 ft below top,false,false,
39,53,50,PRO,,Big Cottonwood Formation,Big Cottonwood Formation,,1675+,1675,1675,,"mostly phyllitic slate, some quartzite",false,false,
40,1,1,Q,,"Alluvium, Utah Lake, and Lake Bonneviille deposits","Alluvium, Utah Lake, and Lake Bonneviille deposits",,0-1000,0,1000,,,false,false,
40,2,2,M-P,,Buried valley fill in Goshen Valley,Buried valley fill in Goshen Valley,,several thousand,,,,,false,false,
40,3,3,OLIGOCENE,,Goldens Ranch Fm,Goldens Ranch Formation,,0-70,0,70,,Basin-Range UNCONFORMITY,false,false,
40,4,4,OLIGOCENE,,Laguna Springs Latite,Laguna Springs Latite,,0-300,0,300,,32 m.y.,false,false,
40,5,5,OLIGOCENE,,Latite Ridge Latite,Latite Ridge Latite,,0-200,0,200,,welded tuff,false,false,
40,6,6,OLIGOCENE,Copperopolis Latite,Upper flow,Upper flow,,0-400,0,400,,,false,false,
40,7,7,OLIGOCENE,Copperopolis Latite,Upper tuff,Upper tuff,,0-20,0,20,,these volcanic rocks were all erupted from the Tintic volcanic center between 32 and 33 m.y. ago,false,true,
40,8,8,OLIGOCENE,Copperopolis Latite,Upper tuff-breccia,Upper tuff-breccia,,0-100,0,100,,,false,false,
40,9,9,OLIGOCENE,Copperopolis Latite,Middle flow,Middle flow,,0-950,0,950,,,false,false,
40,10,10,K-T,Copperopolis Latite,Mid. tuff-breccia,Mid. tuff-breccia,,0-200,0,200,,,false,false,
40,11,11,K-T,,North Horn Formation ?,North Horn Formation ?,,0-100+,0,100,,ANGULAR UNCONFORMITY,false,false,
40,12,12,MISSISSIPPIAN,,Great Blue Limestone,Great Blue Limestone,,200+,200,200,,,false,false,
40,13,12,MISSISSIPPIAN,,Humbug Formation,Humbug Formation,,650,650,650,,,false,false,
40,14,13,MISSISSIPPIAN,,Deseret Limestone,Deseret Limestone,,600-700,600,700,,Delle Phosphatic Mbr 100',false,false,
40,15,14,MISSISSIPPIAN,,Gardison Limestone,Gardison Limestone,,400,400,400,,many fossils,false,false,
40,16,15,MISSISSIPPIAN,,Fitchville Dolomite,Fitchville Dolomite,,230,230,230,,,false,false,
40,17,16,D,,Pinyon Peak Limestone,Pinyon Peak Limestone,,50-100,50,100,,Victoria included with Pinyon Pk by some,false,true,
40,18,17,D,,Victoria Formation,Victoria Formation,,40-120,40,120,,,false,false,
40,19,18,S,,Bluebell Dolomite,Bluebell Dolomite,,230,230,230,,light to medium gray,false,false,
40,20,19,O,,Opohonga Limestone,Opohonga Limestone,,250,250,250,,intraformational cg,false,false,
40,21,20,CAMBRIAN,,Ajax Dolomite,Ajax Dolomite,,300,300,300,,,false,false,
40,22,21,CAMBRIAN,,Opex Formation,Opex Formation,,200,200,200,,,false,false,
40,23,22,CAMBRIAN,,Cole Canyon Dolomite,Cole Canyon Dolomite,,440,440,440,,includes white beds of laminated boundstone,false,false,
40,24,23,CAMBRIAN,,Bluebird Dolomite,Bluebird Dolomite,,180,180,180,,white twiggy bits,false,false,
40,25,23,CAMBRIAN,,Herkimer Limestone,Herkimer Limestone,,240-320,240,320,,Lingulella,false,false,
40,26,24,CAMBRIAN,,Dagmar Dolomite,Dagmar Dolomite,,50,50,50,,white boundstone,false,false,
40,27,25,CAMBRIAN,,Teutonic Limestone,Teutonic Limestone,,370,370,370,,pisolitic at base,false,false,
40,28,26,CAMBRIAN,,Ophir Formation,Ophir Formation,,300,300,300,,Ehmaniella; Glossopleura,false,false,
40,29,27,CAMBRIAN,,Tintic Quartzite,Tintic Quartzite,,1400,1400,1400,,Skolithos,false,false,
40,30,28,CAMBRIAN,,Diabase flow,Diabase flow,,50,50,50,,,false,false,
40,31,29,CAMBRIAN,,,,,160,160,160,,,false,false,
40,32,30,NEOPROTEROZOIC,,Mutual Formation,Mutual Formation,,2700,2700,2700,,purple and red slate and argillite interbedded with pink and orange quartzite,false,false,
40,33,31,NEOPROTEROZOIC,,Big Cottonwood Formation,Big Cottonwood Formation,,130+,130,130,,pink quartzite,false,false,
41,1,1,Q,,Alluvium-Great Salt Lake seds,Alluvium-Great Salt Lake seds,,0-200,0,200,,,false,false,
41,2,2,Q,,Lake Bonneville sediments,Lake Bonneville sediments,,0-200,0,200,,,false,false,
41,3,3,M-P,,Pre-Bonneville valley fill,Pre-Bonneville valley fill,,0-1000,0,1000,,subsurface only,false,false,
41,4,4,M-P,,Salt Lake Fm,Salt Lake Formation,,0-300,0,300,,,false,false,
41,5,5,M-P,,Rhyolite-basalt volcanics,Rhyolite-basalt volcanics,,0-300,0,300,,Basin-Range UNCONFORMITY,false,false,
41,6,6,EO,,Gold Hill quartz monzonite,Gold Hill quartz monzonite,,intrusive,,,,38 m.y. north part,false,false,
41,7,7,EO,,Latite & andesite volcanics,Latite & andesite volcanics,,0-200,0,200,,39 m.y. Ar/Ar,false,false,
41,8,8,EO,,White Sage Fm,White Sage Formation,,0-600,0,600,,,false,false,
41,9,9,EO,,Ibapah granite stock,Ibapah granite stock,,intrusive,,,,39 m.y. K-Ar,false,false,
41,10,9,J,,Gold Hill stock - main body,Gold Hill stock - main body,,intrusive,,,,152 m.y. K-Ar,false,false,
41,11,10,TR,,Thaynes Formation,Thaynes Formation,,0-50,0,50,,Meekoceras,false,false,
41,12,11,PERMIAN,,Gerster Fm,Gerster Formation,,400,400,400,,Punctospirifer,false,false,
41,13,12,PERMIAN,Park City Group,Plympton Fm,Plympton Formation,,600,600,600,,,false,false,
41,14,13,PERMIAN,Park City Group,Meade Peak Mbr,Meade Peak Member,,150,150,150,,,false,false,
41,15,14,PERMIAN,Park City Group,Kaibab Ls,Kaibab Limestone,,500,500,500,,,false,false,
41,16,15,PERMIAN,,Arcturus Formation,Arcturus Formation,,1300,1300,1300,,gypsum; gypsum,false,false,
41,17,16,PERMIAN,,Ferguson Mountain Formation,Ferguson Mountain Formation,,1900,1900,1900,,Parafusulina; Syringopora; Pseudoschwagerina; Dunbarinella; Triticites,false,false,
41,18,17,IP,,Ely Limestone,Ely Limestone,,1400,1400,1400,,Wedekindellina; Millerella,false,false,
41,19,18,MISSISSIPPIAN,,Chainman Shale,Chainman Shale,,500±,500,500,,common level of detachment for attenuated Paleozoic rocks above,false,true,
41,20,19,MISSISSIPPIAN,,Ochre Mountain Limestone,Ochre Mountain Limestone,,2000,2000,2000,,"(equivalent to Great Blue Limestone of central Utah); Herat Shale Member Lower Ochre Mtn 1000 ft (Harmala, 1982)",false,false,
41,21,20,MISSISSIPPIAN,,Woodman Fm,Woodman Formation,,1500 ±,1500,1500,,,false,false,
41,22,20,MISSISSIPPIAN,Woodman Fm,Delle Phosphatic M,Delle Phosphatic Member,,,,,,conodonts,false,false,
41,23,21,MISSISSIPPIAN,,Joana Limestone,Joana Limestone,,25-370,25,370,,,false,false,
41,24,22,DEV,,Guilmette Formation,Guilmette Formation,,720-1200,720,1200,,Cladopora; stromatoporoids,false,false,
41,25,23,DEV,,Fox Mountain Formation,Fox Mountain Formation,,100,100,100,,"Sandberg et al., 1997",false,false,
41,26,24,DEV,,Simonson Dolomite,Simonson Dolomite,,1000,1000,1000,,stromatoporoids; Stringocephalus,false,false,
41,27,25,DEV,,Sevy Dolomite,Sevy Dolomite,,450-670,450,670,,light-gray,false,false,
41,28,26,SIL,,Laketown Dolomite,Laketown Dolomite,,660-970,660,970,,Halysites; Virgiana,false,false,
41,29,27,ORD,,Ely Springs Dolmite,Ely Springs Dolmite,,250,250,250,,MID-ORDOVICIAN EROSION,false,false,
41,30,28,ORD,,Pogonip Group,Pogonip Group,,0-1500,0,1500,,Lachnostoma; Symphysurina,false,false,
41,31,29,CAMBRIAN,,Notch Peak Fm,Notch Peak Formation,,1200,1200,1200,,Eurekia,false,false,
41,32,30,CAMBRIAN,,Orr Formation,Orr Formation,,1000,1000,1000,,(Hicks Formation of Nolan); Dunderbergia; Crepicephalus,false,false,
41,33,31,CAMBRIAN,,Lamb Dolomite,Lamb Dolomite,,800,800,800,,,false,false,
41,34,32,CAMBRIAN,,Trippe Limestone,Trippe Limestone,,700,700,700,,Eldoradia; white boundstone,false,false,
41,35,33,CAMBRIAN,,Young Peak Dolomite,Young Peak Dolomite,,0-600,0,600,,,false,false,
41,36,33,CAMBRIAN,,Abercrombie Formation,Abercrombie Formation,,1760-2700,1760,2700,,"(McCollum & McCollum, 1984, apply Pierson Cove Fm, Wheeler Shale, Swasey Ls, Whirlwind Fm, Dome Ls Chisholm Shale, & Howell Fm); Bolaspidella; Ehmaniella; Glossopleura",false,false,
41,37,34,CAMBRIAN,Pioche Fm,Busby Qtzt M,Busby Quartzite Member,,410-450,410,450,,Olenellus,false,false,
41,38,35,CAMBRIAN,Pioche Fm,Cabin Sh Mbr,Cabin Shale Member,,500,500,500,,micaceous,false,false,
41,39,36,CAMBRIAN,,Prospect Mountain Quartzite,Prospect Mountain Quartzite,,3000,3000,3000,,weathers reddish-brown; minor feldspar,false,false,
41,40,37,PROT,*Goshute Canyon Fm,d - shale,d - shale,,270,270,270,,"phyllitic, purple",false,false,
41,41,38,PROT,*Goshute Canyon Fm,c - quartzite,c - quartzite,,730,730,730,,*McCoy Creek Group equivalent,false,false,
41,42,39,PROT,*Goshute Canyon Fm,"b - sh, slts, qtzt","b - sh, slts, qtzt",,1500,1500,1500,,"phyllitic, micaceous",false,false,
41,43,40,PROT,*Goshute Canyon Fm,a - quartzite,a - quartzite,,200+,200,200,,,false,false,
42,1,1,Q,,"Alluvium, L. Bonneville seds","Alluvium, L. Bonneville seds",,0-200,0,200,,,false,false,
42,2,2,MIO,,"Valley fill: alluvial, lake, & volcanic deposits, some coming from the Topaz- Keg Mtn volcanic areas","Valley fill: alluvial, lake, & volcanic deposits, some coming from the Topaz- Keg Mtn volcanic areas",,0-5000?,0,5000,,younger than 17 m.y.; Basin-Range UNCONFORMITY,false,false,
42,3,2,MIO,,Honeycomb Hills Rhyolite,Honeycomb Hills Rhyolite,,0-500,0,500,,4.65 ± 0.2 m.y. K-Ar,false,false,
42,4,3,O,,Dacite flow,Dacite flow,,0-50,0,50,,30 m.y. ?,false,false,
42,5,4,O,,Skull Rock Pass Cg ?,Skull Rock Pass Conglomerate ?,,0-50,0,50,,33 m.y.; 35 m.y.,false,false,
42,6,5,E,,Kalamazoo Volcanics ?,Kalamazoo Volcanics ?,,0-50,0,50,,,false,false,
42,7,5,DEVONIAN,,Simonson Dolomite,Simonson Dolomite,,1000±,1000,1000,,"dark gray, contains stromatoporoids",false,false,
42,8,6,DEVONIAN,,Sevy Dolomite,Sevy Dolomite,,1000±,1000,1000,,"light gray, finely crystalline unfossiliferous",false,false,
42,9,6,SILUR,Laketown Dolomite,Thursday Mbr,Thursday Member,,160,160,160,,,false,false,
42,10,7,SILUR,Laketown Dolomite,Lost Sheep M,Lost Sheep Member,,180,180,180,,,false,false,
42,11,8,SILUR,Laketown Dolomite,Harrisite Mbr,Harrisite Member,,130,130,130,,,false,false,
42,12,8,SILUR,Laketown Dolomite,Bell Hill Mbr,Bell Hill Member,,530,530,530,,Favosites; Virgiana,false,false,
42,13,9,ORDOVICIAN,Ely Springs Dolomite,Floride Mbr,Floride Member,,120-140,120,140,,,false,false,
42,14,10,ORDOVICIAN,Ely Springs Dolomite,Lower member,Lower member,,140-260,140,260,,,false,false,
42,15,11,ORDOVICIAN,,Eureka Quartzite,Eureka Quartzite,,200-300,200,300,,,false,false,
42,16,11,ORDOVICIAN,,Watson Ranch Qtzt,Watson Ranch Quartzite,,110-150,110,150,,,false,false,
42,17,12,ORDOVICIAN,Pogonip Group,Deadman Spring Dolo,Deadman Spring Dolo,,0-160,0,160,,,false,false,
42,18,13,ORDOVICIAN,Pogonip Group,Kanosh Shale,Kanosh Shale,,0-130,0,130,,Orthambonites,false,false,
42,19,14,ORDOVICIAN,Pogonip Group,Juab Limestone,Juab Limestone,,70-150,70,150,,pliomerid trilobites,false,false,
42,20,15,ORDOVICIAN,Pogonip Group,Wah Wah Limestone,Wah Wah Limestone,,110-270,110,270,,,false,false,
42,21,16,ORDOVICIAN,Pogonip Group,Fillmore Formation,Fillmore Formation,,1100±,1100,1100,,intraformational conglomerates,false,false,
42,22,17,ORDOVICIAN,Pogonip Group,House Limestone,House Limestone,,110-190,110,190,,Symphysurina; algal heads,false,false,
42,23,18,CAMBRIAN,,Notch Peak Formation,Notch Peak Formation,,1000-1250,1000,1250,,,false,false,
42,24,19,CAMBRIAN,Orr Fm,Sneakover Ls Mbr,Sneakover Limestone Member,,80-100,80,100,,,false,false,
42,25,20,CAMBRIAN,Orr Fm,Corset Spring Sh M,Corset Spring Shale Member,,40-60,40,60,,,false,false,
42,26,21,CAMBRIAN,Orr Fm,Johns Wash Mbr,Johns Wash Member,,170-240,170,240,,trilobite coquinas,false,false,
42,27,22,CAMBRIAN,Orr Fm,Candland Shale Mbr,Candland Shale Member,,200-280,200,280,,,false,false,
42,28,23,CAMBRIAN,Orr Fm,Big Horse Limestone Member,Big Horse Limestone Member,,440,440,440,,Crepicephalus,false,false,
42,29,24,CAMBRIAN,,Lamb Dolomite,Lamb Dolomite,,840,840,840,,oncolites,false,false,
42,30,25,CAMBRIAN,Trippe Ls,Fish Springs Mbr,Fish Springs Member,,130-140,130,140,,Eldoradia; boundstone,false,false,
42,31,25,CAMBRIAN,Trippe Ls,Lower member,Lower member,,630,630,630,,,false,false,
42,32,25,CAMBRIAN,,Pierson Cove Formation,Pierson Cove Formation,,1100-1350,1100,1350,,very dark gray,false,false,
42,33,26,CAMBRIAN,,Wheeler Shale,Wheeler Shale,,590,590,590,,Elrathia,false,false,
42,34,26,CAMBRIAN,,Swasey Limestone,Swasey Limestone,,120,120,120,,,false,false,
42,35,27,CAMBRIAN,,Whirlwind Fm,Whirlwind Formation,,160,160,160,,Ehmaniella,false,false,
42,36,27,CAMBRIAN,,Dome Limestone,Dome Limestone,,140,140,140,,Glossopleura,false,false,
42,37,27,CAMBRIAN,,Chisholm Formation,Chisholm Formation,,30,30,30,,,false,false,
42,38,28,CAMBRIAN,,Howell Limestone,Howell Limestone,,500±,500,500,,,false,false,
42,39,29,CAMBRIAN,Pioche Fm,Tatow Member,Tatow Member,,170,170,170,,,false,false,
42,40,29,CAMBRIAN,Pioche Fm,Lower member,Lower member,,420,420,420,,,false,false,
42,41,30,CAMBRIAN,,Prospect Mountain Quartzite,Prospect Mountain Quartzite,,2000+,2000,2000,,pinkish-gray to reddish brown,false,false,
43,1,1,Q,,"Alluvium, L. Bonneville seds","Alluvium, L. Bonneville seds",,0-300,0,300,,"Old River Bed 14,000 y.b.p.",false,false,
43,2,2,MIO,,Valley fill in Dugway Valley,Valley fill in Dugway Valley,,0-1000,0,1000,,subsurface,false,false,
43,3,3,MIO,,Topaz Mtn Rhyolite,Topaz Mtn Rhyolite,,0-600,0,600,,6-8 m.y.; Basin-Range UNCONFORMITY,false,false,
43,4,4,E,,Trachyte,Trachyte,,0-300,0,300,,36 m.y.,false,false,
43,5,5,J,,"Granodiorite, pegmatite, & granite","Granodiorite, pegmatite, & granite",,,,,,149-150 m.y. U-Pb zircon at Granite Peak; 13-17 m.y. argon age is cooling age due to BR uplift,false,false,
43,6,5,P,,Unnamed Lower Permian ls,Unnamed Lower Permian ls,,1200,1200,1200,,"Permian on Devonian in Black Hills, see Hintze 1980c",false,true,
43,7,6,MISS,,Ochre Mountain Limestone,Ochre Mountain Limestone,,700,700,700,,Inflatia,false,false,
43,8,7,MISS,Woodman Formation,Needle Siltstone Member,Needle Siltstone Member,,740,740,740,,Zaphrentis,false,false,
43,9,7,MISS,Woodman Formation,Delle Phosph Mbr,Delle Phosph Member,,50,50,50,,,false,false,
43,10,8,MISS,,Joana Limestone,Joana Limestone,,40-300,40,300,,Cyrtospirifer,false,false,
43,11,9,DEVONIAN,,"Guilmette Formation *Hanauer, Gilson & Goshoot Fms","Guilmette Formation *Hanauer, Gilson & Goshoot Fms",,2200,2200,2200,,upper 280 ft of sandy Guilmette (Hanauer) equivalent to Crystal Pass Fm of SE Nevada; spaghetti stromatoporoids,false,false,
43,12,10,DEVONIAN,,Simonson Dolomite *Englemann Formation,Simonson Dolomite *Englemann Formation,,1080,1080,1080,,stromatoporoids; Stringocephalus,false,false,
43,13,11,DEVONIAN,,Sevy Dolomite,Sevy Dolomite,,1100?,1100,1100,,,false,false,
43,14,12,SIL,Laketown Dolomite,*Thursday Dol,*Thursday Dolomite,,330?,330,330,,Halysites,false,false,
43,15,13,SIL,Laketown Dolomite,*Lost Sheep Dol,*Lost Sheep Dolomite,,270,270,270,,Pentamerus,false,false,
43,16,14,SIL,Laketown Dolomite,*Harrisite Dol,*Harrisite Dolomite,,150,150,150,,,false,false,
43,17,15,SIL,Laketown Dolomite,*Bell Hill Dol,*Bell Hill Dolomite,,340,340,340,,Virgiana,false,false,
43,18,16,ORDOVICIAN,Ely Springs Dolomite,Floride Mbr,Floride Member,,100,100,100,,,false,false,
43,19,17,ORDOVICIAN,Ely Springs Dolomite,Lower mbr,Lower mbr,,230,230,230,,Palaeophyllum,false,false,
43,20,18,ORDOVICIAN,Swan Peak Formation,Quartzite mbr,Quartzite mbr,,205,205,205,,,false,false,
43,21,19,ORDOVICIAN,Swan Peak Formation,Kanosh Sh Mbr,Kanosh Shale Member,,270,270,270,,Orthambonites,false,false,
43,22,20,ORDOVICIAN,Pogonip Group,Wah Wah - Juab,Wah Wah - Juab,,380,380,380,,Lachnostoma,false,false,
43,23,21,ORDOVICIAN,Pogonip Group,Fillmore Fm,Fillmore Formation,,1200,1200,1200,,Protopliomerella,false,false,
43,24,21,ORDOVICIAN,Pogonip Group,House Ls,House Limestone,,150,150,150,,Symphysurina,false,false,
43,25,22,CAMBRIAN,*Dugway Ridge Fm,Notch Peak Fm,Notch Peak Formation,,880,880,880,,Eurekia,false,false,
43,26,22,CAMBRIAN,Orr Fm,Sneakover Mbr,Sneakover Member,,200,200,200,,Eoorthis,false,false,
43,27,23,CAMBRIAN,Orr Fm,Johns W-Corset S,Johns W-Corset S,,80,80,80,,"30 ft green shale; phosphatic, brachiopods",false,false,
43,28,24,CAMBRIAN,Orr Fm,Candland Sh & Big Horse Ls Ms,Candland Shale & Big Horse Limestone Ms,,500,500,500,,Crepicephalus; Tricrepicephalus,false,false,
43,29,25,CAMBRIAN,,Lamb Dolomite,Lamb Dolomite,,890,890,890,,"pinkish sandy limestone; gray, sugary with pisolitic algae",false,false,
43,30,26,CAMBRIAN,Trippe Ls,Fish Spr Mbr,Fish Spr Member,,110,110,110,,Eldoradia,false,false,
43,31,27,CAMBRIAN,Trippe Ls,Lower Mbr,Lower Member,,480,480,480,,white boundstone; Modocia,false,false,
43,32,28,CAMBRIAN,*Fan-dangle Ls,Pierson Cove Fm,Pierson Cove Formation,,1140,1140,1140,,,false,false,
43,33,28,CAMBRIAN,*Trailer Ls,Wheeler Fm,Wheeler Formation,,260,260,260,,Elrathia,false,false,
43,34,29,CAMBRIAN,*Trailer Ls,Swasey Ls,Swasey Limestone,,130,130,130,,,false,false,
43,35,30,CAMBRIAN,*Shad-scale Fm,Whirlwind Dome Chis,Whirlwind Dome Chis,,310,310,310,,Ehmaniella; Glossopleura,false,false,
43,36,31,CAMBRIAN,*Shad-scale Fm,Howell Limestone,Howell Limestone,,200,200,200,,,false,false,
43,37,32,CAMBRIAN,Pioche Fm,Tatow Mbr,Tatow Member,,150,150,150,,,false,false,
43,38,32,CAMBRIAN,Pioche Fm,Lower mbr,Lower mbr,,300,300,300,,,false,false,
43,39,33,CAMBRIAN,,Prospect Mountain Quartzite,Prospect Mountain Quartzite,,5700,5700,5700,,"white, tan, pink",false,false,
43,40,34,NEOPROT,,Mutual ? Formation,Mutual ? Formation,,1600,1600,1600,,purple,false,false,
43,41,35,NEOPROT,,Inkom Formation,Inkom Formation,,600,600,600,,,false,false,
43,42,36,NEOPROT,,Caddy Canyon Quartzite,Caddy Canyon Quartzite,,4200+,4200,4200,,gray,false,false,
44,1,1,Q,,Alluvium-Great Salt Lake seds,Alluvium-Great Salt Lake seds,,0-200,0,200,,,false,false,
44,2,2,M-P,,Salt Lake Formation,Salt Lake Formation,,0-1300,0,1300,,6-11 m.y. silicic ash,false,false,
44,3,3,M-P,,Basalt flows & dikes,Basalt flows & dikes,,0-130,0,130,,13 m.y. K-Ar; Basin-Range UNCONFORMITY,false,false,
44,4,4,EO,,"Andesite flows, breccias, tuff","Andesite flows, breccias, tuff",,0-1800,0,1800,,39-42 m.y. K-Ar,false,false,
44,5,5,EO,,Post-thrusting conglomerate,Post-thrusting conglomerate,,0-400,0,400,,red matrix,false,false,
44,6,6,TRI,,Thaynes Limestone,Thaynes Limestone,,1100,1100,1100,,MAJOR UNCONFORMITY; Meekoceras,false,false,
44,7,7,TRI,,Woodside Shale,Woodside Shale,,200,200,200,,,false,false,
44,8,8,PERMIAN,,Franson Mbr of Park City,Franson Member of Park City,,280,280,280,,,false,false,
44,9,9,PERMIAN,,Meade Peak Tongue of Phosphoria,Meade Peak Tongue of Phosphoria,,230,230,230,,,false,false,
44,10,10,PERMIAN,,Grandeur Mbr of Park City,Grandeur Member of Park City,,500,500,500,,,false,false,
44,11,11,PERMIAN,,Diamond Creek Sandstone,Diamond Creek Sandstone,,350,350,350,,,false,false,
44,12,12,PERMIAN,,Kirkman Limestone,Kirkman Limestone,,400+,400,400,,,false,false,
44,13,13,PERMIAN,Oquirrh Group,Wolfcampian Oquirrh,Wolfcampian Oquirrh,,3000 ±,3000,3000,,Pesudofusulinella; Schwagerina,false,false,
44,14,14,PENNSYLVANIAN,Oquirrh Group,Virgilian & Missourian Oquirrh - Bingham Mine Formation equivalent,Virgilian & Missourian Oquirrh - Bingham Mine Formation equivalent,,8700 ±,8700,8700,,Triticites; Triticites,false,false,
44,15,15,PENNSYLVANIAN,Oquirrh Group,Desmoinesian & Atokan Oquirrh - Butterfield Peaks Formation equivalent,Desmoinesian & Atokan Oquirrh - Butterfield Peaks Formation equivalent,,6000 ±,6000,6000,,Wedekindellina; Fusulinella,false,false,
44,16,16,PENNSYLVANIAN,Oquirrh Group,West Canyon Ls,West Canyon Limestone,,0-840,0,840,,Millerella,false,false,
44,17,17,MISSISSIPPIAN,,Manning Canyon Shale,Manning Canyon Shale,,200-1600,200,1600,,FAULTED CONTACT; Dictyoclostus,false,false,
44,18,18,MISSISSIPPIAN,,Great Blue Limestone,Great Blue Limestone,,980-1300,980,1300,,Ekvasophyllum,false,false,
44,19,19,MISSISSIPPIAN,,Humbug Formation,Humbug Formation,,710-900,710,900,,,false,false,
44,20,19,MISSISSIPPIAN,,Deseret Formation,Deseret Formation,,650-750,650,750,,Siphonodendron; Delle Phosphatic Mbr,false,false,
44,21,20,MISSISSIPPIAN,,Gardison Limestone,Gardison Limestone,,700-1100,700,1100,,,false,false,
44,22,21,MISSISSIPPIAN,,Fitchville Formation,Fitchville Formation,,130-650,130,650,,,false,false,
44,23,22,DEV,,Pinyon Peak Limestone,Pinyon Peak Limestone,,0-215,0,215,,conodonts,false,false,
44,24,23,DEV,,Stansbury Formation,Stansbury Formation,,0-1700,0,1700,,derived from local uplift,false,false,
44,25,24,DEV,,Simonson ? Dolomite,Simonson ? Dolomite,,0-230,0,230,,,false,false,
44,26,25,DEV,,Sevy Dolomite,Sevy Dolomite,,0-80,0,80,,,false,false,
44,27,26,S,,Laketown Dolomite,Laketown Dolomite,,0-660,0,660,,Pentamerus,false,false,
44,28,27,ORD,,Fish Haven Dolomite,Fish Haven Dolomite,,0-260,0,260,,ORDOVICIAN UNCONFORMITY,false,false,
44,29,28,ORD,,Kanosh Shale,Kanosh Shale,,0-270,0,270,,Didymograptus,false,false,
44,30,29,ORD,,Garden City Limestone,Garden City Limestone,,1100-1300,1100,1300,,Phyllograptus; Symphysurina,false,false,
44,31,30,CAMBRIAN,,Ajax Dolomite,Ajax Dolomite,,750-910,750,910,,Notch Peak Fm,false,false,
44,32,31,CAMBRIAN,,Corset Spring Shale,Corset Spring Shale,,20-150,20,150,,Orr Fm; Corset Spring Mbr,false,true,
44,33,32,CAMBRIAN,,Opex Formation,Opex Formation,,450-500,450,500,,Big Horse Mbr,false,false,
44,34,33,CAMBRIAN,,Cole Canyon & Bluebird Dolo,Cole Canyon & Bluebird Dolo,,320-450,320,450,,Lamb Formation,false,false,
44,35,34,CAMBRIAN,,Bowman-Herkimer-Dagmar Fms,Bowman-Herkimer-Dagmar Fms,,100-600,100,600,,Trippe Limestone,false,false,
44,36,35,CAMBRIAN,,Teutonic Limestone,Teutonic Limestone,,800-1100,800,1100,,Marjum Limestone; Wheeler Shale; Swasey Limestone,false,false,
44,37,36,CAMBRIAN,,Ophir Formation,Ophir Formation,,800-1200,800,1200,,Whirlwind Formation; Dome Limestone; Chisholm Formation; Howell Limestone,false,false,
44,38,37,CAMBRIAN,,Pioche Formation,Pioche Formation,,370,370,370,,Pioche Formation,false,false,
44,39,38,CAMBRIAN,,Tintic Quartzite,Tintic Quartzite,,4200,4200,4200,,Prospect Mountain Quartzite,false,false,
45,1,1,Q,,"Alluvium, L. Bonneville seds","Alluvium, L. Bonneville seds",,0-200,0,200,,surficial deposits,false,false,
45,2,2,M-P,,High level alluvium,High level alluvium,,0-500,0,500,,,false,false,
45,3,3,M-P,,"Valley fill - alluvial, lake & volcanic deposits","Valley fill - alluvial, lake & volcanic deposits",,0-2000?,0,2000,,BASIN & RANGE EXTENSION; Basin-Range UNCONFORMITY,false,false,
45,4,4,EO,,Intermediate lavas & tuffs,Intermediate lavas & tuffs,,0-200,0,200,,34.5 m.y. Heavenly Hills area,false,false,
45,5,5,EO,,Skinner Canyon Granite,Skinner Canyon Granite,,intrusion,,,,35 m.y.,false,false,
45,6,6,EO,,Ibapah Granite,Ibapah Granite,,intrusion,,,,39 m.y.,false,false,
45,7,7,K,,Tungstonia Granite,Tungstonia Granite,,intrusion,,,,75 m.y. two-mica granite,false,false,
45,8,7,PERM,,Park City Group,Park City Group,,500,500,500,,,false,false,
45,9,8,PERM,,Arcturus Formation,Arcturus Formation,,2000*,2000,2000,,yellow sandstone and dolomite,false,false,
45,10,9,IP,,Ely Limestone,Ely Limestone,,1200,1200,1200,,"cherty, fossiliferous",false,false,
45,11,10,MISS,,Chainman Shale,Chainman Shale,,1100,1100,1100,,top fossiliferous,false,false,
45,12,10,MISS,,Joana Limestone,Joana Limestone,,340,340,340,,,false,false,
45,13,11,DEVONIAN,,Pilot Shale,Pilot Shale,,260,260,260,,weathers orange,false,false,
45,14,12,DEVONIAN,,Guilmette Formation,Guilmette Formation,,2300,2300,2300,,stromatoporoids,false,false,
45,15,13,DEVONIAN,,Simonson Dolomite,Simonson Dolomite,,700*,700,700,,stromatoporoids,false,false,
45,16,14,DEVONIAN,,Sevy Dolomite,Sevy Dolomite,,800*-1100,800,1100,,light-gray,false,false,
45,17,15,S,,Laketown Dolomite,Laketown Dolomite,,800,800,800,,,false,false,
45,18,16,ORDOVICIAN,,Ely Spring Dolomite,Ely Spring Dolomite,,250*-400,250,400,,,false,false,
45,19,17,ORDOVICIAN,,Eureka Quartzite,Eureka Quartzite,,200*-325,200,325,,,false,false,
45,20,18,ORDOVICIAN,,Crystal Peak Dolomite,Crystal Peak Dolomite,,30*-120,30,120,,,false,false,
45,21,19,ORDOVICIAN,,Watson Ranch Qtzt,Watson Ranch Quartzite,,30*-150,30,150,,,false,false,
45,22,19,ORDOVICIAN,Pogonip Group,Lehman Fm,Lehman Formation,,180*-300,180,300,,Orthambonites,false,false,
45,23,19,ORDOVICIAN,Pogonip Group,Kanosh Shale,Kanosh Shale,,300*-500,300,500,,,false,false,
45,24,19,ORDOVICIAN,Pogonip Group,Lower Pogonip undivided,Lower Pogonip undivided,,1800-2000,1800,2000,,,false,false,
45,25,20,CAMBRIAN,,Notch Peak Formation,Notch Peak Formation,,310*,310,310,,,false,false,
45,26,21,CAMBRIAN,,Corset Spring Sh,Corset Spring Shale,,40,40,40,,,false,false,
45,27,21,CAMBRIAN,,Orr Formation,Orr Formation,,100*-600,100,600,,,false,false,
45,28,22,CAMBRIAN,,Lamb Dolomite,Lamb Dolomite,,1000,1000,1000,,,false,false,
45,29,23,CAMBRIAN,,Trippe Limestone,Trippe Limestone,,0*-600,0,600,,Names of Cambrian carbonate units are perhaps inappropriate here,false,true,
45,30,24,CAMBRIAN,,Young Peak Dolomite,Young Peak Dolomite,,00,0,0,,,false,false,
45,31,24,CAMBRIAN,,Abercrombie Formation,Abercrombie Formation,,2500,2500,2500,,,false,false,
45,32,25,CAMBRIAN,Pioche Fm,Busby Qtzt Mbr,Busby Quartzite Member,,500,500,500,,,false,false,
45,33,26,CAMBRIAN,Pioche Fm,Cabin Sh Mbr,Cabin Shale Member,,500,500,500,,phyllitic,false,false,
45,34,27,CAMBRIAN,,Prospect Mountain Quartzite,Prospect Mountain Quartzite,,3300,3300,3300,,,false,false,
45,35,28,NEOPROTEROZOIC,McCoy Creek Group,"G phyllite, metasiltstone","G phyllite, metasiltstone",,300,300,300,,,false,false,
45,36,28,NEOPROTEROZOIC,McCoy Creek Group,F feldspathic quartzite,F feldspathic quartzite,,1200,1200,1200,,"see Farmer & Ball, 1997 for sources of these clastic sedimentary rocks",false,true,
45,37,28,NEOPROTEROZOIC,McCoy Creek Group,E phyllite & quartzite,E phyllite & quartzite,,1500,1500,1500,,,false,false,
45,38,29,NEOPROTEROZOIC,McCoy Creek Group,D feldspathic quartzite,D feldspathic quartzite,,1100,1100,1100,,,false,false,
45,39,29,NEOPROTEROZOIC,McCoy Creek Group,C micaceous quartzite,C micaceous quartzite,,1500,1500,1500,,,false,false,
45,40,30,NEOPROTEROZOIC,McCoy Creek Group,B pelitic schist,B pelitic schist,,2000,2000,2000,,FAULTED CONTACT,false,false,
45,41,31,NEOPROTEROZOIC,Trout Creek Group,7 feldspathic qtzt,7 feldspathic qtzt,,4500,4500,4500,,,false,false,
45,42,31,NEOPROTEROZOIC,Trout Creek Group,"6 metasiltstn, micaceous qtzt, & pelitic schist","6 metasiltstn, micaceous qtzt, & pelitic schist",,4000,4000,4000,,,false,false,
45,43,31,NEOPROTEROZOIC,Trout Creek Group,"5 metadiamictite, cg, qtzt","5 metadiamictite, cg, qtzt",,1200,1200,1200,,,false,false,
45,44,31,NEOPROTEROZOIC,Trout Creek Group,4 micaceous quartzite,4 micaceous quartzite,,600,600,600,,,false,false,
45,45,31,NEOPROTEROZOIC,Trout Creek Group,"3 metasiltstone, qtzt, cg","3 metasiltstone, qtzt, cg",,1000,1000,1000,,,false,false,
45,46,31,NEOPROTEROZOIC,Trout Creek Group,2 marble,2 marble,,160,160,160,,diamictites,false,false,
45,47,31,NEOPROTEROZOIC,Trout Creek Group,1 pelitic schist,1 pelitic schist,,140,140,140,,,false,false,
46,1,1,Q,,"Alluvial, eolian, & L. Bonneville seds","Alluvial, eolian, & L. Bonneville seds",,0-100,0,100,,Snake Valley surficial deposits,false,false,
46,2,2,MIO-P,,Buried valley-fill in Spring Valley,Buried valley-fill in Spring Valley,,0-9000,0,9000,,"upper three-quarters mostly conglomerate, fresh-water limestone, siltstone and sandstone; basal quarter mostly volcanogenic; these deposits are partly equivalent to the Sacramento Pass sequence listed below; Thickness of unconsolidated basin fill in Snake Valley is as much as 12,000 feet in places in the valley center. See Kirby & Hurlow (2005).",false,false,
46,3,4,OLIGOCENE,Sacramento Pass sequence,Younger conglomerate,Younger conglomerate,,5000,5000,5000,,"large landslide masses of semi-coherent Ordovician & Silurian strata occur within the Sacramento Pass sequence; similar detached blocks are found within the 35 m.y. old Tunnel Spring tuff at Crystal Peak (Utah Geological Survey Map 182, Hintze & Davis, 2002)",false,false,
46,4,5,OLIGOCENE,Sacramento Pass sequence,Lacustrine & ash-flow tuff deposits,Lacustrine & ash-flow tuff deposits,,1000-2800,1000,2800,,32.5 m.y.,false,false,
46,5,6,OLIGOCENE,,Rhyolitic ash-flow tuff,Rhyolitic ash-flow tuff,,0-300,0,300,,,false,false,
46,6,7,OLIGOCENE,,Rhyolite porphyry dikes & sills,Rhyolite porphyry dikes & sills,,,,,,33.9 m.y.,false,false,
46,7,8,LATE EOCENE,,Older conglomerate,Older conglomerate,,130,130,130,,,false,false,
46,8,9,LATE EOCENE,,Latite flows,Latite flows,,0-500,0,500,,35 m.y.,false,false,
46,9,10,LATE EOCENE,,Young Canyon - Kious Basin pluton,Young Canyon - Kious Basin pluton,,,,,,36 m.y.,false,false,
46,10,10,K,,Pole Canyon Granite,Pole Canyon Granite,,,,,,"79 m.y., two-mica granite",false,false,
46,11,10,JUR,,"Old Man pluton granite, diorite, tonalite","Old Man pluton granite, diorite, tonalite",,,,,,155 m.y.,false,false,
46,12,11,JUR,,Strawberry Creek Granite,Strawberry Creek Granite,,,,,,"160 m.y. Miller et al., 1994",false,false,
46,13,11,,,"The Snake Range decollement is present only over the metamorphic core-complex dome north of Sacramento Pass; Paleozoic strata above this detachment surface have slid eastward off the roof of the core complex and in doing so have been pervasively broken up along extensional normal faults, but have not been metamorphosed","The Snake Range decollement is present only over the metamorphic core-complex dome north of Sacramento Pass; Paleozoic strata above this detachment surface have slid eastward off the roof of the core complex and in doing so have been pervasively broken up along extensional normal faults, but have not been metamorphosed",,,,,,,true,false,
46,14,12,P,,Arcturus Formation,Arcturus Formation,,1000,1000,1000,,these thicknesses of the Paleozoic formations are representative regional figures; strata above the Snake Range decollement are so much broken into small fault blocks that detailed thickness measurments have not been obtained; these strata are not metamorphosed,false,true,
46,15,13,IP,,Ely Limestone,Ely Limestone,,2000,2000,2000,,,false,false,
46,16,14,MISS,,Chainman Shale,Chainman Shale,,1000,1000,1000,,,false,false,
46,17,15,MISS,,Joana Limestone,Joana Limestone,,400,400,400,,,false,false,
46,18,16,DEVONIAN,,Pilot Shale,Pilot Shale,,500,500,500,,,false,false,
46,19,17,DEVONIAN,,Guilmette Formation,Guilmette Formation,,2500,2500,2500,,,false,false,
46,20,18,DEVONIAN,,Simonson Dolomite,Simonson Dolomite,,600,600,600,,,false,false,
46,21,19,DEVONIAN,,Sevy Dolomite,Sevy Dolomite,,800,800,800,,,false,false,
46,22,20,S,,"Laketown and Ely Springs Dolomites, undivided","Laketown and Ely Springs Dolomites, undivided",,1700,1700,1700,,,false,false,
46,23,21,ORD,,Eureka Quartzite,Eureka Quartzite,,400,400,400,,,false,false,
46,24,22,ORD,,"Pogonip Group, undifferentiated","Pogonip Group, undifferentiated",,1600,1600,1600,,foliated Pogonip marble is the youngest metamorphosed rock beneath the Snake Range decollement,false,true,
46,25,23,CAMBRIAN,,Notch Peak Limestone,Notch Peak Limestone,,1800,1800,1800,,,false,false,
46,26,24,CAMBRIAN,,"""Dunderberg"" Shale (schist)","""Dunderberg"" Shale (schist)",,300,300,300,,,false,false,
46,27,24,CAMBRIAN,,Corset Spring Sh Johns Wash Ls Candland Shale,Corset Spring Shale Johns Wash Limestone Candland Shale,,300,300,300,,,false,false,
46,28,24,CAMBRIAN,,Raiff Ls (marble),Raiff Limestone (marble),,650,650,650,,"Raiff, Monte Neva, & Eldorado formations are beneath the Snake Range decollement",false,true,
46,29,24,CAMBRIAN,,Lincoln Peak Fm,Lincoln Peak Formation,,650,650,650,,,false,false,
46,30,25,CAMBRIAN,,Monte Neva Fm (schist),Monte Neva Formation (schist),,800,800,800,,,false,false,
46,31,25,CAMBRIAN,,Eldorado Ls (foliated marble),Eldorado Limestone (foliated marble),,800,800,800,,,false,false,
46,32,25,CAMBRIAN,,Pole Cny Limestone,Pole Cny Limestone,,800,800,800,,,false,false,
46,33,26,CAMBRIAN,,Pioche Shale,Pioche Shale,,200,200,200,,,false,false,
46,34,27,CAMBRIAN,,Prospect Mountain Quartzite,Prospect Mountain Quartzite,,4000,4000,4000,,"this is the thickness on Wheeler Peak, south of the north Snake Range metamorphic core complex",false,false,
46,35,28,NEO-PROTEROZOIC,McCoy Creek Group,Osceola Argillite,Osceola Argillite,,up to 800,800,800,,,false,false,
46,36,29,NEO-PROTEROZOIC,McCoy Creek Group,"Unit 1, brown qtzt","Unit 1, brown qtzt",,500,500,500,,McCoy Creek units under the Snake Range decollement north of Sacramento Pass have all been tectonically thinned; see the southern Deep Creek column for normal thicknesses,false,true,
46,37,30,NEO-PROTEROZOIC,McCoy Creek Group,"Unit 2, qtzt & schist","Unit 2, qtzt & schist",,1000,1000,1000,,,false,false,
46,38,31,NEO-PROTEROZOIC,McCoy Creek Group,"Unit 3, white qtzt","Unit 3, white qtzt",,800,800,800,,,false,false,
46,39,32,NEO-PROTEROZOIC,McCoy Creek Group,"Unit 4, schist & qtzt","Unit 4, schist & qtzt",,300,300,300,,,false,false,
46,40,33,NEO-PROTEROZOIC,McCoy Creek Group,"Unit 5, schist & qtzt","Unit 5, schist & qtzt",,300,300,300,,,false,false,
47,1,1,Q,,"Alluvial, dune, & playa deposits","Alluvial, dune, & playa deposits",,0-100,0,100,,"alluvial, lacustrine eolian",false,false,
47,2,2,MP,,Old alluvial deposits,Old alluvial deposits,,0-300,0,300,,terrace deposits,false,false,
47,3,3,MP,,Older alluvial deposits,Older alluvial deposits,,0-200,0,200,,subsurface valley-fill; Basin-Range UNCONFORMITY,false,false,
47,4,4,OLIG,Needles Range Group,Wah Wah Springs Tuff,Wah Wah Springs Tuff,,50-200,50,200,,30.1 m.y. Ar/Ar crystal rich tuff,false,false,
47,5,5,OLIG,Needles Range Group,Cottonwood Wash Tuff,Cottonwood Wash Tuff,,130-200,130,200,,31.1 m.y. Ar/Ar large biotite,false,false,
47,6,6,OLIG,,Windous Butte Tuff,Windous Butte Tuff,,0-95,0,95,,31.4 m.y. Ar/Ar,false,false,
47,7,7,OLIG,,Skull Rock Pass Conglomerate,Skull Rock Pass Conglomerate,,0-350,0,350,,Eureka Qtzt; boulders common,false,false,
47,8,8,E,,Tunnel Spring Tuff,Tunnel Spring Tuff,,30-1000+,30,1000,,35.3 m.y. Ar/Ar quartz crystals,false,false,
47,9,9,K,,Diabase - small intrusive plug,Diabase - small intrusive plug,,30 ft across,30,30,,141 m.y.,false,false,
47,10,10,PERMIAN,,Arcturus Formation,Arcturus Formation,,2500,2500,2500,,"MAJOR UNCONFORMITY; orange silty & sandy dolomite, some gypsum; cyclic deposition",false,false,
47,11,11,PERMIAN,Mormon Gap Fm,Cherty dolomite & Limestone mbr,Cherty dolomite & Limestone mbr,,430,430,430,,"Formation of Mormon Gap of Robinson, 2000; Ritter, 2007",false,false,
47,12,12,PENN,Ely Limestone,Cherty limestone member,Cherty limestone member,,2000,2000,2000,,"Chaetetes; bryozoans, brachiopods, corals",false,false,
47,13,13,PENN,Ely Limestone,Chertless member,Chertless member,,200,200,200,,Zellerina,false,false,
47,14,14,MISSISSIPPIAN,Chainman Formation,Jensen member,Jensen member,,430-600,430,600,,"very fossiliferous, crinoid stems, brachiopods, corals",false,false,
47,15,15,MISSISSIPPIAN,Chainman Formation,Willow Gap Ls Mbr,Willow Gap Limestone Member,,0-300,0,300,,,false,false,
47,16,16,MISSISSIPPIAN,Chainman Formation,Camp Canyon member,Camp Canyon member,,900-1300,900,1300,,black shale near base,false,false,
47,17,16,MISSISSIPPIAN,Chainman Formation,Skunk Spring Ls Mbr,Skunk Spring Limestone Member,,0-6,0,6,,,false,false,
47,18,17,MISSISSIPPIAN,Chainman Formation,Needle Siltstone Mbr,Needle Siltstone Member,,130-320,130,320,,,false,false,
47,19,18,MISSISSIPPIAN,Chainman Formation,Delle Phosphatic Mbr,Delle Phosphatic Member,,60-80,60,80,,,false,false,
47,20,19,MISSISSIPPIAN,,Joana Limestone,Joana Limestone,,540,540,540,,fossils common; some cherty beds,false,false,
47,21,20,DEVONIAN,,Pilot Shale,Pilot Shale,,500,500,500,,Leatham equivalent,false,false,
47,22,21,DEVONIAN,,West Range Limestone,West Range Limestone,,580,580,580,,conodonts & brachiopods common,false,false,
47,23,22,DEVONIAN,,Sandstone beds,Sandstone beds,,200,200,200,,weathers brown,false,false,
47,24,23,DEVONIAN,,Guilmette Formation,Guilmette Formation,,2000,2000,2000,,stromatoporoids abundant in some beds,false,false,
47,25,24,DEVONIAN,,Fox Mountain Fm,Fox Mountain Formation,,650,650,650,,evaporite-solution breccia,false,false,
47,26,25,DEVONIAN,,Simonson Dolomite,Simonson Dolomite,,550-600,550,600,,dark-gray,false,false,
47,27,26,DEVONIAN,,Sevy Dolomite,Sevy Dolomite,,1100-1300,1100,1300,,light gray; forms slopes,false,false,
47,28,27,SIL,,Laketown Dolomite,Laketown Dolomite,,1200,1200,1200,,banded light- and dark-gray; fossil horn corals,false,false,
47,29,28,SIL,,Ely Springs Dolomite,Ely Springs Dolomite,,400,400,400,,dark-gray,false,false,
47,30,29,ORDOVICIAN,,Eureka Quartzite,Eureka Quartzite,,470-600,470,600,,yellowish-gray; pock-mark cavities,false,false,
47,31,30,ORDOVICIAN,,Crystal Peak Dolomite,Crystal Peak Dolomite,,160,160,160,,Eofletcheria (coral bed),false,false,
47,32,30,ORDOVICIAN,,Watson Ranch Quartzite,Watson Ranch Quartzite,,190,190,190,,orange cliffs,false,false,
47,33,31,ORDOVICIAN,Pogonip Group,Lehman Formation,Lehman Formation,,275,275,275,,"Pogonip Group rocks contain many kinds of small marine fossils, including trilobites and brachiopods",false,true,
47,34,32,ORDOVICIAN,Pogonip Group,Kanosh Shale,Kanosh Shale,,400,400,400,,,false,false,
47,35,33,ORDOVICIAN,Pogonip Group,Juab Limestone,Juab Limestone,,150,150,150,,,false,false,
47,36,34,ORDOVICIAN,Pogonip Group,Wah Wah Limestone,Wah Wah Limestone,,200,200,200,,,false,false,
47,37,35,ORDOVICIAN,Pogonip Group,Fillmore Formation,Fillmore Formation,,1400,1400,1400,,"intraformational conglomerate; American Quasar Antelope Valley; 1981; 36-23S-18W; TD - 9,633 feet; rock units in this well are repeated by thrusting",false,true,
47,38,36,ORDOVICIAN,Pogonip Group,House Limestone,House Limestone,,500,500,500,,,false,false,
47,39,37,Є,,Notch Peak Formation,Notch Peak Formation,,1800,1800,1800,,,false,false,
48,1,1,Q,,"Alluvium, L. Bonneville seds","Alluvium, L. Bonneville seds",,0-200,0,200,,,false,false,
48,2,2,M-P,,Valley fill,Valley fill,,0-1000,0,1000,,"concealed, may include volcanics",false,false,
48,3,3,M-P,,Rhyolite of Honeycomb Hills,Rhyolite of Honeycomb Hills,,0-100,0,100,,4.65 ± m.y. K-Ar,false,false,
48,4,4,M-P,,Basalt of Honeycomb Hills,Basalt of Honeycomb Hills,,0-200,0,200,,6 m.y.,false,false,
48,5,5,OLIG,,Post-Needles Range Cgl,Post-Needles Range Cgl,,0-600,0,600,,Basin-Range UNCONFORMITY,false,false,
48,6,6,OLIG,Needles Range Gp,Wah Wah Springs T,Wah Wah Springs Tuff,,0-300,0,300,,30.1 m.y. Ar/Ar plagioclase,false,false,
48,7,7,OLIG,Needles Range Gp,Cottonwood Wash T,Cottonwood Wash Tuff,,0-300,0,300,,31.1 m.y. Ar/Ar plagioclase,false,false,
48,8,8,OLIG,,Skull Rock Pass Cgl,Skull Rock Pass Cgl,,0-300,0,300,,Eureka boulders,false,false,
48,9,9,E,,Tunnel Spring Tuff,Tunnel Spring Tuff,,0-1000,0,1000,,35.3 m.y. Ar/Ar sanidine,false,false,
48,10,10,TRIAS,,Thaynes Formation,Thaynes Formation,,1000-1900,1000,1900,,"Neognathodus; Parachirognathus; Neospathodus; Hindeodus; platy siltstone, thin limestones",false,false,
48,11,11,PERMIAN,,Gerster Limestone,Gerster Limestone,,800-1100,800,1100,,siliceous nodules; Punctospirifer,false,false,
48,12,12,PERMIAN,,Plympton Formation,Plympton Formation,,550-700,550,700,,some gypsum,false,false,
48,13,13,PERMIAN,,Kaibab Limestone,Kaibab Limestone,,500-600,500,600,,chert nodules,false,false,
48,14,14,PERMIAN,,Arcturus Formation,Arcturus Formation,,3000±,3000,3000,,yellow sandstone; gypsum; limy dolomite,false,false,
48,15,15,P,,Ely Limestone,Ely Limestone,,1800-2000,1800,2000,,cyclic detrital limestone; chert and fossils abundant,false,false,
48,16,16,MISS,Chainman Shale,Jensen Member,Jensen Member,,190,190,190,,very fossiliferous,false,false,
48,17,17,MISS,Chainman Shale,Willow Gap Ls M,Willow Gap Limestone Member,,340,340,340,,"see Sandberg et al., 1980, for paleoenvironments",false,true,
48,18,18,MISS,Chainman Shale,Camp Canyon Member,Camp Canyon Member,,1050,1050,1050,,Goniatites,false,false,
48,19,19,MISS,Chainman Shale,Skunk Sp Ls M,Skunk Sp Limestone Member,,0-15,0,15,,,false,false,
48,20,19,MISS,Chainman Shale,Needle Siltstone M,Needle Siltstone Member,,0-170,0,170,,Delle Phos Mbr 15' at base,false,false,
48,21,20,MISS,,Joana Limestone,Joana Limestone,,0-300,0,300,,thins to north,false,false,
48,22,21,DEVONIAN,,Pilot Shale,Pilot Shale,,700-1090,700,1090,,"see Sandberg et al., 1980, for conodont zones and members",false,false,
48,23,22,DEVONIAN,,Guilmette Formation,Guilmette Formation,,2000,2000,2000,,"""spaghetti""and ""cauliflower"" stromatoporoids",false,false,
48,24,23,DEVONIAN,,Fox Mountain Fm,Fox Mountain Formation,,650,650,650,,"Sandberg et al., 1997; solution breccia",false,false,
48,25,24,DEVONIAN,,Simonson Dolomite,Simonson Dolomite,,540-700,540,700,,dark dolomite with relicts of fossils,false,false,
48,26,25,DEVONIAN,,Sevy Dolomite,Sevy Dolomite,,1100-1300,1100,1300,,barren light gray dolomite with floating quartz sand grains,false,false,
48,27,26,SIL,,Laketown Dolomite,Laketown Dolomite,,1000-1200,1000,1200,,"silicified corals, brachiopods at top; dasycladacean algae; Jinonicella; Pentamerus",false,false,
48,28,27,ORDOVICIAN,,Ely Springs Dolomite,Ely Springs Dolomite,,450-600,450,600,,Streptelasma,false,false,
48,29,28,ORDOVICIAN,,Eureka Quartzite,Eureka Quartzite,,450-540,450,540,,,false,false,
48,30,29,ORDOVICIAN,,Crystal Peak Dolomite,Crystal Peak Dolomite,,90,90,90,,Eofletcheria,false,false,
48,31,30,ORDOVICIAN,,Watson Ranch Quartzite,Watson Ranch Quartzite,,175-250,175,250,,,false,false,
48,32,30,ORDOVICIAN,Pogonip Group,Lehman Formation,Lehman Formation,,170-210,170,210,,ostracodes,false,false,
48,33,31,ORDOVICIAN,Pogonip Group,Kanosh Shale,Kanosh Shale,,500-560,500,560,,Orthambonites,false,false,
48,34,32,ORDOVICIAN,Pogonip Group,Juab Limestone,Juab Limestone,,160,160,160,,,false,false,
48,35,33,ORDOVICIAN,Pogonip Group,Wah Wah Limestone,Wah Wah Limestone,,250,250,250,,Pseudocybele,false,false,
48,36,34,ORDOVICIAN,Pogonip Group,Fillmore Formation,Fillmore Formation,,1800,1800,1800,,Presbynileus; Trigonocerca; Leiostegium,false,false,
48,37,35,ORDOVICIAN,Pogonip Group,House Limestone,House Limestone,,420-500,420,500,,Symphysurina,false,false,
48,38,36,CAMB,Notch Peak Fm,Lava Dam Mbr,Lava Dam Member,,320,320,320,,Missisquoia,false,false,
48,39,37,CAMB,Notch Peak Fm,Red Tops Member,Red Tops Member,,120-130,120,130,,Saukiella,false,false,
48,40,38,CAMB,Notch Peak Fm,Hellnmaria Mbr,Hellnmaria Member,,1000-13000,1000,13000,,stromatolites; Matthevia,false,false,
49,1,1,Q,,Alluvium & colluvium,Alluvium & colluvium,,0-100,0,100,,sand dunes locally,false,false,
49,2,2,P,,Tuffaceous sandstone & gravel,Tuffaceous sandstone & gravel,,0-200,0,200,,exposed in patches,false,false,
49,3,3,OLIG,,Older conglomerate,Older conglomerate,,0-600,0,600,,,false,false,
49,4,4,OLIG,Needles Range Group,Wah Wah Springs Tuff,Wah Wah Springs Tuff,,200-300,200,300,,Basin-Range UNCONFORMITY; 30.1 m.y. crystal rich,false,false,
49,5,5,OLIG,Needles Range Group,Basaltic andesite,Basaltic andesite,,0-250,0,250,,local flow,false,false,
49,6,6,EOC,Needles Range Group,Cottonwood Wash Tuff,Cottonwood Wash Tuff,,220-300,220,300,,"31.1 m.y. crystal rich, large biotite",false,false,
49,7,7,EOC,,Skull Rock Pass Conglomerate,Skull Rock Pass Conglomerate,,200-300,200,300,,,false,false,
49,8,8,EOC,,Tunnel Spring Tuff,Tunnel Spring Tuff,,0-1000,0,1000,,35.3 m.y. abundant small doubly terminated quartz crystals,false,false,
49,9,9,,,MAJOR ANGULAR UNCONFORMITY TILTED STRATA BELOW OVERLAIN BY HORIZONTAL TERTIARY ROCKS ABOVE,MAJOR ANGULAR UNCONFORMITY TILTED STRATA BELOW OVERLAIN BY HORIZONTAL TERTIARY ROCKS ABOVE,,,,,,,true,false,
49,10,10,DEVONIAN,,Guilmette Formation,Guilmette Formation,,1950,1950,1950,,brachiopods near top; spaghetti & spherical stromatoporoids common,false,false,
49,11,11,DEVONIAN,,Fox Mountain Fm,Fox Mountain Formation,,600,600,600,,"solution breccia; Sandberg et al., 1997",false,false,
49,12,12,DEVONIAN,,Simonson Dolomite,Simonson Dolomite,,700,700,700,,dark dolomite with poorly preserved fossil relicts,false,false,
49,13,13,DEVONIAN,,Sevy Dolomite,Sevy Dolomite,,1300,1300,1300,,barren light-gray dolomite with floating quartz sand grains & beds near top,false,false,
49,14,14,SIL,,Laketown Dolomite,Laketown Dolomite,,1000,1000,1000,,banded dark & light-gray silicified corals & brachiopods near top,false,false,
49,15,15,ORDOVICIAN,,Ely Springs Dolomite,Ely Springs Dolomite,,600,600,600,,"see Harris & Sheehan, 1996; dark-gray, cherty",false,false,
49,16,16,ORDOVICIAN,,Eureka Quartzite,Eureka Quartzite,,540,540,540,,"light-gray, characterized by dime-sized pock mark cavities",false,false,
49,17,17,ORDOVICIAN,,Crystal Peak Dolomite,Crystal Peak Dolomite,,85,85,85,,Eofletcherria (early coral),false,false,
49,18,18,ORDOVICIAN,,Watson Ranch Quartzite,Watson Ranch Quartzite,,250,250,250,,,false,false,
49,19,18,ORDOVICIAN,Pogonip Group,Lehman Formation,Lehman Formation,,210,210,210,,bean-sized ostracods abundant,false,false,
49,20,19,ORDOVICIAN,Pogonip Group,Kanosh Shale,Kanosh Shale,,560,560,560,,coquinas of orthid brachiopods; palynomorphs,false,false,
49,21,20,ORDOVICIAN,Pogonip Group,Juab Limestone,Juab Limestone,,160,160,160,,,false,false,
49,22,21,ORDOVICIAN,Pogonip Group,Wah Wah Limestone,Wah Wah Limestone,,250,250,250,,silicified trilobite heads and tails of many kinds,false,false,
49,23,22,ORDOVICIAN,Pogonip Group,Fillmore Formation,Fillmore Formation,,1800,1800,1800,,interformational conglomerate interbedded with pale olive shale beds that contain graptolites,false,false,
49,24,23,ORDOVICIAN,Pogonip Group,House Limestone,House Limestone,,500,500,500,,"see J.F. Miller et al., 2001, for members of the House Limestone and Notch Peak Formation",false,true,
49,25,24,CAMBRIAN,Notch Peak Formation,Lava Dam Member,Lava Dam Member,,320,320,320,,conodonts & trilobites,false,false,
49,26,25,CAMBRIAN,Notch Peak Formation,Red Tops Member,Red Tops Member,,125,125,125,,,false,false,
49,27,26,CAMBRIAN,Notch Peak Formation,Hellnmaria Member,Hellnmaria Member,,1200,1200,1200,,large algal stromatolites common near top,false,false,
49,28,27,CAMBRIAN,Orr Formation,Sneakover Ls Member,Sneakover Limestone Member,,150,150,150,,,false,false,
49,29,28,CAMBRIAN,Orr Formation,Steamboat Pass Shale Member,Steamboat Pass Shale Member,,265,265,265,,abundant trilobite fragments,false,false,
49,30,29,CAMBRIAN,Orr Formation,Big Horse Limestone Member,Big Horse Limestone Member,,680,680,680,,,false,false,
49,31,30,CAMBRIAN,Wah Wah Summit Formation,White marker member,White marker member,,170,170,170,,laminated dolomite,false,false,
49,32,31,CAMBRIAN,Wah Wah Summit Formation,Ledgy member,Ledgy member,,550,550,550,,,false,false,
49,33,32,CAMBRIAN,Trippe Limestone,Fish Springs Mbr,Fish Springs Member,,135,135,135,,Eldoradia (trilobite),false,false,
49,34,33,CAMBRIAN,Trippe Limestone,Lower member,Lower member,,510,510,510,,many interbeds of white laminated dolomite,false,false,
49,35,33,CAMBRIAN,,Pierson Cove Formation,Pierson Cove Formation,,1200,1200,1200,,dark-gray,false,false,
49,36,34,CAMBRIAN,,Older Cambrian strata are exposed in the Wah Wah Mountains to the south,Older Cambrian strata are exposed in the Wah Wah Mountains to the south,,,,,,,true,false,
50,1,1,Q,,"Alluvian, eolian, and Lake Bonneville deposits","Alluvian, eolian, and Lake Bonneville deposits",,0-260,0,260,,,false,false,
50,2,2,M-P,,Tule Valley 1500' drill hole showed 800' of lake marls above alluvial sand and gravel,Tule Valley 1500' drill hole showed 800' of lake marls above alluvial sand and gravel,,up to 2000,2000,2000,,Basin & Range valley-fill,false,false,
50,3,2,M-P,,Whirlwind Valley tilted beds of conglomerate & tuffaceous sandstone exposed,Whirlwind Valley tilted beds of conglomerate & tuffaceous sandstone exposed,,1000+,1000,1000,,,false,false,
50,4,3,OLIGO,,Wah Wah Springs Tuff,Wah Wah Springs Tuff,,0-60,0,60,,Basin-Range UNCONFORMITY; 30.1 m.y. crystal rich,false,false,
50,5,4,OLIGO,,Skull Rock Pass Conglomerate,Skull Rock Pass Conglomerate,,0-200,0,200,,,false,false,
50,6,5,OLIGO,,Lacustrine limestone & breccia,Lacustrine limestone & breccia,,0-230,0,230,,fossil leaves,false,false,
50,7,6,OLIGO,,Windous Butte Tuff,Windous Butte Tuff,,20,20,20,,31.4 m.y. Ar/Ar,false,false,
50,8,7,EO,,Tunnel Spring Tuff,Tunnel Spring Tuff,,0-50,0,50,,35.3 m.y. quartz crystals,false,false,
50,9,8,EO,,Rhyodacite dikes,Rhyodacite dikes,,10,10,10,,"see Chidsey, 1978",false,false,
50,10,10,K,,Breccia along SE tear faults,Breccia along SE tear faults,,0-30,0,30,,"see Hintze, 1981b",false,false,
50,11,12,J,,Notch Peak quartz monzonite stock,Notch Peak quartz monzonite stock,,,,,,156 m.y. dikes; 160 m.y. sills; 170 m.y. stock,false,true,
50,12,14,ORD,Pogonip Group,House Limestone,House Limestone,,500,500,500,,Hystricurus*; Symphysurina*,false,false,
50,13,15,LATE CAMBRIAN,Notch Peak Fm,Lava Dam Member,Lava Dam Member,,380,380,380,,stromatolites; conodonts; Missisquoia*,false,false,
50,14,16,LATE CAMBRIAN,Notch Peak Fm,Red Tops Member,Red Tops Member,,110,110,110,,Saukiella*,false,false,
50,15,17,LATE CAMBRIAN,Notch Peak Fm,Hellnmaria Member,Hellnmaria Member,,1200,1200,1200,,stromatolites; Matthevia (snail); Idahoia*,false,false,
50,16,18,LATE CAMBRIAN,Orr Fm,Sneakover Ls Mbr,Sneakover Limestone Member,,110-155,110,155,,Taenicephalus*,false,false,
50,17,19,LATE CAMBRIAN,Orr Fm,Corset Spring Sh Mbr,Corset Spring Shale Member,,100-110,100,110,,Elvinia*,false,false,
50,18,20,LATE CAMBRIAN,Orr Fm,Johns Wash Mbr,Johns Wash Member,,140-200,140,200,,,false,false,
50,19,21,LATE CAMBRIAN,Orr Fm,Candland Shale Mbr,Candland Shale Member,,210-270,210,270,,Dunderbergia*,false,false,
50,20,22,LATE CAMBRIAN,Orr Fm,Big Horse Limestone Member,Big Horse Limestone Member,,720,720,720,,Aphelaspis*; Crepicephalus*; bioclastic ls; Cedaria*,false,false,
50,21,23,LATE CAMBRIAN,,Weeks Fm (found only in central House R. 1200'),Weeks Formation (found only in central House R. 1200'),,,,,,,false,true,
50,22,23,LATE CAMBRIAN,,Lamb Dolomite,Lamb Dolomite,,450,450,450,,,false,false,
50,23,24,MIDDLE CAMBRIAN,Trippe Ls,Upper Mbr,Upper Member,,320,320,320,,thin white laminated; boundstone beds common,false,true,
50,24,25,MIDDLE CAMBRIAN,Trippe Ls,Lower Member,Lower Member,,520,520,520,,Lejopyge*,false,false,
50,25,25,MIDDLE CAMBRIAN,,"Marjum Formation of central House Range 1360-1410' shaly, with many fossils","Marjum Formation of central House Range 1360-1410' shaly, with many fossils",,1200-1410,1200,1410,,very dark gray,false,false,
50,26,25,MIDDLE CAMBRIAN,,Pierson Cove Formation east of Swasey Peak 1200' few fossils,Pierson Cove Formation east of Swasey Peak 1200' few fossils,,1200-1410,1200,1410,,,false,false,
50,27,26,MIDDLE CAMBRIAN,,Wheeler Shale,Wheeler Shale,,420-490,420,490,,Marjumia*; Bolaspidella*; Asaphiscus*; Elrathia*,false,false,
50,28,27,MIDDLE CAMBRIAN,,Swasey Limestone,Swasey Limestone,,250,250,250,,Peronopsis*,false,false,
50,29,28,MIDDLE CAMBRIAN,,Whirlwind Formation,Whirlwind Formation,,1400,1400,1400,,Elunaniella*,false,false,
50,30,29,MIDDLE CAMBRIAN,,Dome Limestone,Dome Limestone,,320,320,320,,,false,false,
50,31,30,MIDDLE CAMBRIAN,,Chisholm Formation,Chisholm Formation,,220,220,220,,Glosspleura*,false,false,
50,32,31,MIDDLE CAMBRIAN,Howell Limestone,Upper Member,Upper Member,,380,380,380,,light gray,false,false,
50,33,32,MIDDLE CAMBRIAN,Howell Limestone,Millard Member,Millard Member,,310,310,310,,dark gray,false,false,
50,34,33,MIDDLE CAMBRIAN,Pioche Fm,Tatow Member,Tatow Member,,180,180,180,,orange limestone,false,false,
50,35,34,EARLY CAMBRIAN,Pioche Fm,Lower Member,Lower Member,,420,420,420,,Olenellus*; phyllitic siltsone and quartzite,false,true,
50,36,35,EARLY CAMBRIAN,,Prospect Mountain Quartzite,Prospect Mountain Quartzite,,2200+ exposed; regional thickness 4000+,2200,4000,,"pink, vitreous minor cross bedding; *trilobite",false,false,
51,1,1,Q,,"Alluvial, lacustrine & eolian deposits","Alluvial, lacustrine & eolian deposits",,0-200,0,200,,,false,false,
51,2,2,Q,,Tholeiitic basalt of Smelter Knolls,Tholeiitic basalt of Smelter Knolls,,0-60,0,60,,0.3 m.y. K-Ar,false,false,
51,3,3,Q,,Basaltic andesite of Crater Bench,Basaltic andesite of Crater Bench,,0-50,0,50,,~1.0 m.y.,false,false,
51,4,4,P,,Rhyolite of Smelter Knolls,Rhyolite of Smelter Knolls,,flow domes,,,,3.4 m.y. K-Ar,false,false,
51,5,5,M,,Basaltic andesite north of SK,Basaltic andesite north of SK,,0-50,0,50,,6.1 m.y. K-Ar,false,false,
51,6,6,M,,Rhyolite of Whirlwind Valley,Rhyolite of Whirlwind Valley,,intrusion,,,,"white, finely crystalline",false,false,
51,7,7,Φ,,Skull Rock Pass Conglomerate,Skull Rock Pass Conglomerate,,300,300,300,,Basin-Range UNCONFORMITY; few volcanic clasts; pebbles to huge boulders of Pz rocks,false,false,
51,8,8,LATE EOCENE,,Joy Tuff,Joy Tuff,,0-600,0,600,,34.9 m.y. Ar/Ar,false,false,
51,9,9,LATE EOCENE,Volcanic rocks of Horse Canyon,Unit 3,Unit 3,,250-400,250,400,,lava flows,false,false,
51,10,9,LATE EOCENE,Volcanic rocks of Horse Canyon,Unit 2,Unit 2,,200,200,200,,35.1 ± 2 m.y. Ar/Ar,false,false,
51,11,9,LATE EOCENE,Volcanic rocks of Horse Canyon,Unit 1,Unit 1,,<200,200,200,,conglomerate & breccia,false,false,
51,12,10,LATE EOCENE,,Red Knolls Tuff,Red Knolls Tuff,,230+,230,230,,36.5 m.y. Ar/Ar,false,false,
51,13,11,LATE EOCENE,,Mt. Laird intrusions & tuff,Mt. Laird intrusions & tuff,,up to 500,500,500,,36.3-37.2 m.y. Ar/Ar,false,false,
51,14,12,LATE EOCENE,,Drum Mountains Rhyodacite (mostly flows),Drum Mountains Rhyodacite (mostly flows),,up to 2000,2000,2000,,DMR 36.7-37.6 m.y. Ar/Ar,false,false,
51,15,12,LATE EOCENE,,Volcanic sequence of Dennison Canyon (mostly cg; less tuff & flows,Volcanic sequence of Dennison Canyon (mostly cg; less tuff & flows,,up to 1800,1800,1800,,VSDC 36.7-37.5 m.y. Ar/Ar,false,false,
51,16,13,LATE EOCENE,,Little Drum Fm,Little Drum Formation,,up to 2520,2520,2520,,"Hintze & Oviatt, 1993 show 12 mappable members of volcanic conglomerate, tuff, & one andesite flow; 37.6 m.y. Ar/Ar; mixed quartzite & latite clasts up to small boulders; 38.5 m.y. Ar/Ar",false,false,
51,17,14,LATE EOCENE,,Pyroxene latite of Black Point,Pyroxene latite of Black Point,,1000,1000,1000,,38.8 m.y. Ar/Ar,false,false,
51,18,15,ORDOVICIAN,,Eureka Quartzite,Eureka Quartzite,,4800,4800,4800,,MAJOR UNCONFORMITY,false,false,
51,19,16,ORDOVICIAN,Pogonip Group,Kanosh Shale,Kanosh Shale,,150,150,150,,Orthambonites,false,false,
51,20,17,ORDOVICIAN,Pogonip Group,Juab & Wah Wah Fm's undivided,Juab & Wah Wah Formation's undivided,,550,550,550,,Pseudocybele,false,false,
51,21,18,ORDOVICIAN,Pogonip Group,Fillmore Formation,Fillmore Formation,,1700,1700,1700,,intraformational cg,false,false,
51,22,19,ORDOVICIAN,Pogonip Group,House Limestone,House Limestone,,240,240,240,,Symphysurina,false,false,
51,23,20,LATE CAMB,,Notch Peak Formation,Notch Peak Formation,,1300,1300,1300,,algal stromatolites; Eoorthis,false,false,
51,24,21,LATE CAMB,Orr Fm,Sneakover Ls Mbr,Sneakover Limestone Member,,220,220,220,,Kindbladia,false,false,
51,25,21,LATE CAMB,Orr Fm,Corset Spr Sh Mbr,Corset Spr Shale Member,,30,30,30,,,false,false,
51,26,21,LATE CAMB,Orr Fm,Light purple mbr,Light purple mbr,,270,270,270,,,false,false,
51,27,22,LATE CAMB,Orr Fm,Big Horse Limestone Mbr,Big Horse Limestone Member,,1000,1000,1000,,valley-fill,false,false,
51,28,23,LATE CAMB,,Lamb Dolomite,Lamb Dolomite,,620,620,620,,,false,false,
51,29,24,MIDDLE CAMBRIAN,Trippe Ls,Fish Springs Mbr,Fish Springs Member,,70,70,70,,Eldoradia,false,false,
51,30,25,MIDDLE CAMBRIAN,Trippe Ls,Lower member,Lower member,,360,360,360,,white boundstone beds,false,false,
51,31,25,MIDDLE CAMBRIAN,,Pierson Cove Formation,Pierson Cove Formation,,800,800,800,,,false,false,
51,32,26,MIDDLE CAMBRIAN,,Wheeler Formation,Wheeler Formation,,780,780,780,,Bolaspidella; Elrathia; Peronopsis,false,false,
51,33,27,MIDDLE CAMBRIAN,,Swasey Limestone,Swasey Limestone,,180,180,180,,,false,false,
51,34,28,MIDDLE CAMBRIAN,,Whirlwind Formation,Whirlwind Formation,,140,140,140,,Ehmaniella,false,false,
51,35,29,MIDDLE CAMBRIAN,,Dome Limestone,Dome Limestone,,300,300,300,,,false,false,
51,36,30,MIDDLE CAMBRIAN,,Chisholm Formation,Chisholm Formation,,150,150,150,,Glossopleura,false,false,
51,37,31,MIDDLE CAMBRIAN,,Howell Limestone,Howell Limestone,,160,160,160,,,false,false,
51,38,32,MIDDLE CAMBRIAN,Pioche Fm,Tatow Member,Tatow Member,,140,140,140,,,false,false,
51,39,33,EARLY Є,Pioche Fm,Lower Member,Lower Member,,230,230,230,,,false,false,
51,40,34,EARLY Є,,Prospect Mountain Quartzite,Prospect Mountain Quartzite,,4000,4000,4000,,pink & orange,false,false,
51,41,35,NEO-PROTEROZOIC,,Mutual Formation,Mutual Formation,,3000,3000,3000,,red and maroon quartzite,false,false,
51,42,36,NEO-PROTEROZOIC,,Inkom Formation,Inkom Formation,,520,520,520,,,false,false,
51,43,37,NEO-PROTEROZOIC,,Caddy Canyon Quartzite,Caddy Canyon Quartzite,,550+,550,550,,,false,false,
52,1,1,QUAT,,Post-Bonneville sediments,Post-Bonneville sediments,,0-200,0,200,,alluvial & eolian deposits,false,false,
52,2,2,QUAT,,Basalt of Ice Springs,Basalt of Ice Springs,,0-100,0,100,,"1000 yrs, Oviatt 1989",false,false,
52,3,3,QUAT,,Lake Bonneville sediments,Lake Bonneville sediments,,0-100,0,100,,shoreline & bottom deposits,false,false,
52,4,4,QUAT,,Basalt of Tabernacle Hill,Basalt of Tabernacle Hill,,0-200,0,200,,"14,300 yrs",false,false,
52,5,5,QUAT,,Basaltic ash of Pahvant Butte,Basaltic ash of Pahvant Butte,,0-100,0,100,,"15,300 yrs",false,false,
52,6,6,QUAT,,Basalt of Black Rock,Basalt of Black Rock,,0-200,0,200,,1.0-1.5 m.y.,false,false,
52,7,7,PLIO,,Sevier Desert lacustrine deposits,Sevier Desert lacustrine deposits,,0-1000,0,1000,,0.7-2.0 m.y.,false,false,
52,8,8,PLIO,,Basaltic andesite of Burnt Mtn,Basaltic andesite of Burnt Mtn,,0-500,0,500,,2.1 m.y.,false,false,
52,9,9,PLIO,,Rhyolite of North & South Twin Peaks & mid-Dome,Rhyolite of North & South Twin Peaks & mid-Dome,,intrusives,,,,2.35-2.5 m.y.,false,false,
52,10,10,MIOCENE,,Basalt of Cove Creek,Basalt of Cove Creek,,0-400,0,400,,2.55 m.y.,false,false,
52,11,11,MIOCENE,,Limestone of Twin Peaks,Limestone of Twin Peaks,,0-262,0,262,,,false,false,
52,12,12,MIOCENE,,Basalt of Lava Ridge,Basalt of Lava Ridge,,0-200,0,200,,2.5 m.y.,false,false,
52,13,13,MIOCENE,,Rhyolite of Cudahay Mine & Coyote Hills,Rhyolite of Cudahay Mine & Coyote Hills,,0-650,0,650,,2.6-2.7 m.y.,false,false,
52,14,14,MIOCENE,,"Black Rock desert-valley-fill deposits logged in wells include shale, marl, sandstone and, less commonly, freshwater limestone; salt, and basalt; age ranges from Pliocene to Miocene with thin Oligocene ash-flow tuffs at the base in some wells.","Black Rock desert-valley-fill deposits logged in wells include shale, marl, sandstone and, less commonly, freshwater limestone; salt, and basalt; age ranges from Pliocene to Miocene with thin Oligocene ash-flow tuffs at the base in some wells.",,up to 9410,9410,9410,,deep exploration wells in the Black Rock Desert east of the Cricket Mts have penetrated late Tertiary valley-fill sediments this thick:; 1480' Cominco at Neels; 9410' Arco-Pavant Butte; 9100' Arco-Hole-in-Rock; 5835' Arco-Meadow; (see diagram below),false,false,
52,15,15,,,REGIONAL UNCONFORMITY,REGIONAL UNCONFORMITY,,,,,,,true,false,
52,16,16,PALEOCENE,Flagstaff Formation,Conglomerate,Conglomerate,,0-300+,0,300,,no volcanic clasts,false,false,
52,17,17,PALEOCENE,Flagstaff Formation,Limestone,Limestone,,0-150,0,150,,Goniobasis (snail),false,false,
52,18,18,PALEOCENE,,Breccia of Cat Canyon,Breccia of Cat Canyon,,0-150,0,150,,Cambrian limestone blocks,false,false,
52,19,19,,,REGIONAL UNCONFORMITY,REGIONAL UNCONFORMITY,,,,,,,true,false,
52,20,20,CAMBRIAN,,Notch Peak Formation,Notch Peak Formation,,100+,100,100,,regional thickness 1600',false,false,
52,21,21,CAMBRIAN,Orr Fm,Sneakover Ls Mbr,Sneakover Limestone Member,,100,100,100,,Elvinia,false,false,
52,22,22,CAMBRIAN,Orr Fm,Corset Spring Sh Mbr,Corset Spring Shale Member,,40,40,40,,,false,false,
52,23,23,CAMBRIAN,Orr Fm,Johns Wash Ls Mbr,Johns Wash Limestone Member,,100,100,100,,Dunderbergia,false,false,
52,24,24,CAMBRIAN,Orr Fm,Candland Shale Mbr,Candland Shale Member,,160,160,160,,Crepicephalus,false,false,
52,25,25,CAMBRIAN,Orr Fm,Big Horse Limestone Member,Big Horse Limestone Member,,650,650,650,,,false,false,
52,26,26,CAMBRIAN,Wah Wah Summit Fm,White marker member,White marker member,,160-230,160,230,,,false,false,
52,27,27,CAMBRIAN,Wah Wah Summit Fm,Ledgy member,Ledgy member,,400,400,400,,,false,false,
52,28,28,CAMBRIAN,Trippe Ls,Fish Springs Member,Fish Springs Member,,100,100,100,,Eldoradia,false,false,
52,29,29,CAMBRIAN,Trippe Ls,Lower member,Lower member,,650,650,650,,white algal boundstone beds are common,false,false,
52,30,29,CAMBRIAN,,Limestone of Cricket Mountains,Limestone of Cricket Mountains,,2000,2000,2000,,"unfossiliferous mottled limestone, dolomite, & algal boundstone",false,false,
52,31,30,CAMBRIAN,,Whirlwind Formation,Whirlwind Formation,,200-260,200,260,,Ehmaniella,false,false,
52,32,31,CAMBRIAN,,Dome Limestone,Dome Limestone,,230-320,230,320,,,false,false,
52,33,32,CAMBRIAN,,Chisholm Formation,Chisholm Formation,,160-260,160,260,,Glossopleura,false,false,
52,34,33,CAMBRIAN,Howell Limestone,Upper member,Upper member,,100-160,100,160,,,false,false,
52,35,34,CAMBRIAN,Howell Limestone,Millard Member,Millard Member,,200-250,200,250,,,false,false,
52,36,35,CAMBRIAN,Pioche Fm,Tatow Member,Tatow Member,,100,100,100,,,false,false,
52,37,36,CAMBRIAN,Pioche Fm,Lower member,Lower member,,600-700,600,700,,iron ore bed (hematite); Olenellus,false,false,
52,38,37,CAMBRIAN,,Prospect Mountain Quartzite,Prospect Mountain Quartzite,,2000+,2000,2000,,Pink vitreous quartzite; regional thickness about 4000 feet,false,false,
52,39,38,,,BLACK ROCK DESERT EXPLORATION WELLS,BLACK ROCK DESERT EXPLORATION WELLS,,,,,,"Few valleys in western Utah have as concentrated a cluster of deep exploration wells as the Black Rock Desert. These four wells show the variation in thickness of valley fill and in the older bedrock that is found beneath them under the flat desert floor. For logs of these and other deep wells in Millard County see Hintze & Davis, 2003. Well cuttings can be examined at the Utah Geological Survey sample library in Salt Lake City.",true,true,
53,1,1,QUAT,,"Alluvial, dune, & playa deposits","Alluvial, dune, & playa deposits",,0-100,0,100,,,false,false,
53,2,2,QUAT,,Lake Bonneville deposits,Lake Bonneville deposits,,0-100,0,100,,"15,000 years",false,false,
53,3,3,QUAT,,Basaltic andesite of Crater Bench,Basaltic andesite of Crater Bench,,0-600,0,600,,"950,000 years",false,false,
53,4,4,PLIO,,Pre-Bonneville valley fill,Pre-Bonneville valley fill,,0-1000,0,1000,,not exposed,false,false,
53,5,5,PLIO,,Basalt of the Hogback,Basalt of the Hogback,,0-150,0,150,,6 m.y.,false,false,
53,6,6,MIOCENE,,Rhyolite of the Hogback,Rhyolite of the Hogback,,0-100,0,100,,6-7 m.y.,false,false,
53,7,7,MIOCENE,,Conglomerate of the Hogback,Conglomerate of the Hogback,,0-750,0,750,,includes clasts of Joy Tuff & Topaz Mountain Rhyolite,false,false,
53,8,8,MIOCENE,Topaz Mountain Rhyolite,"flows, domes, & intrusions","flows, domes, & intrusions",,0-1000,0,1000,,"TOPAZ CRYSTALS; white, gray & purple rhyolite",false,false,
53,9,9,MIOCENE,Topaz Mountain Rhyolite,stratified tuff,stratified tuff,,0-300,0,300,,"tan to orange, non-welded",false,false,
53,10,10,MIOCENE,Rhyolite of Keg Mountain,"flows, domes & intrusions","flows, domes & intrusions",,0-2000,0,2000,,"7 m.y. K-Ar; see Shubat et al., 1999",false,false,
53,11,11,MIOCENE,Rhyolite of Keg Mountain,stratified tuff,stratified tuff,,0-300,0,300,,,false,false,
53,12,12,MIOCENE,Spor Mountain Fm,Porphyritic rhyolite member,Porphyritic rhyolite member,,0-1500,0,1500,,"flows, domes, & plugs; 21 m.y. K-Ar",false,false,
53,13,13,MIOCENE,Spor Mountain Fm,Beryllium Tuff Mbr,Beryllium Tuff Member,,0-200,0,200,,25.6 m.y. U-Pb,false,false,
53,14,14,LATE EOCENE,,Dell Tuff,Dell Tuff,,0-600,0,600,,~32-34 m.y. fission track; contains bipyramidal quartz crystals; ash-flow tuff,false,false,
53,15,15,LATE EOCENE,,Joy Tuff,Joy Tuff,,0-500,0,500,,34.9 m.y. Ar/Ar; reddish brown rhyolitic ash-flow tuff,false,false,
53,16,16,LATE EOCENE,,Rhyolite porphyry dikes & plugs,Rhyolite porphyry dikes & plugs,,,,,,"35.0 m.m. Ar/Ar; see Shubat & Christenson, 1999",false,false,
53,17,17,LATE EOCENE,,Dacite porphyry plugs,Dacite porphyry plugs,,,,,,36.5 m.y. Ar/Ar,false,false,
53,18,18,LATE EOCENE,,Mt. Laird Tuff,Mt. Laird Tuff,,0-240,0,240,,"purple, green, & brown dacitic tuffs & flows",false,false,
53,19,19,LATE EOCENE,,Dead Ox Tuff,Dead Ox Tuff,,0-300,0,300,,"ash-flow tuffs, megabreccias & stratified tuffs",false,false,
53,20,20,LATE EOCENE,,Andesite of Keg Pass,Andesite of Keg Pass,,0-200,0,200,,heterogeneous dark flows,false,false,
53,21,21,LATE EOCENE,,Keg Tuff,Keg Tuff,,0-500,0,500,,36.8 m.y. Ar/Ar; dark red-brown densly welded dacitic ash-flow tuff,false,false,
53,22,22,LATE EOCENE,,Drum Mts Rhyodacite,Drum Mts Rhyodacite,,0-100,0,100,,36.9 m.y. Ar/Ar; red & green flows,false,false,
53,23,23,KT,,Unnamed conglomerate,Unnamed conglomerate,,0-40,0,40,,"well-rounded pebbles & cobbles of qtzt, chert, & ls in green sandy matrix; no volcanics; MAJOR UNCONFORMITY",false,false,
53,24,24,DEV,,Sevy Dolomite,Sevy Dolomite,,1100±,1100,1100,,"Staatz & Carr, 1964 coined local subdivisions of the Laketown Dolomite for their geologic map",false,true,
53,25,25,SIL,,Laketown Dolomite,Laketown Dolomite,,1110,1110,1110,,Pentamerus; Virgiana,false,false,
53,26,26,ORDOVICIAN,,Ely Springs Dolomite,Ely Springs Dolomite,,430,430,430,,Favosites,false,false,
53,27,27,ORDOVICIAN,,Eureka Quartzite,Eureka Quartzite,,590,590,590,,,false,false,
53,28,28,ORDOVICIAN,Pogonip Group,Kanosh Shale,Kanosh Shale,,2500±,2500,2500,,Orthambonites,false,false,
53,29,28,ORDOVICIAN,Pogonip Group,Juab Limestone,Juab Limestone,,2500±,2500,2500,,"see Dommer, 1980",false,false,
53,30,28,ORDOVICIAN,Pogonip Group,Wah Wah Limestone,Wah Wah Limestone,,2500±,2500,2500,,,false,false,
53,31,28,ORDOVICIAN,Pogonip Group,Fillmore Fm,Fillmore Formation,,2500±,2500,2500,,intraformational cg,false,false,
53,32,28,ORDOVICIAN,Pogonip Group,House Limestone,House Limestone,,2500±,2500,2500,,,false,false,
53,33,29,CAMBRIAN,,Notch Peak Formation,Notch Peak Formation,,1000+,1000,1000,,algal heads,false,false,
53,34,30,CAMBRIAN,,strata below are in Keg Pass quad; those above in Topaz Mtn West quad,strata below are in Keg Pass quad; those above in Topaz Mtn West quad,,,,,,,true,false,
53,35,31,CAMBRIAN,,Howell Limestone,Howell Limestone,,400+,400,400,,"see Shubat & Christenson, 1999",false,false,
53,36,32,CAMBRIAN,,Pioche Formation,Pioche Formation,,380,380,380,,,false,false,
53,37,33,CAMBRIAN,,Prospect Mountain Qtzt,Prospect Mountain Quartzite,,820+,820,820,,,false,false,
54,1,1,Q,,"Alluvium, Lake Bonneville beds","Alluvium, Lake Bonneville beds",,0-300,0,300,,"15,000 yrs and younger",false,false,
54,2,2,MIO-P,,Pre-Bonneville valley fill,Pre-Bonneville valley fill,,0-1000+,0,1000,,"Bishop Tuff 700,000 yrs",false,false,
54,3,3,MIO-P,,Rhyolite domes & basalt flows,Rhyolite domes & basalt flows,,0-1000,0,1000,,16.5 m.y. Ar/Ar Simpson Mts,false,false,
54,4,4,MIO-P,,Sheeprock granite pluton,Sheeprock granite pluton,,,,,,21 m.y. Rb-Sr,false,false,
54,5,5,EO,,"Rhyolitic welded tuff, latite, & megabreccia in West Tintic Mts","Rhyolitic welded tuff, latite, & megabreccia in West Tintic Mts",,"up to 10,000",10000,10000,,"about 34 m.y. Stoeser, 1993",false,false,
54,6,6,EO,,Andesite & rhyolite in Simpson Mts,Andesite & rhyolite in Simpson Mts,,1000+,1000,1000,,35-36 m.y. Ar/Ar,false,false,
54,7,7,K/T,,Red conglomerate,Red conglomerate,,0-200,0,200,,MAJOR UNCONFORMITY,false,false,
54,8,8,PP,,Oquirrh Group,Oquirrh Group,,"10,000 ?",10000,10000,,"faulted, incomplete",false,false,
54,9,9,MISS,Great Blue Ls,Upper limestone mbr,Upper limestone mbr,,1400,1400,1400,,Rhipidomella; Caninia,false,false,
54,10,10,MISS,Great Blue Ls,Chiulos Shale Mbr,Chiulos Shale Member,,1800,1800,1800,,Calamites,false,false,
54,11,11,MISS,Great Blue Ls,Lower limestone mbr,Lower limestone mbr,,900,900,900,,Faberophyllum,false,false,
54,12,11,MISS,,Deseret-Humbug Fms undivided,Deseret-Humbug Fms undivided,,1150,1150,1150,,,false,false,
54,13,12,MISS,,Gardison & Fitchville Fms,Gardison & Fitchville Fms,,400-720*,400,720,,Fenestella; 80' Delle Phosphatic Mbr; *in West Tintic Mts,false,false,
54,14,13,DEV,,Pinyon Peak Limestone,Pinyon Peak Limestone,,250,250,250,,,false,false,
54,15,14,DEV,,Guilmette Formation,Guilmette Formation,,320,320,320,,includes Victoria Ss,false,false,
54,16,14,DEV,,Simonson Dolomite,Simonson Dolomite,,500,500,500,,stromatoporoids,false,false,
54,17,15,DEV,,Sevy Dolomite,Sevy Dolomite,,350-1000,350,1000,,ant-egg sand grains,false,false,
54,18,16,S,,Laketown Dolomite,Laketown Dolomite,,900,900,900,,Douvillina,false,false,
54,19,17,ORD,,Ely Springs Dolomite,Ely Springs Dolomite,,700,700,700,,Catenipora,false,false,
54,20,18,ORD,,Swan Peak Quartzite,Swan Peak Quartzite,,350-450,350,450,,,false,false,
54,21,19,ORD,,Kanosh Shale,Kanosh Shale,,250,250,250,,Didymograptus,false,false,
54,22,20,ORD,Pogonip Group,Juab Ls Wah Wah Ls Fillmore-House,Juab Limestone Wah Wah Limestone Fillmore-House,,1700,1700,1700,,Hesperonomia; intraformational cg,false,false,
54,23,21,CAMBRIAN,,Ajax Dolomite,Ajax Dolomite,,1000,1000,1000,,,false,false,
54,24,22,CAMBRIAN,,Opex Formation,Opex Formation,,940,940,940,,Elvinia,false,false,
54,25,23,CAMBRIAN,,Cole Canyon Dolomite,Cole Canyon Dolomite,,900,900,900,,Tricrepicephalus,false,false,
54,26,24,CAMBRIAN,,Marjum Formation,Marjum Formation,,1170,1170,1170,,,false,false,
54,27,24,CAMBRIAN,,Wheeler Formation,Wheeler Formation,,420,420,420,,Elrathia,false,false,
54,28,25,CAMBRIAN,,Swasey-Whirlwind-Dome Fms,Swasey-Whirlwind-Dome Fms,,330,330,330,,Ehmaniella,false,false,
54,29,26,CAMBRIAN,,Chisholm Shale,Chisholm Shale,,270-380,270,380,,Glossopleura,false,false,
54,30,27,CAMBRIAN,,Howell Limestone,Howell Limestone,,150-200,150,200,,Albertella zone,false,false,
54,31,27,CAMBRIAN,,Pioche Shale,Pioche Shale,,430,430,430,,,false,false,
54,32,28,CAMBRIAN,,Prospect Mountain (Tintic) Quartzite,Prospect Mountain (Tintic) Quartzite,,2600-4500,2600,4500,,"light gray, some cross bedding, some feldspar",false,false,
54,33,29,NEOPROTEROZOIC,Brigham Group,Mutual Formation,Mutual Formation,,1400-1650,1400,1650,,"maroon, pink, purple feldspathic",false,false,
54,34,30,NEOPROTEROZOIC,Brigham Group,Inkom Formation,Inkom Formation,,100-475,100,475,,"green, maroon, gray phyllitic",false,false,
54,35,31,NEOPROTEROZOIC,Brigham Group,Caddy Canyon Quartzite,Caddy Canyon Quartzite,,2300-6500,2300,6500,,"white, light gray, tan",false,false,
54,36,32,NEOPROTEROZOIC,Brigham Group,Kelley Canyon Formation,Kelley Canyon Formation,,500-1900,500,1900,,"olive, tan, gray shale & siltstone",false,false,
54,37,33,NEOPROTEROZOIC,Dutch Peak Fm,7 - Slate & argillite,7 - Slate & argillite,,0-800,0,800,,black; 630 m.y. ago (probable upper age limit),false,false,
54,38,34,NEOPROTEROZOIC,Dutch Peak Fm,6 - Quartzite,6 - Quartzite,,0-1000,0,1000,,light gray,false,false,
54,39,35,NEOPROTEROZOIC,Dutch Peak Fm,5 - Graywacke & diamictite,5 - Graywacke & diamictite,,1000-3000,1000,3000,,dark phyllitic matrix,false,false,
54,40,36,NEOPROTEROZOIC,Dutch Peak Fm,4 - Diamictite,4 - Diamictite,,0-3000,0,3000,,"dolomite, quartzite, & granite boulders in a phyllitic matrix",false,false,
54,41,37,NEOPROTEROZOIC,Dutch Peak Fm,3 - Conglomerate & diamictite,3 - Conglomerate & diamictite,,0-3100,0,3100,,,false,false,
54,42,38,NEOPROTEROZOIC,Dutch Peak Fm,2 - Grit & cg,2 - Grit & cg,,0-1300,0,1300,,"Christie-Blick, 1997, shows unconformable relations within Dutch Peak Fm",false,false,
54,43,39,NEOPROTEROZOIC,Dutch Peak Fm,"1 - Qtzt, silts","1 - Quartzite, silts",,0-160,0,160,,,false,false,
54,44,40,NEOPROTEROZOIC,Otts Canyon Fm,Upper mbr,Upper mbr,,650-3200,650,3200,,diabase sills in qtzt,false,false,
54,45,41,NEOPROTEROZOIC,Otts Canyon Fm,Middle mbr,Middle mbr,,0-1600,0,1600,,diamictite,false,false,
54,46,42,NEOPROTEROZOIC,Otts Canyon Fm,Lower member,Lower member,,2300,2300,2300,,slate & phyllite,false,false,
55,1,1,Q,,"Alluvium, L. Bonneville seds","Alluvium, L. Bonneville seds",,0-300,0,300,,"12,000 y.b.p. C-14 dates on shells from lake",false,false,
55,2,2,EOCENE,,Fernow Quartz Latite,Fernow Quartz Latite,,0-1500,0,1500,,34.8 m.y. Ar/Ar welded ash-fall tuff,false,false,
55,3,3,EOCENE,Copperopolis Latite,Middle agglomerate member,Middle agglomerate member,,0-1000,0,1000,,,false,false,
55,4,4,EOCENE,Copperopolis Latite,Sage Valley Ls Mbr,Sage Valley Limestone Member,,0-300,0,300,,algal limestone < 38.6 m.y.,false,false,
55,5,5,EOCENE,,Volcanic gravel,Volcanic gravel,,0-300,0,300,,UNCONFORMITY,false,false,
55,6,6,P,,Flagstaff Limestone,Flagstaff Limestone,,200+,200,200,,Paleocene; cg with ls clasts,false,false,
55,7,7,PERMIAN,,Franson Member of the Park City Formation,Franson Member of the Park City Formation,,540,540,540,,UNCONFORMITY,false,false,
55,8,8,PERMIAN,,Meade Peake Shale Tongue of the Phosphoria Fm,Meade Peake Shale Tongue of the Phosphoria Formation,,250-330,250,330,,phosphate,false,false,
55,9,9,PERMIAN,,Grandeur Member of the Park City Formation,Grandeur Member of the Park City Formation,,750-960,750,960,,,false,false,
55,10,10,PERMIAN,,Diamond Creek Sandstone,Diamond Creek Sandstone,,680-880,680,880,,,false,false,
55,11,11,PERMIAN,,Furner Valley Limestone,Furner Valley Limestone,,5000-6000,5000,6000,,"Pseudofusulina; Schwagerina; cherty, silty ls; Triticites",false,false,
55,12,12,PENNSYLVANIAN,Oquirrh Group,Bingham Mine Formation,Bingham Mine Formation,,3200-3400,3200,3400,,Triticites; Eowaeringella,false,false,
55,13,13,PENNSYLVANIAN,Oquirrh Group,Butterfield Peaks Formation,Butterfield Peaks Formation,,5800,5800,5800,,Beedeina; Wedekindellina; Fusulinella,false,false,
55,14,14,PENNSYLVANIAN,Oquirrh Group,West Canyon Limestone,West Canyon Limestone,,960+,960,960,,Composita; Rhipidomella,false,false,
55,15,15,MISSISSIPPIAN,,Manning Canyon Shale,Manning Canyon Shale,,(1000±),1000,1000,,"not exposed, faulted out?",false,false,
55,16,16,MISSISSIPPIAN,Great Blue Formation,Chiulos Member,Chiulos Member,,625,625,625,,black shale & brown quartzite,false,false,
55,17,17,MISSISSIPPIAN,Great Blue Formation,Lower member,Lower member,,600,600,600,,Turbophyllum; Lithostrotionella,false,false,
55,18,18,MISSISSIPPIAN,,Humbug Formation,Humbug Formation,,570-750,570,750,,Syringopora,false,false,
55,19,18,MISSISSIPPIAN,,Deseret Limestone,Deseret Limestone,,560-1100,560,1100,,bryozoans,false,false,
55,20,19,MISSISSIPPIAN,,Delle Phosphatic Mbr,Delle Phosphatic Member,,70,70,70,,phosphatic shale,false,false,
55,21,20,MISSISSIPPIAN,,Gardison Limestone,Gardison Limestone,,360-570,360,570,,Syringopora,false,false,
55,22,21,MISSISSIPPIAN,,Fitchville Formation,Fitchville Formation,,260-400,260,400,,Composita,false,false,
55,23,22,DEV,,Pinyon Peak Limestone,Pinyon Peak Limestone,,130-180,130,180,,,false,false,
55,24,23,DEV,,Guilmette Formation,Guilmette Formation,,200-250,200,250,,10 ft quartzite bed,false,false,
55,25,24,DEV,,Simonson Dolomite,Simonson Dolomite,,140,140,140,,,false,false,
55,26,25,DEV,,Sevy Dolomite,Sevy Dolomite,,360,360,360,,,false,false,
55,27,26,S,,Laketown Dolomite,Laketown Dolomite,,870,870,870,,Halysites,false,false,
55,28,27,ORD,,Fish Haven Dolomite,Fish Haven Dolomite,,240,240,240,,Favosites,false,false,
55,29,28,ORD,,Opohonga Limestone,Opohonga Limestone,,1000,1000,1000,,Kirkella; intraformational conglomerate,false,false,
55,30,29,Є,,Ajax Dolomite,Ajax Dolomite,,590,590,590,,,false,false,
56,1,1,Q,,Alluvium & Lake Bonneville seds,Alluvium & Lake Bonneville seds,,0-500,0,500,,"fans, shore & bottom deposits",false,false,
56,2,2,EOCENE,,Older valley fill sediments,Older valley fill sediments,,0-1000,0,1000,,Alturas ash 4.8 m.y.,false,false,
56,3,3,EOCENE,Volcanic rocks of Sage Valley,Volcanic conglomerate unit C,Volcanic conglomerate unit C,,400,400,400,,Basin-Range UNCONFORMITY,false,false,
56,4,4,EOCENE,Volcanic rocks of Sage Valley,Fernow Quartz Latite,Fernow Quartz Latite,,200-450+,200,450,,34.9 m.y. Ar/Ar,false,false,
56,5,5,EOCENE,Volcanic rocks of Sage Valley,Volcanic conglomerate unit B,Volcanic conglomerate unit B,,350-450,350,450,,,false,false,
56,6,6,EOCENE,Volcanic rocks of Sage Valley,Tuff of Little Sage Valley,Tuff of Little Sage Valley,,100-500,100,500,,37.4 m.y. Ar/Ar,false,false,
56,7,7,EOCENE,Volcanic rocks of Sage Valley,Volcanic conglomerate unit A with lava flows & tuff,Volcanic conglomerate unit A with lava flows & tuff,,275-1300,275,1300,,"Cazier Canyon Agglomerate & flow unit of Meibos, 1983",false,false,
56,8,8,EOCENE,Goldens Ranch Fm,Sage Valley Limestone Mbr,Sage Valley Limestone Member,,0-260,0,260,,fossil leaves,false,false,
56,9,9,EOCENE,Goldens Ranch Fm,Hall Canyon Conglomerate Mbr,Hall Canyon Conglomerate Member,,0-800,0,800,,"see Meibos, 1983",false,false,
56,10,10,EOCENE,Goldens Ranch Fm,Chicken Creek Tuff M.,Chicken Creek Tuff Member.,,100-200,100,200,,38.6 m.y. Ar/Ar,false,false,
56,11,11,EOCENE,,Cg of West Fork Reservoir,Conglomerate of West Fork Reservoir,,0-1300,0,1300,,,false,false,
56,12,11,EOCENE,,Green River Formation,Green River Formation,,1000,1000,1000,,,false,false,
56,13,12,EOCENE,,Colton Fm,Colton Formation,,200-300,200,300,,red,false,false,
56,14,13,P,,Red beds of Sevier Canyon,Red beds of Sevier Canyon,,600,600,600,,Placid WXC #1A Howard 5-14S-1W; Placid WXC #2 State 1-15S-2W,false,false,
56,15,13,P,,Flagstaff Fm,Flagstaff Formation,,650,650,650,,,false,false,
56,16,13,P,,Orme Spr. Cg,Orme Spr. Conglomerate,,900,900,900,,,false,false,
56,17,13,P,,North Horn Fm (Red Narrows Cg of Meibos),North Horn Formation (Red Narrows Conglomerate of Meibos),,1200,1200,1200,,,false,false,
56,18,14,CRETACEOUS,,Conglomerate of Spring Canyon,Conglomerate of Spring Canyon,,1100,1100,1100,,,false,false,
56,19,15,CRETACEOUS,,Undivided Cretaceous strata,Undivided Cretaceous strata,,2000?,2000,2000,,,false,false,
56,20,15,CRETACEOUS,,Canyon Range Cg,Canyon Range Conglomerate,,2000?,2000,2000,,,false,false,
56,21,15,CRETACEOUS,,Indianola Group,Indianola Group,,2000?,2000,2000,,,false,false,
56,22,15,CRETACEOUS,,San Pitch Fm,San Pitch Formation,,2000?,2000,2000,,,false,false,
56,23,15,CRETACEOUS,,Cedar Mtn Fm,Cedar Mtn Formation,,2000?,2000,2000,,,false,false,
56,24,16,JURASSIC,,Twist Gulch Formation,Twist Gulch Formation,,2000,2000,2000,,"reddish brown siltstone, & sandstone",false,false,
56,25,17,JURASSIC,,Arapien Shale,Arapien Shale,,2800,2800,2800,,"Arapien contains many gypsum & some salt beds, a few as much as 100 feet thick",false,false,
56,26,18,JURASSIC,,Twin Creek Limestone,Twin Creek Limestone,,800,800,800,,,false,false,
56,27,19,JURASSIC,,Nugget Sandstone (Navajo),Nugget Sandstone (Navajo),,1400,1400,1400,,bottom of #1A Howard,false,false,
56,28,20,TRIASSIC,,Ankareh Formation,Ankareh Formation,,950?,950,950,,,false,false,
56,29,21,TRIASSIC,,Thaynes Formation,Thaynes Formation,,1300?,1300,1300,,,false,false,
56,30,22,TRIASSIC,,Woodside Shale,Woodside Shale,,1000?,1000,1000,,,false,false,
56,31,23,PERMIAN,Park City Group,Franson Fm,Franson Formation,,540,540,540,,Paleozoic strata exposed in hills in Dog Valley and on Furner Ridge,false,true,
56,32,24,PERMIAN,Park City Group,Meade Peak Phosphate,Meade Peak Phosphate,,300,300,300,,,false,false,
56,33,25,PERMIAN,Park City Group,Grandeur Limestone,Grandeur Limestone,,850,850,850,,,false,false,
56,34,26,PERMIAN,,Diamond Creek Sandstone,Diamond Creek Sandstone,,500,500,500,,,false,false,
56,35,27,PERMIAN,,Kirkman Limestone,Kirkman Limestone,,400,400,400,,thrust fault bottom of well #2 State shows Navajo Sandstone beneath these older strata,false,true,
56,36,28,PENNSYLVANIAN,Oquirrh Group,Furner Valley Limestone,Furner Valley Limestone,,5400,5400,5400,,,false,false,
56,37,29,PENNSYLVANIAN,Oquirrh Group,Bingham Mine Formation,Bingham Mine Formation,,3200,3200,3200,,,false,false,
56,38,30,PENNSYLVANIAN,Oquirrh Group,Butterfield Peaks Formation,Butterfield Peaks Formation,,5800,5800,5800,,,false,false,
57,1,1,Q,,Alluvium & Lake Bonneville dep,Alluvium & Lake Bonneville dep,,0-100,0,100,,Argonaut well,false,false,
57,2,2,MIOCENE - PLIO,,,,1978 Argonaut well in Sevier Desert 20 miles west of the Canyon Range,600,600,600,,sand & silt; minor clay & cg,false,false,
57,3,3,MIOCENE - PLIO,,Oak City Fm,Oak City Formation,,,,,,(older alluvial and landslide deposits on the west & south flanks of the Canyon Range; may be up to 1000' thick; base not exposed),false,false,
57,4,3,MIOCENE - PLIO,,Fool Creek Cg,Fool Creek Conglomerate,,,,,,(up to 500' within the Canyon Range),false,false,
57,5,3,MIOCENE - PLIO,,,,1978 Argonaut well in Sevier Desert 20 miles west of the Canyon Range,1950,1950,1950,,"shale, with minor calcareous siltstone & sandstone",false,false,
57,6,4,MIOCENE - PLIO,,,,1978 Argonaut well in Sevier Desert 20 miles west of the Canyon Range,1714,1714,1714,,"salt, gypsum, anhydrite & minor clay with volcanic rock particles",false,false,
57,7,5,MIOCENE - PLIO,,,,1978 Argonaut well in Sevier Desert 20 miles west of the Canyon Range,3470,3470,3470,,salt & gypsum; see references listed below; BR UNCONFORMITY,false,false,
57,8,6,PALEO,,Flagstaff Formation,Flagstaff Formation,,1000-2000,1000,2000,,,false,false,
57,9,7,CRETACEOUS,Canyon Range Conglomerate,Wide Canyon Mbr,Wide Canyon Member,,1600+,1600,1600,,“North Horn” Fm of Hintze & Davis (2002); see Lawton et al. (2007); * Maastrictian,false,false,
57,10,8,CRETACEOUS,Canyon Range Conglomerate,Pass Canyon Member,Pass Canyon Member,,1750,1750,1750,,pebble to boulder cg exclusively of quartzite clasts; * Late Campanian,false,false,
57,11,9,CRETACEOUS,Canyon Range Conglomerate,Leamington Canyon Member,Leamington Canyon Member,,900-2070,900,2070,,"pebble to boulder cg with quartzite & carbonate clasts derived from Precambrian & Paleozoic strata; * Coniacian, Santonian, & Early Campanian",false,false,
57,12,10,CRETACEOUS,Canyon Range Conglomerate,Wild Horse Canyon Member,Wild Horse Canyon Member,,200-490,200,490,,pebble & cobble cg; * Cenomanian & Turonian,false,false,
57,13,11,CRETACEOUS,Canyon Range Conglomerate,Cow Canyon Mbr,Cow Canyon Member,,300-1480,300,1480,,cobble & boulder cg; * Albian; (* see Cretaceous correlation table),false,false,
57,14,12,,,MAJOR UNCONFORMITY - Strata listed below were deposited tens of miles west of their present location and were moved eastward on the Canyon Range thrust fault during the Sevier orogeny 130-110 million years ago,MAJOR UNCONFORMITY - Strata listed below were deposited tens of miles west of their present location and were moved eastward on the Canyon Range thrust fault during the Sevier orogeny 130-110 million years ago,,,,,,,true,false,
57,15,13,CAMBRIAN,,Undivided limestone & dolomite,Undivided limestone & dolomite,,1600+,1600,1600,,"Elvinia (trilobite zone); white, laminated dolomite beds common locally; Crepicephalus zone",false,false,
57,16,13,CAMBRIAN,,Wheeler Formation,Wheeler Formation,,100,100,100,,Elrathia (trilobite),false,false,
57,17,14,CAMBRIAN,,Swasey Limestone,Swasey Limestone,,600,600,600,,,false,false,
57,18,15,CAMBRIAN,,Whirlwind Formation,Whirlwind Formation,,150,150,150,,Ehmaniella (trilobite),false,false,
57,19,16,CAMBRIAN,,Dome Limestone,Dome Limestone,,180,180,180,,,false,false,
57,20,17,CAMBRIAN,,Chisholm Formation,Chisholm Formation,,250,250,250,,Glossopleura (trilobite),false,false,
57,21,18,CAMBRIAN,,Howell Limestone,Howell Limestone,,300,300,300,,oncolites,false,false,
57,22,19,CAMBRIAN,,Pioche Formation,Pioche Formation,,750,750,750,,phyllitic quartzite with fossil tracks & burrows,false,false,
57,23,20,CAMBRIAN,,Prospect Mountain Quartzite,Prospect Mountain Quartzite,,2800,2800,2800,,pale orange quartzite with rare conglomerate beds,false,false,
57,24,21,NEOPROTEROZOIC,,Mutual Formation,Mutual Formation,,1600-2500,1600,2500,,reddish-purple quartzite with minor conglomerate,false,false,
57,25,22,NEOPROTEROZOIC,,Inkom Formation,Inkom Formation,,300,300,300,,phyllitic olive shale,false,false,
57,26,23,NEOPROTEROZOIC,,Caddy Cannyon Quartzite,Caddy Cannyon Quartzite,,1900,1900,1900,,,false,false,
57,27,24,NEOPROTEROZOIC,,Blackrock Canyon Limestone,Blackrock Canyon Limestone,,150-600,150,600,,"see Millard, 1983",false,false,
57,28,25,NEOPROTEROZOIC,Pocatello Formation,Upper shale & siltstone member,Upper shale & siltstone member,,700-1000,700,1000,,phyllitic thin-bedded quartzite,false,false,
57,29,26,NEOPROTEROZOIC,Pocatello Formation,Middle quartzite member,Middle quartzite member,,1300,1300,1300,,"white, weathers orange and brown",false,false,
57,30,27,NEOPROTEROZOIC,Pocatello Formation,Lower shale mbr,Lower shale mbr,,600,600,600,,forms olive-gray soil,false,false,
58,1,1,QUAT,,Alluvium & Lake Bonneville dep,Alluvium & Lake Bonneville dep,,0-100,0,100,,Lake Bonneville deposits,false,false,
58,2,2,QUAT,,Pahvant Butte basalt & ash,Pahvant Butte basalt & ash,,up to 1000,1000,1000,,"15,300 yrs youngest ash; oldest basalt 120,000+ yrs",false,false,
58,3,3,MIO-PLIO,,Oak City Formation,Oak City Formation,,up to 2000,2000,2000,,"UNCONFORMITY; 2.6 m.y. Cudahy Mine pumice; see Hintze & Davis, 2003, p. 135",false,false,
58,4,4,MIO-PLIO,,Tuff of Holden,Tuff of Holden,,up to 200,200,200,,10.5 m.y.,false,false,
58,5,5,PALEOCENE-EOCENE,,Green River Formation,Green River Formation,,0-800,0,800,,Basin-Range UNCONFORMITY; shaly lake deposits,false,false,
58,6,6,PALEOCENE-EOCENE,,Flagstaff Formation,Flagstaff Formation,,1300,1300,1300,,"see Hintze & Davis, 2003 p. 128 for measured section; mostly conglomerate & limestone",false,false,
58,7,7,PALEOCENE-EOCENE,,North Horn Formation,North Horn Formation,,0-2700,0,2700,,conglomeritic in Pahvant Range; mostly yellow sandstone in the Valley Mountains to the east; thins abruptly southward within the Pahvant Range,false,false,
58,8,8,CRETACEOUS,Canyon Range Cg,Chokecherry Creek Member,Chokecherry Creek Member,,575,575,575,,boulder cg with convolute beds of ss; may be Noon Rock Peak equivalent,false,false,
58,9,9,CRETACEOUS,Canyon Range Cg,Noon Rock Peak Mbr,Noon Rock Peak Member,,230,230,230,,,false,false,
58,10,10,CRETACEOUS,Canyon Range Cg,Pahvant Ss Mbr,Pahvant Sandstone Member,,250-1300,250,1300,,clast- & matrix-supported pebble cg,false,false,
58,11,11,CRETACEOUS,Canyon Range Cg,Scipio Member,Scipio Member,,330-640,330,640,,white-weathering pebbly ss & interbeds of gray & red siltstone,false,false,
58,12,12,CRETACEOUS,Canyon Range Cg,Valley Mts Mbr,Valley Mts Member,,160-490,160,490,,qtzt cg & mixed clast cg,false,false,
58,13,13,CRETACEOUS,Canyon Range Cg,Ivie Creek Mbr,Ivie Creek Member,,275-490,275,490,,qtzt cg with thin ss beds,false,false,
58,14,14,,,MAJOR UNCONFORMITY - SYNOROGENIC & LATER ROCKS ABOVE,MAJOR UNCONFORMITY - SYNOROGENIC & LATER ROCKS ABOVE,,,,,,,true,false,
58,15,15,DEVONIAN,,Cove Fort Quartzite,Cove Fort Quartzite,,250,250,250,,PAHVANT ALLOCHTHON INCLUDES DEVONIAN TO LATE PROTEROZOIC STRATA,false,true,
58,16,16,DEVONIAN,,Simonson Dolomite,Simonson Dolomite,,770,770,770,,,false,false,
58,17,17,DEVONIAN,,Sevy Dolomite,Sevy Dolomite,,2700,2700,2700,,poraspids; Phyllonaspis,false,false,
58,18,18,S,,Laketown Dolomite,Laketown Dolomite,,1100,1100,1100,,orthid brachiopod; rugose coral,false,false,
58,19,19,ORD,,Fish Haven Dolomite,Fish Haven Dolomite,,140,140,140,,cherty; stromatolites,false,false,
58,20,20,ORD,,Eureka Quartzite,Eureka Quartzite,,220,220,220,,,false,false,
58,21,21,ORD,,Kanosh Shale,Kanosh Shale,,370,370,370,,Orthambonites,false,false,
58,22,21,ORD,,Pogonip Group,Pogonip Group,,1300,1300,1300,,intraformational conglomerate,false,false,
58,23,22,CAMBRIAN,,Ajax Dolomite,Ajax Dolomite,,960,960,960,,interbedded light & dark gray; algal heads,false,false,
58,24,23,CAMBRIAN,,Opex Formation,Opex Formation,,670,670,670,,Tricrepicephalus (trilobite),false,false,
58,25,24,CAMBRIAN,,Cole Canyon Dolomite,Cole Canyon Dolomite,,540,540,540,,,false,false,
58,26,25,CAMBRIAN,,Herkimer Limestone,Herkimer Limestone,,350,350,350,,,false,false,
58,27,26,CAMBRIAN,,Dagmar Dolomite,Dagmar Dolomite,,85,85,85,,boundstone,false,false,
58,28,26,CAMBRIAN,,Teutonic Limestone,Teutonic Limestone,,560,560,560,,Glossopleura (trilobite),false,false,
58,29,27,CAMBRIAN,,Ophir Formation,Ophir Formation,,260-400,260,400,,Skolithus (worm tube),false,false,
58,30,28,CAMBRIAN,,Tintic Quartzite,Tintic Quartzite,,3100,3100,3100,,deposited as a marine beach sand; forms pale orange cliffs; PAHVANT THRUST,false,false,
58,31,29,JURA,,Navajo Sandstone,Navajo Sandstone,,1500±,1500,1500,,cross-bedded eolian sandstone,false,false,
59,1,1,Q,,Basalt & L. Bonneville seds,Basalt & L. Bonneville seds,,0-500,0,500,,"7000 - 70,000 yrs. flows",false,false,
59,2,2,Q,,Rhyolite of White Mtn,Rhyolite of White Mtn,,0-50,0,50,,0.4 m.y.,false,false,
59,3,3,Q,,Basaltic Flows of Cove Ft,Basaltic Flows of Cove Ft,,0-150,0,150,,0.3-0.5 m.y. flows,false,false,
59,4,4,Q,,Basalts near Kanosh,Basalts near Kanosh,,0-300,0,300,,"0.7 m.y. cones, flows",false,false,
59,5,5,M-P,,Basin-fill deposits,Basin-fill deposits,,0-300,0,300,,Sevier River Fm equivalent; Basin-RangeR UNCONFORMITY,false,false,
59,6,6,M-P,,Joe Lott Tuff Mbr of Mt. B.V.,Joe Lott Tuff Member of Mt. B.V.,,0-200,0,200,,19 m.y.,false,false,
59,7,7,OLIGOCENE,,Osiris Tuff,Osiris Tuff,,0-200,0,200,,23 m.y.,false,false,
59,8,7,OLIGOCENE,,Tuff of Albinus Canyon,Tuff of Albinus Canyon,,0-100,0,100,,25 m.y.,false,false,
59,9,7,OLIGOCENE,,Three Creeks Tuff Member of the Bullion Canyon Volcanics,Three Creeks Tuff Member of the Bullion Canyon Volcanics,,0-2500,0,2500,,27 m.y.; caldera east of Cove Fort,false,false,
59,10,8,OLIGOCENE,,Volcanics of Wales Canyon,Volcanics of Wales Canyon,,0-200,0,200,,andesitic flows,false,false,
59,11,9,OLIGOCENE,,Volcanics Dog Valley,Volcanics Dog Valley,,0-200,0,200,,andesitic flow breccia,false,false,
59,12,10,OLIGOCENE,,Tuff of Dog Valley,Tuff of Dog Valley,,0-400,0,400,,33.6 m.y. Ar/Ar,false,false,
59,13,11,K-P,,North Horn Fm,North Horn Formation,,0-1500,0,1500,,CRETACEOUS ROCKS ARE SYNOROGENIC,false,false,
59,14,12,JURA,,Navajo Sandstone,Navajo Sandstone,,1200-1700,1200,1700,,JURASSIC - TRIASSIC STRATA ARE AUTOCHTHONOUS (PRE-OROGENIC),false,false,
59,15,13,TRIASSIC,Chinle Fm,Upper member,Upper member,,70-270,70,270,,,false,false,
59,16,14,TRIASSIC,Chinle Fm,Shinarump Cg M,Shinarump Conglomerate Member,,150-300,150,300,,petrified wood,false,false,
59,17,15,TRIASSIC,Moenkopi Fm,Upper red member,Upper red member,,760,760,760,,,false,false,
59,18,16,TRIASSIC,Moenkopi Fm,Virgin Ls Mbr,Virgin Limestone Member,,350,350,350,,“Shnabkaib” formerly,false,false,
59,19,17,TRIASSIC,Moenkopi Fm,Lower red member,Lower red member,,550,550,550,,“middle red” formerly,false,false,
59,20,18,TRIASSIC,Moenkopi Fm,Sinbad Ls Mbr,Sinbad Limestone Member,,180,180,180,,Meekoceras,false,false,
59,21,19,TRIASSIC,Moenkopi Fm,Black Dragon Mbr,Black Dragon Member,,280,280,280,,Woodside Shale equivalent,false,false,
59,22,20,PERMIAN,,Kaibab Limestone,Kaibab Limestone,,880,880,880,,PALEOZOIC STRATA ARE PART OF THE PAHVANT ALLOCHTHON,false,false,
59,23,21,PERMIAN,Toroweap Fm,Evaporite member,Evaporite member,,230,230,230,,gypsum,false,false,
59,24,22,PERMIAN,Toroweap Fm,Limestone member,Limestone member,,240,240,240,,,false,false,
59,25,23,PERMIAN,,Queantoweap Sandstone,Queantoweap Sandstone,,800,800,800,,Cedar Mesa Ss equivalent,false,false,
59,26,24,PERMIAN,,Pakoon Dolomite,Pakoon Dolomite,,450,450,450,,Elephant Canyon Fm equivalent,false,false,
59,27,25,P,,Callville Limestone,Callville Limestone,,500,500,500,,,false,false,
59,28,26,MISS,,Humbug Formation,Humbug Formation,,0-350,0,350,,,false,false,
59,29,26,MISS,Deseret Fm,Uncle Joe Mbr,Uncle Joe Member,,10-160,10,160,,,false,false,
59,30,27,MISS,Deseret Fm,Tetro Member,Tetro Member,,500,500,500,,"Redwall Ls of Davis, 1983",false,false,
59,31,28,MISS,Deseret Fm,Delle Phosph Mbr,Delle Phosph Member,,165-190,165,190,,,false,false,
59,32,29,MISS,,Gardison Limestone,Gardison Limestone,,250,250,250,,,false,false,
59,33,30,DEVONIAN,Pinyon Pk Ls,Upper member,Upper member,,135,135,135,,coralline limestone,false,false,
59,34,31,DEVONIAN,Pinyon Pk Ls,Cove Ft Qtzt Mbr,Cove Ft Quartzite Member,,80-160,80,160,,sandy pelmicrite; stromatoporoids,false,false,
59,35,32,DEVONIAN,,Guilmette Formation,Guilmette Formation,,460-570,460,570,,dark gray,false,false,
59,36,33,DEVONIAN,,Simonson Dolomite,Simonson Dolomite,,180,180,180,,,false,false,
59,37,34,DEVONIAN,,Sevy Dolomite,Sevy Dolomite,,710,710,710,,weathers light gray; abundant fish plates,false,false,
59,38,35,S,,Laketown Dolomite,Laketown Dolomite,,250,250,250,,algal structures,false,false,
59,39,36,S,,Bluebell Dolomite,Bluebell Dolomite,,320,320,320,,,false,false,
59,40,37,ORD,,Eureka Quartzite,Eureka Quartzite,,170,170,170,,,false,false,
59,41,38,ORD,,Pogonip Group,Pogonip Group,,1100,1100,1100,,Orthambonites; intraformational conglomerate,false,false,
59,42,39,CAMBRIAN,,Upper Cambrian dolomite,Upper Cambrian dolomite,,1000?,1000,1000,,algal boundstone; dark gray,false,false,
59,43,40,CAMBRIAN,,Pierson Cove Formation,Pierson Cove Formation,,1000,1000,1000,,,false,false,
59,44,40,CAMBRIAN,,Middle Cambrian Ls,Middle Cambrian Limestone,,400,400,400,,Glossopleura,false,false,
59,45,41,CAMBRIAN,Pioche Fm,Tatow Member,Tatow Member,,90,90,90,,,false,false,
59,46,41,CAMBRIAN,Pioche Fm,Lower member,Lower member,,200,200,200,,Chancia ebdome,false,false,
59,47,42,CAMBRIAN,,Tintic Quartzite,Tintic Quartzite,,3000,3000,3000,,,false,false,
59,48,43,,,MESOZOIC ROCKS BENEATH PAHVANT THRUST,MESOZOIC ROCKS BENEATH PAHVANT THRUST,,,,,,,true,false,
60,1,1,Q,,"Alluvium, colluvium, landslide & glacial deposits","Alluvium, colluvium, landslide & glacial deposits",,0-500,0,500,,glaciated above 9800 ft,false,false,
60,2,2,MIOCENE,,Concealed valley fill in Sevier Valley- includes buried Sevier River Fm and possible diapiric masses of Jurassic Arapien Shale and evaporites,Concealed valley fill in Sevier Valley- includes buried Sevier River Formation and possible diapiric masses of Jurassic Arapien Shale and evaporites,,as much as 6000 feet locally,6000,6000,,thickness estimated from geophysical data,false,false,
60,3,4,MIOCENE,,Sevier River Formation- exposed on Sevier Valley flanks,Sevier River Formation- exposed on Sevier Valley flanks,,0-1000,0,1000,,7-14 m.y.,false,false,
60,4,4,MIOCENE,,Basalt flow,Basalt flow,,20,20,20,,,false,false,
60,5,5,MIOCENE,,"Joe Lott Tuff M, Mt. Belknap V","Joe Lott Tuff Member, Mt. Belknap V",,20,20,20,,Basin-Range UNCONFORMITY; 19 m.y.,false,false,
60,6,6,MIOCENE,,Osiris Tuff,Osiris Tuff,,100,100,100,,23 m.y. ash-flow tuff,false,false,
60,7,7,OLIGOCENE,,Bullion Canyon Volcanics,Bullion Canyon Volcanics,,400-1500,400,1500,,formerly known as Dry Hollow Fm. now believed to have been derived from several volcanic centers,false,false,
60,8,7,OLIGOCENE,,Lava Flows of Signal Peak,Lava Flows of Signal Peak,,400-1500,400,1500,,,false,false,
60,9,7,OLIGOCENE,,Tuff of Glenwood Mt,Tuff of Glenwood Mt,,,,,,,false,false,
60,10,7,OLIGOCENE,,Antimony Tuff M of Mt. Dutton Fm,Antimony Tuff Member of Mt. Dutton Formation,,,,,,,false,false,
60,11,8,OLIGOCENE,,Tuff of Albinus Canyon,Tuff of Albinus Canyon,,200,200,200,,25 m.y.,false,false,
60,12,9,OLIGOCENE,,Three Creeks Tuff Mbr,Three Creeks Tuff Member,,200,200,200,,27 m.y.,false,false,
60,13,9,OLIGOCENE,,Volcanic rocks of Cliff Canyon,Volcanic rocks of Cliff Canyon,,200,200,200,,,false,false,
60,14,10,OLIGOCENE,,Volcanic rocks of Dog Valley,Volcanic rocks of Dog Valley,,600,600,600,,,false,false,
60,15,10,OLIGOCENE,,Older volcanic rocks,Older volcanic rocks,,600,600,600,,,false,false,
60,16,11,OLIGOCENE,,Dipping Vat Formation,Dipping Vat Formation,,600,600,600,,,false,false,
60,17,12,EOCENE,,Aurora Formation,Aurora Formation,,580,580,580,,39 m.y.,false,false,
60,18,13,EOCENE,,Crazy Hollow Formation,Crazy Hollow Formation,,260,260,260,,,false,false,
60,19,14,EOCENE,,Green River Formation,Green River Formation,,0-50,0,50,,44 m.y.; calcareous mudstone & sandy limestone,false,true,
60,20,15,EOCENE,Flagstaff Fm,Upper white member,Upper white member,,170-185,170,185,,,false,false,
60,21,16,EOCENE,Flagstaff Fm,Upper red member,Upper red member,,50-160,50,160,,brick-red sandy mudstone sandstone & conglomerate,false,false,
60,22,17,EOCENE,Flagstaff Fm,Middle white member,Middle white member,,515,515,515,,"calcareous sandstone, sandy limestone with lesser sandy mudstone",false,false,
60,23,18,PALEOCENE,Flagstaff Fm,Middle red member,Middle red member,,600,600,600,,"interbeds of brick-red sandstone, siltsone, & mudstone with minor conglomerate",false,false,
60,24,19,PALEOCENE,Flagstaff Fm,Lower white member,Lower white member,,240,240,240,,calcareous sandstone & sandy limestone & mudstone,false,false,
60,25,20,PALEOCENE,Flagstaff Fm,Lower red member,Lower red member,,320+,320,320,,"interbeds of brick-red sandstone, siltsone, & mudstone with minor conglomerate",false,false,
60,26,21,CRETACEOUS,,North Horn Formation,North Horn Formation,,0-3300,0,3300,,overlies Paleozoic rocks on west side of Pahvant Range; thins southward abruptly; basal conglomerates sometimes called Price River-Indianola,false,false,
60,27,23,J,,Arapien Shale,Arapien Shale,,2000+,2000,2000,,"occurs as distorted masses near Glenwood, forms badlands",false,false,
60,28,25,Mz,,Pre-Arapien Mesozoic strata,Pre-Arapien Mesozoic strata,,4000,4000,4000,,occurs on west side of Pahvant Range and in deeper wells drilled in Sevier Valley,false,true,
60,29,26,PALEO,,"Paleozoic limestone, dolomite, and quartzite","Paleozoic limestone, dolomite, and quartzite",,"5000-10,000",5000,10000,,,false,false,
61,1,1,Q,,Alluvium & colluvium,Alluvium & colluvium,,0-5000,0,5000,,0.7 m.y. Bishop Ash,false,false,
61,2,2,E,,Moroni Formation,Moroni Formation,,0-800,0,800,,35 m. y. volcaniclastics,false,false,
61,3,3,P,,Flagstaff Limestone,Flagstaff Limestone,,0-50,0,50,,,false,false,
61,4,3,CRET,,North Horn Fm,North Horn Formation,,0-600,0,600,,"red, post-orogenic; ANGULAR UNCONFORMITY",false,false,
61,5,4,CRET,,Indianola Group,Indianola Group,,0-50+,0,50,,,false,false,
61,6,4,CRET,,Cedar Mountain Fm,Cedar Mountain Formation,,600,600,600,,Rees Flat area,false,false,
61,7,5,JURASSIC,,Twist Gulch Fm,Twist Gulch Formation,,500,500,500,,,false,false,
61,8,6,JURASSIC,,Arapien Shale,Arapien Shale,,2000+,2000,2000,,gypsiferous,false,false,
61,9,6,JURASSIC,Twin Creek Ls,Watton Canyon M,Watton Canyon Member,,100,100,100,,intensely contorted,false,false,
61,10,6,JURASSIC,Twin Creek Ls,Boundary Ridge M,Boundary Ridge Member,,100,100,100,,,false,false,
61,11,7,JURASSIC,Twin Creek Ls,Rich Member,Rich Member,,100-200,100,200,,,false,false,
61,12,8,JURASSIC,Twin Creek Ls,Sliderock Member,Sliderock Member,,50-80,50,80,,Isocrinus (also called Pentacrinus); J-1 UNCONFORMITY,false,false,
61,13,8,JURASSIC,,GypsumSpring Fm,GypsumSpring Formation,,10,10,10,,,false,false,
61,14,8,JURASSIC,,Nugget Sandstone (Navajo),Nugget Sandstone (Navajo),,1400,1400,1400,,Triassic-Jurassic rocks are generally attenuated near the Nebo Thrust where they are not as thick as listed here,false,false,
61,15,9,TRIASSIC,,Ankareh Formation,Ankareh Formation,,900,900,900,,,false,false,
61,16,10,TRIASSIC,,Thaynes Formation,Thaynes Formation,,800-1300,800,1300,,,false,false,
61,17,11,TRIASSIC,,Woodside Shale,Woodside Shale,,200-1000?,200,1000,,,false,false,
61,18,12,PERMIAN,Park City Group,Franson Fm,Franson Formation,,430,430,430,,,false,false,
61,19,13,PERMIAN,Park City Group,Meade Peak Phosp,Meade Peak Phosp,,160,160,160,,"cherty, phosphatic member of Phosphoria Fm",false,true,
61,20,14,PERMIAN,Park City Group,Grandeur Fm,Grandeur Formation,,600,600,600,,,false,false,
61,21,15,PERMIAN,,Diamond Creek Ss,Diamond Creek Sandstone,,330-800,330,800,,,false,false,
61,22,16,PERMIAN,,Kirkman limestone,Kirkman limestone,,130-170,130,170,,,false,false,
61,23,17,PENNSYLVANIAN,,Oquirrh Group (undivided),Oquirrh Group (undivided),,"15,000?",15000,15000,,Streptognathodus; Sweetognathus; Mt.Nebo crest,false,false,
61,24,18,MISSISSIPPIAN,,Manning Canyon Shale,Manning Canyon Shale,,1000+,1000,1000,,slumps & landslides,false,false,
61,25,19,MISSISSIPPIAN,,Great Blue Limestone,Great Blue Limestone,,900+,900,900,,thin-bedded,false,false,
61,26,20,MISSISSIPPIAN,,Humbug Formation,Humbug Formation,,700,700,700,,,false,false,
61,27,20,MISSISSIPPIAN,,Deseret Limestone,Deseret Limestone,,800,800,800,,,false,false,
61,28,21,MISSISSIPPIAN,,Gardison Limestone,Gardison Limestone,,300,300,300,,,false,false,
61,29,22,D,,Fitchville Formation,Fitchville Formation,,230,230,230,,,false,false,
61,30,23,CAMBRIAN,,Ajax Dolomite,Ajax Dolomite,,0-340,0,340,,cut out to north,false,false,
61,31,24,CAMBRIAN,,Opex Formation,Opex Formation,,200,200,200,,,false,false,
61,32,25,CAMBRIAN,,Cole Canyon Dolomite,Cole Canyon Dolomite,,500,500,500,,,false,false,
61,33,26,CAMBRIAN,,Bluebird Dolomite,Bluebird Dolomite,,80-150,80,150,,,false,false,
61,34,26,CAMBRIAN,,Herkimer Limestone,Herkimer Limestone,,230-440,230,440,,,false,false,
61,35,27,CAMBRIAN,,Dagmar Dolomite,Dagmar Dolomite,,40,40,40,,,false,false,
61,36,28,CAMBRIAN,,Teutonic Limestone,Teutonic Limestone,,350-410,350,410,,white boundstone,false,false,
61,37,29,CAMBRIAN,,Ophir Formation,Ophir Formation,,240,240,240,,,false,false,
61,38,30,CAMBRIAN,,Tintic Quartzite,Tintic Quartzite,,800-580,580,800,,,false,false,
61,39,31,CAMBRIAN,,Diabase flow,Diabase flow,,50,50,50,,,false,false,
61,40,32,CAMBRIAN,,,,,70-90,70,90,,amygdaloidal,false,false,
61,41,33,pЄ,,Big Cottonwood Fm,Big Cottonwood Formation,,860-1230,860,1230,,,false,false,
61,42,34,pЄ,,"Santaquin Complex - schist, gneiss","Santaquin Complex - schist, gneiss",,,,,,1.67 b.y.,false,false,
62,1,1,Q,,Alluvium & Lake Bonneville beds,Alluvium & Lake Bonneville beds,,0-100,0,100,,,false,false,
62,2,2,,,Volcanic ash,Volcanic ash,,0-100,0,100,,Miocene?,false,false,
62,3,3,EOCENE,,Moroni Fm (chiefly volcaniclastics),Moroni Formation (chiefly volcaniclastics),,0-500,0,500,,35 m.y. Ar/Ar,false,false,
62,4,4,EOCENE,,Uinta Formation,Uinta Formation,,300-500,300,500,,Eocene,false,false,
62,5,5,EOCENE,,Green River Formation,Green River Formation,,400-1800,400,1800,,Gar fish; green,false,false,
62,6,6,EOCENE,,Colton Formation,Colton Formation,,0-400,0,400,,red to green mudstone,false,false,
62,7,7,PALEO,,Flagstaff Formation,Flagstaff Formation,,100-600,100,600,,"oncolites, tar beds; pantodont mammals",false,false,
62,8,8,PALEO,Red Narrows Cg (of Young),North Horn Formation,North Horn Formation,,50-2000,50,2000,,forms slumps and landslides near Thistle,false,false,
62,9,9,CRETACEOUS,Red Narrows Cg (of Young),Price River Fm,Price River Formation,,200-300,200,300,,"tan conglomerate, clasts to 3 ft; ANGULAR UNCONFORMITY",false,false,
62,10,10,CRETACEOUS,Indianola Group,Funk Valley Fm?,Funk Valley Formation?,,1000+,1000,1000,,Indianola Group thicker and better exposed to the south near Indianola,false,true,
62,11,11,CRETACEOUS,Indianola Group,Allen Valley Shale,Allen Valley Shale,,100,100,100,,,false,false,
62,12,12,CRETACEOUS,Indianola Group,Sanpete Ss,Sanpete Sandstone,,300,300,300,,,false,false,
62,13,13,CRETACEOUS,,Cedar Mountain Formation,Cedar Mountain Formation,,1000-1800,1000,1800,,"unstable, slumps; ""Morrison?"" of old reports; gastroliths common in lower Cedar Mtn",false,false,
62,14,14,JURASSIC,,Twist Gulch Formation,Twist Gulch Formation,,700-1500,700,1500,,"called Summerville & Curtis at Monks Hollow by Young, equivalent to Preuss Fm",false,false,
62,15,15,JURASSIC,,Arapien Shale (Imlay's Upper Twin Creek members included in Arapien at Billies Mountain section),Arapien Shale (Imlay's Upper Twin Creek members included in Arapien at Billies Mountain section),,1600,1600,1600,,upper Arapien equivalent to Entrada Fm of Young at Monks Hollow; *290' Giraffe Creek Mbr; *275' Leeds Creek Mbr,false,false,
62,16,16,JURASSIC,Twin Creek Ls,Watton Canyon Mbr,Watton Canyon Member,,360-345*,345,360,,*thickness of Twin Creek Limestone members of Imlay at Monks Hollow,false,true,
62,17,17,JURASSIC,Twin Creek Ls,Boundary Ridge Mbr,Boundary Ridge Member,,40-60,40,60,,,false,false,
62,18,18,JURASSIC,Twin Creek Ls,Rich Member,Rich Member,,210-120*,120,210,,,false,false,
62,19,19,JURASSIC,Twin Creek Ls,Sliderock Member,Sliderock Member,,70,70,70,,Isocrinus; red beds,false,false,
62,20,20,JURASSIC,,Gypsum Spring Fm,Gypsum Spring Formation,,10-50*,10,50,,,false,false,
62,21,20,JURASSIC,,Nugget (or Navajo) Sandstone,Nugget (or Navajo) Sandstone,,1400-1500,1400,1500,,J-1 UNCONFORMITY; white ss irregularly in upper part; red ss in lower part,false,false,
62,22,21,TRIASSIC,Ankareh Fm,Sandstone unit,Sandstone unit,,310,310,310,,Chinle equivalent?,false,false,
62,23,22,TRIASSIC,Ankareh Fm,Bentonite unit,Bentonite unit,,370,370,370,,slumps,false,false,
62,24,23,TRIASSIC,Ankareh Fm,Siltstone unit,Siltstone unit,,850,850,850,,Moenkopi equivalent; Diamond Fork Jct,false,false,
62,25,24,TRIASSIC,,Thaynes Formation,Thaynes Formation,,1200,1200,1200,,"Moenkopi equivalent; unstable, slumps; Platyvillosus fauna",false,false,
62,26,25,TRIASSIC,,Woodside Shale,Woodside Shale,,50-150,50,150,,,false,false,
62,27,26,PERMIAN,Park City Group,Franson Fm,Franson Formation,,0-900,0,900,,cut out in Spanish Fork Canyon by fault,false,false,
62,28,27,PERMIAN,Park City Group,Meade Pk Phosph,Meade Peak Phosph,,230,230,230,,,false,false,
62,29,28,PERMIAN,Park City Group,Grandeur Ls,Grandeur Limestone,,200-1170,200,1170,,,false,false,
62,30,29,PERMIAN,,Diamond Creek Sandstone,Diamond Creek Sandstone,,900,900,900,,anticline at Castilla,false,false,
62,31,30,PERMIAN,,Kirkman Limestone,Kirkman Limestone,,75-280,75,280,,sinkholes in Covered Bridge (Pole) Canyon,false,false,
62,32,31,PERMIAN,Oquirrh Group,Granger Mountain Formation,Granger Mountain Formation,,5000,5000,5000,,Cold Springs; Pseudofusulina; Pseudoschwagerina; tan fine-grained ss; Schwagerina,false,false,
62,33,32,IP,Oquirrh Group,Wallsburg Ridge Fm,Wallsburg Ridge Formation,,500+,500,500,,"Millerella, Triticites",false,false,
63,1,1,Q,,Younger alluvial deposits,Younger alluvial deposits,,0-200,0,200,,,false,false,
63,2,2,Q,,Older alluvial deposits,Older alluvial deposits,,0-500?,0,500,,,false,false,
63,3,3,EOCENE,,Salt Creek Fanglomerate,Salt Creek Fanglomerate,,0-500,0,500,,,false,false,
63,4,4,EOCENE,,Moroni Formation,Moroni Formation,,200-2000,200,2000,,Salt Creek trachyte dike 34.7 m.y. Ar/Ar; 34.3 - <37.5? m.y. Ar-Ar,false,false,
63,5,5,EOCENE,,Crazy Hollow Fm,Crazy Hollow Formation,,170-220,170,220,,varicolored muds,false,false,
63,6,6,EOCENE,,Green River Formation,Green River Formation,,0-1200,0,1200,,44 m.y. K-Ar,false,false,
63,7,7,EOCENE,,Colton Formation,Colton Formation,,0-700,0,700,,,false,false,
63,8,8,PAL,,Flagstaff Limestone,Flagstaff Limestone,,0-700,0,700,,white limestone with interbedded clastics,false,false,
63,9,9,PAL,,North Horn Formation,North Horn Formation,,750-1500,750,1500,,"poorly exposed, forms red soil with pebble & cobble float, some local limestone lenses; ANGULAR UNCONFORMITY",false,false,
63,10,10,CRETACEOUS,Indianola Group,Sixmile Canyon equivalent,Sixmile Canyon equivalent,,7100,7100,7100,,fluvial deposits; massive alluvial fan conglomerate,false,false,
63,11,11,CRETACEOUS,Indianola Group,Funk Valley equivalent,Funk Valley equivalent,,1600-2000,1600,2000,,Inoceramus; marine ss & shale with interbedded cg,false,false,
63,12,12,CRETACEOUS,Indianola Group,Allen Valley eq,Allen Valley eq,,0-360,0,360,,marine shale & ss; Collignoniceras,false,false,
63,13,13,CRETACEOUS,Indianola Group,Sanpete Fm equivalent,Sanpete Formation equivalent,,1400,1400,1400,,"(San Pitch Fm?, see Sprinkel et al., 1999); braided fluvial pebbly sandsotne; NOTE: Indianola, Cedar Mountain, and Twist Gulch units thin greatly near folds with Arapien cores; see Witkind, 1983",false,true,
63,14,14,CRETACEOUS,,Cedar Mountain Formation,Cedar Mountain Formation,,1300,1300,1300,,"(characteristically contains calcareous nodules, gastroliths in lower third, interbedded cg, ss, grit, and locally pink oncolitic limestone beds)",false,false,
63,15,15,JURASSIC,,Twist Gulch Formation,Twist Gulch Formation,,600-1000,600,1000,,poorly exposed,false,false,
63,16,16,JURASSIC,,Arapien Shale,Arapien Shale,,several thousand due to tectonic thickening,,,,"gypsiferous, with salt locally; incompletely exposed",false,false,
64,1,1,Q,,"Alluvium, valley fill","Alluvium, valley fill",,0-500,0,500,,thickest in Sanpete Valley; mastodon and mammoth fossils,false,false,
64,2,2,P,,Alkalic diabase dikes & sills,Alkalic diabase dikes & sills,,1-5' wide,1,5,,5 m.y.,false,false,
64,3,3,Φ,,Mica-perdotite dikes & sills,Mica-perdotite dikes & sills,,1-5' wide,1,5,,24 m.y.,false,false,
64,4,5,EOCENE,,Moroni Formation,Moroni Formation,,0-700,0,700,,"agglomerate, tuff & welded tuff, qtzt conglomerate at base; 35 ± m.y.",false,false,
64,5,6,EOCENE,Green River Fm,Upper member,Upper member,,1400-2000,1400,2000,,"formerly called Crazy Hollow; calcareous shale & ls, minor ss & cg",false,false,
64,6,7,EOCENE,Green River Fm,Middle member,Middle member,,320,320,320,,"algal, ostracodal, oolitic",false,false,
64,7,8,EOCENE,Green River Fm,Lower member,Lower member,,580,580,580,,"green and brown shale & ss, lesser ls, cg",false,false,
64,8,9,EOCENE,,Colton Formation,Colton Formation,,200+,200,200,,"red sh, ss, mostly covered",false,false,
64,9,10,PAL,,Flagstaff Limestone,Flagstaff Limestone,,300+,300,300,,,false,false,
64,10,11,CRETACEOUS,,North Horn Formation,North Horn Formation,,1400-2000,1400,2000,,prone to slumping; thin lignite beds,false,false,
64,11,12,CRETACEOUS,Mesaverde Group,Price River Formation,Price River Formation,,240-320,240,320,,,false,false,
64,12,13,CRETACEOUS,Mesaverde Group,Castlegate Sandstone,Castlegate Sandstone,,220-320,220,320,,,false,false,
64,13,14,CRETACEOUS,Mesaverde Group,Blackhawk Formation,Blackhawk Formation,,1100-1300,1100,1300,,coal; Three States Utah Fuel #8 18-13S-7E and Pacific-Western Gordon Creek #1 24-14S-7E and Skelly #5 Unit 25-14S-7E,false,true,
64,14,15,CRETACEOUS,Mesaverde Group,Star Point Sandstone,Star Point Sandstone,,300-600,300,600,,,false,false,
64,15,16,CRETACEOUS,Mancos Shale,Upper Blue Gate Shale Member,Upper Blue Gate Shale Member,,1050,1050,1050,,(formerly incorrectly called Masuk Mbr),false,false,
64,16,17,CRETACEOUS,Mancos Shale,Emery Sandstone Member,Emery Sandstone Member,,1400-1700,1400,1700,,,false,false,
64,17,18,CRETACEOUS,Mancos Shale,Lower Blue Gate Shale Member,Lower Blue Gate Shale Member,,1850,1850,1850,,dark gray marine shale,false,false,
64,18,19,CRETACEOUS,Mancos Shale,Ferron Ss Mbr,Ferron Sandstone Member,,490,490,490,,,false,false,
64,19,20,CRETACEOUS,Mancos Shale,Tununk Sh Mbr,Tununk Shale Member,,330,330,330,,dark gray marine shale,false,false,
64,20,21,CRETACEOUS,,Naturita Formation,Naturita Formation,,160,160,160,,,false,false,
64,21,22,CRETACEOUS,,Cedar Mountain Formation,Cedar Mountain Formation,,1440,1440,1440,,"formerly identified as ""Morrison?""",false,false,
64,22,23,JURASSIC,,Summerville Formation,Summerville Formation,,450-520,450,520,,,false,false,
64,23,24,JURASSIC,,Curtis Formation,Curtis Formation,,170-240,170,240,,J-3 UNCONFORMITY,false,false,
64,24,25,JURASSIC,,Entrada Formation,Entrada Formation,,1080-1150,1080,1150,,equivalent to the Twist Gulch Fm in Sanpete Valley,false,false,
64,25,26,JURASSIC,,Carmel Formation,Carmel Formation,,1220,1220,1220,,equivalent to the Arapien Shale in Sanpete Valley; Twin Creek Limestone equivalent (lower part),false,false,
64,26,27,JURASSIC,,Navajo Sandstone,Navajo Sandstone,,340,340,340,,J-1 UNCONFORMITY,false,false,
64,27,28,JURASSIC,,Kayenta Formation,Kayenta Formation,,130,130,130,,,false,false,
64,28,29,JURASSIC,,Wingate Sandstone,Wingate Sandstone,,350,350,350,,,false,false,
64,29,30,TRIASSIC,,Chinle Shale,Chinle Shale,,280-330,280,330,,,false,false,
64,30,31,TRIASSIC,Moenkopi Fm,Upper member,Upper member,,750,750,750,,,false,false,
64,31,32,TRIASSIC,Moenkopi Fm,Sinbad Ls Mbr,Sinbad Limestone Member,,100,100,100,,,false,false,
64,32,33,TRIASSIC,Moenkopi Fm,Lower member,Lower member,,360,360,360,,,false,false,
64,33,34,PERM,,Park City Formation,Park City Formation,,230,230,230,,,false,false,
64,34,35,PERM,,Diamond Creek Sandstone,Diamond Creek Sandstone,,750,750,750,,,false,false,
64,35,36,,,Older strata not penetrated by drill,Older strata not penetrated by drill,,,,,,,true,false,
65,1,1,Q,,"Alluvium, colluvium, mass movement & terrace deposits","Alluvium, colluvium, mass movement & terrace deposits",,0-1000,0,1000,,,false,false,
65,2,2,P,,Salt Creek Fanglomerate,Salt Creek Fanglomerate,,0-500+,0,500,,"reddish, crudely bedded",false,false,
65,3,3,Φ,,Levan monzonite intrusions,Levan monzonite intrusions,,,,,,24 m.y. Ar/Ar,false,false,
65,4,4,EOCENE,,Skinner Peaks Quad / Fountain Green area / SPQ / FGA,Skinner Peaks Quad / Fountain Green area / SPQ / FGA,,,,,,,true,false,
65,5,5,EOCENE,,Formation of Painted Rocks (5 members),Formation of Painted Rocks (5 members),Skinner Peaks Quad,up to 4000?,4000,4000,,"34-39 m.y. Ar/Ar; see Felger et al., 2007",false,false,
65,6,5,EOCENE,,Moroni Fm & unnamed volcaniclastics,Moroni Formation & unnamed volcaniclastics,Fountain Green area,up to 1000,1000,1000,,,false,false,
65,7,6,EOCENE,,"Goldens Ranch Fm, Chicken Creek Tuff Mbr","Goldens Ranch Formation, Chicken Creek Tuff Member",,170,170,170,,38.6 m.y. Ar/Ar,false,false,
65,8,7,EOCENE,,Green River Formation,Green River Formation,,0-1500,0,1500,,43-46 m.y. Ar/Ar,false,false,
65,9,8,EOCENE,,Colton Formation,Colton Formation,,0-860,0,860,,,false,false,
65,10,9,PALEO,,Flagstaff Limestone,Flagstaff Limestone,,0-940,0,940,,,false,false,
65,11,10,CRETACEOUS,,North Horn Formation,North Horn Formation,,0-5400,0,5400,,"see Lawton et al, 1995, for description of these units on the east side of the San Pitch Mts; also Lawton & Weiss, 1999; SEVIER SYNOROGENIC DEPOSITS",false,true,
65,12,10,CRETACEOUS,North Horn Formation,Upper redbed member,Upper redbed member,,0-400,0,400,,,false,false,
65,13,10,CRETACEOUS,North Horn Formation,"Wales Tongue, Flagstaff Ls","Wales Tongue, Flagstaff Limestone",,20-430,20,430,,,false,false,
65,14,10,CRETACEOUS,North Horn Formation,Coal Canyon Mbr,Coal Canyon Member,,0-200,0,200,,,false,false,
65,15,10,CRETACEOUS,North Horn Formation,Big Mtn Mbr,Big Mtn Member,,0-750,0,750,,,false,false,
65,16,10,CRETACEOUS,North Horn Formation,Calcareous siltstone member,Calcareous siltstone member,,0-2900,0,2900,,,false,false,
65,17,10,CRETACEOUS,North Horn Formation,Coal-bearing member,Coal-bearing member,,130-380,130,380,,,false,false,
65,18,10,CRETACEOUS,North Horn Formation,Sheet sandstone member,Sheet sandstone member,,0-1310,0,1310,,,false,false,
65,19,10,CRETACEOUS,North Horn Formation,Lower redbed member,Lower redbed member,,260-660,260,660,,,false,false,
65,20,10,CRETACEOUS,North Horn Formation,Basal conglomerate,Basal conglomerate,,0-490,0,490,,,false,false,
65,21,11,CRETACEOUS,Indianola Group,South Flat Fm,South Flat Formation,NORTH,0-2830,0,2830,,,false,false,
65,22,11,CRETACEOUS,Indianola Group,Mbr 4,Member 4,NORTH,1430-1500,1430,1500,,,false,false,
65,23,11,CRETACEOUS,Indianola Group,Mbr 3,Member 3,NORTH,0-1000,0,1000,,,false,false,
65,24,11,CRETACEOUS,Indianola Group,Sixmile Canyon Fm,Sixmile Canyon Formation,SOUTH,up to 4000,4000,4000,,"cg, siltstone, coal, & sandstone of Santonian & Campanian age; see Lawton & Weiss, 1999",false,false,
65,25,11,CRETACEOUS,Indianola Group,Funk Valley Fm,Funk Valley Formation,SOUTH,1580 to 3100,1580,3100,,lower Funk Valley Fm is shoreface sandstone grading upward into fluvial deposits,false,false,
65,26,11,CRETACEOUS,Indianola Group,Allen Valley Shale,Allen Valley Shale,SOUTH,540-620,540,620,,marine siltstone & shale with few beds of air-fall tuff; Turonian ammonite Collignoniceras,false,false,
65,27,12,CRETACEOUS,Indianola Group,Mbr 2,Member 2,NORTH,0-200,0,200,,Dashed lines show probable correlations,false,false,
65,28,12,CRETACEOUS,Indianola Group,Mbr 1,Member 1,NORTH,1500-7150,1500,7150,,,false,false,
65,29,12,CRETACEOUS,Indianola Group,San Pitch Fm,San Pitch Formation,NORTH,,,,,,false,false,
65,30,12,CRETACEOUS,Indianola Group,Sanpete Ss,Sanpete Sandstone,SOUTH,560-2260,560,2260,,"quartzose, pebbly sandstone, interbedded with gray siltstone",false,false,
65,31,12,CRETACEOUS,Indianola Group,San Pitch Fm,San Pitch Formation,SOUTH,330-1100,330,1100,,"see Sprinkel et al, 1999 for correlation of units in the San Pitch and Cedar Mountain formations",false,false,
65,32,12,CRETACEOUS,San Pitch Fm,Mbr C,Member C,SOUTH,,,,,,false,false,
65,33,12,CRETACEOUS,San Pitch Fm,Mbr B,Member B,SOUTH,,,,,,false,false,
65,34,12,CRETACEOUS,San Pitch Fm,Mbr A,Member A,SOUTH,,,,,,false,false,
65,35,13,CRETACEOUS,,Cedar Mountain Formation,Cedar Mountain Formation,,400,400,400,,"red & purple mudstone; see Weiss & Roche, 1988",false,false,
65,36,14,JURASSIC,,Twist Gulch Formation,Twist Gulch Formation,,450-1840,450,1840,,Summerville Curtis - Entrada equivalents ~160 Ma U-Pb age; J-3 UNCONFORMITY; Chevron #1 Chriss Canyon 33-16S-1E; Dixel #1 Gunnison 15-16S-1E,false,true,
65,37,15,JURASSIC,,Arapien Shale,Arapien Shale,,3500-5500,3500,5500,,800-1000 feet of thin salt interbeds 1700 feet below top; Arapien is equivalent to Imlay's Giraffe Creek and Leeds Creek members,false,false,
65,38,16,JURASSIC,,Twin Creek Limestone,Twin Creek Limestone,,510-1060,510,1060,,Watton Canyon Mbr; Boundary Ridge Mbr; Rich Member; Slickrock Member; Gypsum Spring Fm,false,false,
65,39,17,JURASSIC,,Navajo Sandstone,Navajo Sandstone,,1250-1620,1250,1620,,J-1 UNCONFORMITY; sand dune deposits,false,false,
65,40,18,TRIASSIC,,Chinle Formation,Chinle Formation,,1480+,1480,1480,,non-marine mudstone siltstone & sandstone,false,false,
65,41,19,TRIASSIC,,Moenkopi Formation,Moenkopi Formation,,1590+,1590,1590,,tidal-flat deposits,false,false,
66,1,1,P,,North Horn Formation,North Horn Formation,,1205,1205,1205,,"Phillips Petroleum 1975; 27-19S-3E; TD 20,450 feet; located on Wasatch Plateau 8 miles east of Mayfield",false,false,
66,2,1,CRETACEOUS,Mesaverde Group,Price River Formation,Price River Formation,,951,951,951,,,false,false,
66,3,2,CRETACEOUS,Mesaverde Group,Castlegate Sandstone,Castlegate Sandstone,,407,407,407,,"Cretaceous units become coarser westward, and finer-grained & more marine eastward; clastics are derived from Sevier orogenic highlands in west-central Utah",false,true,
66,4,4,CRETACEOUS,Mesaverde Group,Blackhawk Formation,Blackhawk Formation,,942,942,942,,coal,false,false,
66,5,6,CRETACEOUS,Mesaverde Group,Star Point Sandstone,Star Point Sandstone,,654,654,654,,,false,false,
66,6,7,CRETACEOUS,Mancos Shale,Upper Blue Gate Member,Upper Blue Gate Member,,396,396,396,,marine,false,false,
66,7,8,CRETACEOUS,Mancos Shale,Emery Sandstone Member,Emery Sandstone Member,,2135,2135,2135,,coal,false,false,
66,8,10,CRETACEOUS,Mancos Shale,Lower Blue Gate Member,Lower Blue Gate Member,,1402,1402,1402,,marine,false,false,
66,9,11,CRETACEOUS,Mancos Shale,Ferron Sandstone Member,Ferron Sandstone Member,,712,712,712,,coal,false,false,
66,10,13,CRETACEOUS,Mancos Shale,Tununk Member,Tununk Member,,579,579,579,,marine,false,false,
66,11,14,CRETACEOUS,,Naturita Formation,Naturita Formation,,670,670,670,,,false,false,
66,12,15,CRETACEOUS,,Unnamed conglomerate,Unnamed conglomerate,,219,219,219,,,false,false,
66,13,15,CRETACEOUS,,Cedar Mountain Formation,Cedar Mountain Formation,,690,690,690,,,false,false,
66,14,15,JURASSIC,,Summerville Formation,Summerville Formation,,555,555,555,,MAJOR UNCONFORMITY; 50 million years,false,false,
66,15,16,JURASSIC,,Curtis Formation,Curtis Formation,,172,172,172,,marine; J-3 UNCONFORMITY,false,false,
66,16,16,JURASSIC,,Twist Gulch Formation,Twist Gulch Formation,,504,504,504,,,false,false,
66,17,17,JURASSIC,,Arapien Shale,Arapien Shale,,968,968,968,,"contains salt & gypsum, equivalent to upper two Twin Creek Mbrs in northern Utah",false,false,
66,18,19,JURASSIC,,Twin Creek Limestone,Twin Creek Limestone,,570,570,570,,Twin Creek here includes only Imlay's lowest 5 members,false,true,
66,19,21,JURASSIC,,Navajo Sandstone,Navajo Sandstone,,619,619,619,,J-1 UNCONFORMITY; 15 million years,false,false,
66,20,22,JURASSIC,,Kayenta Formation,Kayenta Formation,,270,270,270,,,false,false,
66,21,22,JURASSIC,,Wingate Sandstone,Wingate Sandstone,,330,330,330,,,false,false,
66,22,23,TRIASSIC,Chinle Formation,Petrified Forest Mbr,Petrified Forest Member,,300,300,300,,,false,false,
66,23,24,TRIASSIC,Chinle Formation,Moss Back Member,Moss Back Member,,78,78,78,,,false,false,
66,24,24,TRIASSIC,Moenkopi Formation,Upper red member,Upper red member,,614,614,614,,TR-3 UNCONFORMITY; 10 million years,false,false,
66,25,25,TRIASSIC,Moenkopi Formation,Shnabkaib Mbr,Shnabkaib Member,,85,85,85,,anhydrite,false,false,
66,26,26,TRIASSIC,Moenkopi Formation,Middle red Mbr,Middle red Member,,223,223,223,,,false,false,
66,27,29,TRIASSIC,Moenkopi Formation,Sinbad Ls Mbr,Sinbad Limestone Member,,238,238,238,,,false,false,
66,28,32,TRIASSIC,Moenkopi Formation,Black Dragon Mbr,Black Dragon Member,,307,307,307,,TR-1 UNCONFORMITY; 10 million years,false,true,
66,29,34,P,,Black Box (Kaibab) Dolomite,Black Box (Kaibab) Dolomite,,183,183,183,,,false,false,
66,30,37,P,,Toroweap Formation,Toroweap Formation,,479,479,479,,,false,false,
66,31,40,M,,Redwall Limestone,Redwall Limestone,,755,755,755,,EMERY UPLIFT UNCONFORMITY; 60 million years,false,true,
66,32,42,DEV,,Ouray Limestone,Ouray Limestone,,116,116,116,,,false,false,
66,33,46,DEV,,Elbert Formation,Elbert Formation,,449,449,449,,fish fossils,false,false,
66,34,46,CAMBRIAN,,Lynch Dolomite,Lynch Dolomite,,639,639,639,,MAJOR UNCONFORMTIY; 160 million years,false,false,
66,35,49,CAMBRIAN,,Maxfield Limestone,Maxfield Limestone,,677,677,677,,,false,false,
66,36,51,CAMBRIAN,,Ophir Shale,Ophir Shale,,231,231,231,,,false,false,
66,37,52,CAMBRIAN,,Tintic Quartzite,Tintic Quartzite,,126+,126,126,,base not reached,false,false,
67,1,1,Q,,Surficial deposits,Surficial deposits,,0-100,0,100,,alluvium & colluvium,false,false,
67,2,2,MIO-PLIO,,Valley fill in Sevier Valley (concealed),Valley fill in Sevier Valley (concealed),,0-1500,0,1500,,"conglomerate, mudstone, & sandstone mostly derived from the Valley Mountains; rocks below exposed",false,false,
67,3,3,MIO-PLIO,,Sevier River Formation,Sevier River Formation,,0-600,0,600,,"light-gray mudstone, sandstone, and conglomerate; UNCONFORMITY",false,false,
67,4,4,MIO-PLIO,,Osiris Tuff,Osiris Tuff,,0-50,0,50,,23 m.y. welded latite,false,false,
67,5,5,Φ,,Bentonitic clay & sandstone,Bentonitic clay & sandstone,,0-1000,0,1000,,"26 m.y. see Willis, 1991",false,false,
67,6,6,EOCENE,,Crazy Hollow Formation,Crazy Hollow Formation,,0-1000,0,1000,,orange to reddish-brown mudstone & siltstone & salt-and-pepper sandstone,false,false,
67,7,7,EOCENE,,Green River Formation,Green River Formation,,400-1100,400,1100,,"greenish-gray shale, tan sandstone, & mudstone with oolitic & cherty limestone at top",false,false,
67,8,8,EOCENE,,Colton Formation,Colton Formation,,250-450,250,450,,"reddish-brown bentonitic mudstone, siltstone, & sandstone",false,false,
67,9,9,PALEOCENE,Flagstaff Formation,Upper member,Upper member,,250-500,250,500,,"varicolored limestone, mudstone, & shale; snail, fish, ostraods;",false,false,
67,10,10,PALEOCENE,Flagstaff Formation,Middle member,Middle member,,160-400,160,400,,"reddish-brown limestone, sandstone, & mudstone",false,false,
67,11,11,PALEOCENE,Flagstaff Formation,Lower member,Lower member,,450-1100,450,1100,,"interbedded limestone, mudstone, & sandstone; snails",false,false,
67,12,12,PALEOCENE,,North Horn Formation,North Horn Formation,,1450+,1450,1450,,"brownish-yellow sandstone with interbeds of siltstone, carbonaceous mudstone, & oncolite limestone",false,false,
67,13,13,CRET,,Canyon Range Conglomerate (Valley Mts Member),Canyon Range Conglomerate (Valley Mts Member),,several thousand; covered in this area; see adjacent charts,,,,coarse clastic rocks of the Canyon Range Conglomerate pass eastward into finer-grained rocks in the Valley Mts Mbr,false,false,
67,14,13,CRET,,Indianola Formation,Indianola Formation,,several thousand; covered in this area; see adjacent charts,,,,,false,false,
67,15,14,JUR,,Twist Gulch Formation & Arapien Shale undivided,Twist Gulch Formation & Arapien Shale undivided,,several thousand; thickness uncertain due to distortion,,,,salt in Arapien has flowed upwards causing it to reach the surface as intrusive bodies of Tertiary & Quaternary age,false,false,
67,16,15,,,"No Arapien Shale in Placid well, or west of the Valley Mountains shown below","No Arapien Shale in Placid well, or west of the Valley Mountains shown below",,,,,,,true,false,
67,17,16,T,,North Horn Formation (yellow sandstone),North Horn Formation (yellow sandstone),,2045,2045,2045,,"Placid OIl 1981 WXC-USA #1-2 25-19S-2W; TD 18,266 feet; well is 13 miles NW of the town of Redmond in the Valley Mountains",false,true,
67,18,17,CRET,,Canyon Range Conglomerate,Canyon Range Conglomerate,,4704,4704,4704,,"see Lawton et al., 2007; red & tan sandy matrix pebbles, cobbles & boulders; MAJOR UNCONFORMITY",false,false,
67,19,18,ORDOVICIAN,,Fish Haven Dolomite,Fish Haven Dolomite,,562,562,562,,upper part may include some Silurian Laketown Dolomite,false,false,
67,20,19,ORDOVICIAN,,Eureka Quartzite,Eureka Quartzite,,110,110,110,,,false,false,
67,21,20,ORDOVICIAN,,Kanosh Shale,Kanosh Shale,,354,354,354,,MINOR THRUST FAULT,false,false,
67,22,21,ORDOVICIAN,,Fish Haven Dolomite,Fish Haven Dolomite,,210,210,210,,,false,false,
67,23,22,ORDOVICIAN,,Eureka Quartzite,Eureka Quartzite,,35,35,35,,tectonically thinned,false,false,
67,24,23,ORDOVICIAN,,Kanosh Shale,Kanosh Shale,,211,211,211,,olive shale,false,false,
67,25,24,ORDOVICIAN,,Pogonip Group,Pogonip Group,,1715-,1715,1715,,"fossiliferous, limestone; minor shale; intraformational conglomerate",false,false,
67,26,25,CAMBRIAN,,Ajax Dolomite,Ajax Dolomite,,625,625,625,,,false,false,
67,27,26,CAMBRIAN,,Opex Formation,Opex Formation,,378,378,378,,limestone,false,false,
67,28,27,CAMBRIAN,,Cole Canyon-Bluebird Dolomite,Cole Canyon-Bluebird Dolomite,,599,599,599,,,false,false,
67,29,27,CAMBRIAN,,Herkimer Limestone,Herkimer Limestone,,374,374,374,,& Dagmar Dolomite,false,false,
67,30,28,CAMBRIAN,,Teutonic Limestone,Teutonic Limestone,,639,639,639,,minor dolomite; THRUST FAULT,false,false,
67,31,29,CAMBRIAN,,"Limestone, dolomite minor shale","Limestone, dolomite minor shale",,4545,4545,4545,,section may be partly repeated by thrust faults,false,false,
67,32,30,CAMBRIAN,,Ophir Formation,Ophir Formation,,295,295,295,,"phyllite, limestone",false,false,
67,33,31,CAMBRIAN,,Tintic Quartzite,Tintic Quartzite,,750,750,750,,,false,false,
67,34,32,,,Proterozoic gneiss,Proterozoic gneiss,,106+,106,106,,1.2 b.y. K-Ar biotite,false,false,
68,1,1,Q,,"Alluvium, colluvium, lake beds","Alluvium, colluvium, lake beds",,0-300,0,300,,,false,false,
68,2,2,OLIG,,Osiris Tuff,Osiris Tuff,,0-350,0,350,,23 m.y.,false,false,
68,3,3,OLIG,,Fm of Black Cap Mtn,Formation of Black Cap Mtn,,0-600,0,600,,volcaniclastic sandstone,false,false,
68,4,4,OLIG,,Tuff of Albinus Canyon?,Tuff of Albinus Canyon?,,0-250,0,250,,25 m.y.,false,false,
68,5,5,OLIG,,Three Creeks Tuff Mbr,Three Creeks Tuff Member,,0-80,0,80,,27 m.y.,false,false,
68,6,6,OLIG,,"Unnamed ss, cg, mudstone","Unnamed ss, cg, mudstone",,0-600,0,600,,30 m.y. tuffaceous sandstone,false,false,
68,7,7,EOCENE,,Aurora Formation,Aurora Formation,,0-1100,0,1100,,bentonitic; 40 m.y.; formerly Bald Knoll Fm,false,false,
68,8,8,EOCENE,,Crazy Hollow Formation,Crazy Hollow Formation,,500-1000,500,1000,,red & pink mudstone; salt & pepper sandstone,false,false,
68,9,9,EOCENE,Green River Fm,Upper member,Upper member,,730,730,730,,pale yellow algal limestone; 44 m.y. K-Ar on tuffs,false,false,
68,10,10,EOCENE,Green River Fm,Lower member,Lower member,,430,430,430,,green shale; 55 m.y.,false,false,
68,11,11,EOCENE,,Colton Formation,Colton Formation,,100-530,100,530,,red mudstone,false,false,
68,12,12,P,,Flagstaff Limestone,Flagstaff Limestone,,0-600,0,600,,"ss, cg, ls, mudstone",false,false,
68,13,12,P,,North Horn Formation,North Horn Formation,,0-1200,0,1200,,STRATA BELOW THE NORTH HORN FM ARE STEEPLY TILTED; 15 M.Y. UNCONFORMITY,false,false,
68,14,13,CRETACEOUS,Indianola Group,Sixmile Canyon Formation,Sixmile Canyon Formation,,4500,4500,4500,,(not exposed in Salina Canyon; fluvial sandstone & siltstone in upward-fining cycles); *Names of equivalent units on the east side of the Wasatch Plateau; Castlegate Ss*; Blackhawk Fm*; Upper Blue Gate Sh* (formerly Masuk Sh); Emery Ss*,false,false,
68,15,14,CRETACEOUS,Indianola Group,Funk Valley Formation,Funk Valley Formation,,2400,2400,2400,,(only lower third exposed in Salina Canyon; marine shale and near-shore sandstone); Lower Blue Gate Sh*; Ferron Ss*,false,false,
68,16,15,CRETACEOUS,Indianola Group,Allen Valley Shale,Allen Valley Shale,,900,900,900,,,false,false,
68,17,16,CRETACEOUS,Indianola Group,Sanpete Formation,Sanpete Formation,,1200,1200,1200,,Tununk Shale*; Dakota Ss*,false,true,
68,18,17,CRETACEOUS,,Cedar Mountain Fm,Cedar Mountain Formation,,650,650,650,,90-96 m.y. FT zircon from bentonite beds,false,false,
68,19,17,JURASSIC,,Summerville equiv?,Summerville equiv?,,10,10,10,,60 M.Y. UNCONFORMTIY,false,false,
68,20,18,JURASSIC,Twist Gulch Fm,Curtis Fm equiv,Curtis Formation equiv,,170,170,170,,yellow sandstone; J-3 UNCONFORMTIY,false,false,
68,21,18,JURASSIC,Twist Gulch Fm,Entrada Ss equivalent,Entrada Sandstone equivalent,,1700,1700,1700,,reddish-brown siltstone; mudstone & sandstone,false,false,
68,22,19,JURASSIC,Arapien Shale,Unit E,Unit E,,200-400,200,400,,salt-bearing shale,false,false,
68,23,20,JURASSIC,Arapien Shale,Unit D,Unit D,,3000-4000,3000,4000,,gypsiferous shale; mudstone & sandstone,false,false,
68,24,21,JURASSIC,Arapien Shale,Unit C,Unit C,,1000-2000,1000,2000,,gypsum,false,false,
68,25,22,JURASSIC,Arapien Shale,Unit A,Unit A,,100,100,100,,"equivalent to Leeds Creek Member, Twin Creek Limestone",false,false,
68,26,23,Mz,,Subsurface Mesozoic strata,Subsurface Mesozoic strata,,3300+,3300,3300,,pre-Arapien strata,false,false,
68,27,24,Pz,,Subsurface Paleozoic strata,Subsurface Paleozoic strata,,3400+,3400,3400,,likely nearly horizontal,false,false,
69,1,1,Q,,Recent alluvium,Recent alluvium,,0-100,0,100,,,false,false,
69,2,2,Q,,"Outwash, older alluvium","Outwash, older alluvium",,0-200,0,200,,,false,false,
69,3,3,EOCENE,,Duchesne River Formation,Duchesne River Formation,,0-3500,0,3500,,Epihippus; subsurface,false,false,
69,4,5,EOCENE,,Uinta Formation,Uinta Formation,,2500-5000,2500,5000,,,false,false,
69,5,9,EOCENE,Green River Formation,upper member,upper member,,885-1100,885,1100,,,false,false,
69,6,9,EOCENE,Green River Formation,Parachute Creek Member,Parachute Creek Member,,885-1100,885,1100,,42 m.y. K-Ar saline tuff; 44 m.y. wavy tuff; Mahogany oil-shale marker bed,false,false,
69,7,12,EOCENE,Green River Formation,middle member,middle member,,500-1625,500,1625,,,false,false,
69,8,12,EOCENE,Green River Formation,Douglas Creek Member,Douglas Creek Member,,500-1625,500,1625,,middle marker on well logs; carbonate marker,false,false,
69,9,14,EOCENE,Green River Formation,Castle Peak tongue,Castle Peak tongue,,0-150,0,150,,tongue of Colton/Wasatch Fm,false,false,
69,10,15,EOCENE,Green River Formation,lower member,lower member,,,,,,,false,false,
69,11,16,EOCENE,Green River Formation,Uteland Butte member,Uteland Butte member,,0-500,0,500,,,false,false,
69,12,17,PALEOCENE,,Colton Formation,Colton Formation,,0-3000,0,3000,,"red sandstone, silt & shale",false,false,
69,13,17,PALEOCENE,,Flagstaff Limestone,Flagstaff Limestone,,0-1500,0,1500,,gray to green clay and ss and limestone,false,false,
69,14,17,PALEOCENE,,North Horn Formation,North Horn Formation,,0-2000,0,2000,,channel sandstone and red clay and silt,false,false,
69,15,17,PALEOCENE,,Wasatch Formation,Wasatch Formation,,985-3000,985,3000,,,false,false,
69,16,17,CRETACEOUS,,Mesaverde Group,Mesaverde Group,,1200-2700,1200,2700,,thins northeastward; coal,false,false,
69,17,20,CRETACEOUS,,Mancos Shale,Mancos Shale,,3200-5000,3200,5000,,thickens northeastward,false,false,
69,18,21,CRETACEOUS,,Frontier-Mowry Fms,Frontier-Mowry Fms,,300-350,300,350,,Note - Pipiringos & O'Sullivan (1978) show formations listed below under part of Uinta Basin,false,false,
69,19,22,CRETACEOUS,,Muddy-Cedar Mtn Fms,Muddy-Cedar Mtn Fms,,50-200,50,200,,,false,false,
69,20,23,JURASSIC,,Morrison Fm,Morrison Formation,,500-600,500,600,,,false,false,
69,21,24,JURASSIC,,Stump Fm,Stump Formation,,0-300,0,300,,Summerville Fm,false,false,
69,22,25,JURASSIC,,Entrada Sandstone,Entrada Sandstone,,150-300,150,300,,J-3 UNCONFORMITY,false,false,
69,23,28,JURASSIC,,Carmel Fm,Carmel Formation,,50-200,50,200,,J-1 UNCONFORMITY,false,false,
69,24,29,JURASSIC,,Navajo Sst,Navajo Sst,,400-700,400,700,,,false,false,
69,25,29,JURASSIC,,Kayenta Fm,Kayenta Formation,,400-700,400,700,,,false,false,
69,26,29,JURASSIC,,Wingate Sst,Wingate Sst,,400-700,400,700,,,false,false,
69,27,29,JURASSIC,,Nugget Sandstone,Nugget Sandstone,,400-700,400,700,,Kayenta pinches out under southern Uinta Basin where transition occurs between Glen Canyon Group and Nugget Sandstone.,false,false,
69,28,30,TRI,,Chinle & Gartra Mbr,Chinle & Gartra Member,,70-150,70,150,,,false,false,
69,29,30,TRI,,Moenkopi Fm,Moenkopi Formation,,100-760,100,760,,,false,false,
69,30,30,P,,Weber and Park City Fms,Weber and Park City Fms,,0-900,0,900,,,false,false,
69,31,30,M-P,,"Limestones, undivided","Limestones, undivided",,0-1500,0,1500,,Pre-Triassic rocks were all eroded from the Uncompahgre block that lies beneath part of the Uinta Basin,false,false,
69,32,30,Є,,Tintic (west) & Lodore (east),Tintic (west) & Lodore (east),,0-200,0,200,,,false,false,
69,33,30,pЄ,,Granite,Granite,,basement,,,,,false,false,
71,1,1,Q,,Alluvial & glacial deposits,Alluvial & glacial deposits,,0-300,0,300,,,false,false,
71,2,1,Φ,,Bishop Cg,Bishop Conglomerate,,0-200,0,200,,30 m.y.,false,false,
71,3,1,EOCENE,,Duchesne River Fm,Duchesne River Formation,,0-3000,0,3000,,,false,false,
71,4,1,EOCENE,,Uinta Fm,Uinta Formation,,0-4000,0,4000,,surface; subsurface,false,false,
71,5,2,EOCENE,Green River Fm in subsurface only,sst & lst facies,sst & lst facies,,0-985,0,985,,"oil producing mud-supported carbonate, interbedded with ss & bright green claystone",false,false,
71,6,2,EOCENE,Green River Fm in subsurface only,sandstone facies,sandstone facies,,0-900,0,900,,,false,false,
71,7,2,EOCENE,Green River Fm in subsurface only,saline facies,saline facies,,0-1150,0,1150,,,false,false,
71,8,2,EOCENE,Green River Fm in subsurface only,upper member,upper member,,650-1315,650,1315,,,false,false,
71,9,2,EOCENE,Green River Fm in subsurface only,middle member,middle member,,1850-2230,1850,2230,,,false,false,
71,10,2,EOCENE,Green River Fm in subsurface only,lower member,lower member,,8-850,8,850,,lower member includes Castle Peak interval and Uteland Butte member,false,false,
71,11,2,PALEO,Currant Creek Fm -about 4000ft thick as exposed west of Duchesne River,Colton Fm,Colton Formation,,0-1500,0,1500,,"sandstone, red & green clay",false,false,
71,12,4,PALEO,Currant Creek Fm -about 4000ft thick as exposed west of Duchesne River,Flagstaff Fm or Mbr of Green River Fm,Flagstaff Formation or Member of Green River Formation,,500-2000,500,2000,,"tan, gray carbonate, clay, and sandstone",false,false,
71,13,8,PALEO,Currant Creek Fm -about 4000ft thick as exposed west of Duchesne River,North Horn Formation,North Horn Formation,,0-2500,0,2500,,includes red clays,false,false,
71,14,8,CRETACEOUS,,Mesaverde Group,Mesaverde Group,,600-4000,600,4000,,coal,false,false,
71,15,9,CRETACEOUS,Mancos Shale,upper member,upper member,,1700-3000,1700,3000,,,false,false,
71,16,9,CRETACEOUS,Mancos Shale,Frontier Ss Mbr,Frontier Sandstone Member,,200,200,200,,,false,false,
71,17,11,CRETACEOUS,Mancos Shale,Tununk Sh Mbr,Tununk Shale Member,,200,200,200,,,false,false,
71,18,13,CRETACEOUS,Mancos Shale,Mowry Sh Mbr,Mowry Shale Member,,150,150,150,,formerly Dakota Sandstone,false,false,
71,19,14,CRETACEOUS,,Muddy Formation,Muddy Formation,,475-755,475,755,,Buckhorn Cg Mbr 0-50 feet,false,false,
71,20,15,CRETACEOUS,,Cedar Mountain Fm,Cedar Mountain Formation,,100-200,100,200,,,false,false,
71,21,15,JURASSIC,,Morrison Formation,Morrison Formation,,975-1100,975,1100,,J-5 UNCONFORMITY,false,false,
71,22,17,JURASSIC,,Stump Formation,Stump Formation,,100-250,100,250,,Redwater Mbr; Curtis Mbr; J-3 UNCONFORMITY,false,false,
71,23,17,JURASSIC,,Preuss Formation,Preuss Formation,,685-785,685,785,,,false,false,
71,24,18,JURASSIC,Arapien Fm,Twelvemile Canyon Mbr,Twelvemile Canyon Member,,165-655,165,655,,,false,false,
71,25,18,JURASSIC,Arapien Fm,Watton Canyon Mbr,Watton Canyon Member,,80-115,80,115,,,false,false,
71,26,19,JURASSIC,Arapien Fm,Boundary Ridge Mbr,Boundary Ridge Member,,50-115,50,115,,,false,false,
71,27,21,JURASSIC,Arapien Fm,Rich Mbr,Rich Member,,120-130,120,130,,,false,false,
71,28,23,JURASSIC,Arapien Fm,Sliderock Mbr,Sliderock Member,,30-50,30,50,,,false,false,
71,29,23,JURASSIC,,Nugget Sandstone,Nugget Sandstone,,600-985,600,985,,J-1 UNCONFORMITY,false,false,
71,30,24,TRIASSIC,Ankareh Formation,upper,upper,,250-450,250,450,,Chinle equivalent,false,false,
71,31,25,TRIASSIC,Ankareh Formation,Gartra Grit Mbr,Gartra Grit Member,,0-100,0,100,,Moenkopi Fm equivalents,false,true,
71,32,25,TRIASSIC,Ankareh Formation,lower,lower,,700-1000,700,1000,,,false,false,
71,33,27,TRIASSIC,,Thaynes Formation,Thaynes Formation,,275-490,275,490,,,false,false,
71,34,30,TRIASSIC,,Woodside Shale,Woodside Shale,,600-800,600,800,,,false,false,
71,35,32,P,,Park City Fm,Park City Formation,,300-450,300,450,,,false,false,
71,36,34,PENN,,Weber Sandstone,Weber Sandstone,,100-1500,100,1500,,,false,false,
71,37,34,PENN,,Morgan Fm,Morgan Formation,,200-250,200,250,,,false,false,
71,38,38,PENN,,Round Valley Fm,Round Valley Formation,,200-300,200,300,,,false,false,
71,39,39,MISS,,Doughnut Shale,Doughnut Shale,,100-250,100,250,,,false,false,
71,40,40,MISS,,Humbug Fm,Humbug Formation,,350-420,350,420,,beds below as exposed in west & west-central Uintas:,false,true,
71,41,41,MISS,,Deseret Ls,Deseret Limestone,,650,650,650,,,false,false,
71,42,44,MISS,,Gardison Ls,Gardison Limestone,,250,250,250,,,false,false,
71,43,45,Є,,Tintic Quartzite,Tintic Quartzite,,100-300,100,300,,,false,false,
71,44,45,NEOPROTEROZOIC,Uinta Mtn Group,Red Pine Shale,Red Pine Shale,,1800-3940,1800,3940,,"740 m.y., contains cyanobacteria fossils in gray shale",false,false,
71,45,46,NEOPROTEROZOIC,Uinta Mtn Group,Formation of Hades Pass,Formation of Hades Pass,,5900-7220,5900,7220,,"red & purple sandstone, some arkose & shale beds; see Dehler & Sprinkel, 2005",false,false,
71,46,47,NEOPROTEROZOIC,Uinta Mtn Group,Mount Watson Fm,Mount Watson Formation,,3215,3215,3215,,Red Castle is arkosic sandstone/quartzite; other units include shaly interbeds & some quartzite pebble sandstones,false,false,
71,47,47,NEOPROTEROZOIC,Uinta Mtn Group,Mount Agassiz Fm,Mount Agassiz Formation,,1017-1510,1017,1510,,,false,false,
71,48,47,NEOPROTEROZOIC,Uinta Mtn Group,Red Castle Fm,Red Castle Formation,,2040-2740,2040,2740,,,false,false,
71,49,47,NEOPROTEROZOIC,Uinta Mtn Group,Mount Agassiz Fm,Mount Agassiz Formation,,460-985,460,985,,,false,false,
71,50,48,NEOPROTEROZOIC,Uinta Mtn Group,Dead Horse Pass Fm,Dead Horse Pass Formation,,1115-1608,1115,1608,,,false,false,
71,51,48,NEOPROTEROZOIC,Uinta Mtn Group,Dead Horse Pass Fm,Dead Horse Pass Formation,,~495,495,495,,,false,false,
71,52,49,NEOPROTEROZOIC,Uinta Mtn Group,fm of Moosehorn Lake,fm of Moosehorn Lake,,490-985+,490,985,,,false,false,
72,1,1,Q,,Alluvium & other surficial deposits,Alluvium & other surficial deposits,,0-100,0,100,,,false,false,
72,2,1,EOCENE,,Uinta Formation,Uinta Formation,,1300-2500,1300,2500,,"43 m.y.; See Sandau, 2005, for summary of fossil plants and animals that evidence paleoaltitude & environment; 47 m.y.",false,false,
72,3,2,EOCENE,Green River Fm,Parachute Creek Member,Parachute Creek Member,,1000-2100,1000,2100,,48.5 m.y. Ar/Ar (Wyo); Mahogany oil shale bed; marlstone & siltstone,false,false,
72,4,5,EOCENE,Green River Fm,Douglas Creek Member,Douglas Creek Member,,500-1200,500,1200,,"sandstone, siltstone, mudstone, & stromatolitic limestone",false,false,
72,5,7,EOCENE,Green River Fm,Castle Peak interval,Castle Peak interval,,0-150,0,150,,upper Wasatch Fm tongue,false,false,
72,6,10,EOCENE,Green River Fm,Uteland Butte mbr,Uteland Butte mbr,,0-500,0,500,,"lacustrine shale and carbonate, minor sandstone",false,false,
72,7,13,PALEO,,Wasatch Formation,Wasatch Formation,,3200,3200,3200,,"54 m.y.; mainly alluvial clastic rock, minor lacustrine and eolian rock",false,false,
72,8,13,CRETACEOUS,,Mesaverde Group,Mesaverde Group,,2100-2500,2100,2500,,"Tuscher, Farrer, and Neslen Fms, undivided; coal",false,false,
72,9,15,CRETACEOUS,,Castlegate Sandstone,Castlegate Sandstone,,380,380,380,,,false,false,
72,10,16,CRETACEOUS,,Mancos Shale,Mancos Shale,,4500-5500,4500,5500,,"marine shale & siltstone, minor sandstone & carbonate rock",false,false,
72,11,17,CRETACEOUS,,Frontier Formation,Frontier Formation,,165-275,165,275,,sandstone & shale,false,false,
72,12,18,CRETACEOUS,,Mowry Shale,Mowry Shale,,130-200,130,200,,silvery shale,false,false,
72,13,19,CRETACEOUS,,Muddy Formation,Muddy Formation,,50-250,50,250,,formerly Dakota Sandstone,false,false,
72,14,20,CRETACEOUS,,Cedar Mtn Formation,Cedar Mtn Formation,,150-200,150,200,,25 m.y. unconformity,false,false,
72,15,20,JURASSIC,,Morrison Formation,Morrison Formation,,800-950,800,950,,J-5 UNCONFORMITY,false,false,
72,16,20,JURASSIC,,Stump Fm,Stump Formation,,130-260,130,260,,Redwater Mbr; Curtis Mbr,false,false,
72,17,20,JURASSIC,,Entrada Sandstone,Entrada Sandstone,,100-200,100,200,,J-3 UNCONFORMITY,false,false,
72,18,23,JURASSIC,,Carmel Formation,Carmel Formation,,275-450,275,450,,,false,false,
72,19,24,JURASSIC,,Nugget Sandstone,Nugget Sandstone,,500-900,500,900,,J-1 UNCONFORMITY; formerly called Glen Canyon Sandstone,false,false,
72,20,25,TRI,,Chinle Formation,Chinle Formation,,275-400,275,400,,,false,false,
72,21,26,TRI,,Moenkopi Formation,Moenkopi Formation,,550-850,550,850,,,false,false,
72,22,29,P,,Park City - Phosphoria Fms,Park City - Phosphoria Fms,,50,50,50,,,false,false,
72,23,31,PENN,,Weber Sandstone,Weber Sandstone,,350-750,350,750,,,false,false,
72,24,37,PENN,,Morgan Formation,Morgan Formation,,400-950,400,950,,,false,false,
72,25,43,PENN,,Round Valley Limestone,Round Valley Limestone,,200-425,200,425,,,false,false,
72,26,46,MISS,,Doughnut Formation,Doughnut Formation,,150-300,150,300,,,false,false,
72,27,48,MISS,,Humbug Formation,Humbug Formation,,200-295,200,295,,,false,false,
72,28,52,MISS,,Madison Limestone,Madison Limestone,,750,750,750,,,false,false,
72,29,55,Є,,Lodore Formation,Lodore Formation,,0-500,0,500,,150 m.y. unconformity; 1.2 b.y. unconformity,false,false,
72,30,55,pЄ,,Proterozoic crystalline rocks,Proterozoic crystalline rocks,,granite; gneiss; schist,,,,,false,false,
73,1,1,Q,,Surficial deposits,Surficial deposits,,0-150,0,150,,"alluvial, colluvial, glacial",false,false,
73,2,2,P,,Old gravel deposits,Old gravel deposits,,0-150,0,150,,caps high-level bench,false,false,
73,3,3,M,,Browns Park Formation,Browns Park Formation,,0-1500,0,1500,,"Barstovian mammals; tuffaceous sandstone, 15 m.y. ±",false,false,
73,4,4,EOCENE,,Bridger Formation,Bridger Formation,,2000,2000,2000,,UNCONFORMITY - 20 m.y.,false,false,
73,5,5,EOCENE,,Green River Formation,Green River Formation,,1000-3000,1000,3000,,"48.5 m.y. Ar/Ar (Smith et al., 2003)",false,false,
73,6,5,EOCENE,,Cathedral Bluffs Mbr,Cathedral Bluffs Member,,0-1000,0,1000,,,false,false,
73,7,5,EOCENE,,Laney Mbr,Laney Member,,0-500,0,500,,evaporites,false,false,
73,8,5,EOCENE,,Wilkins Pk Mbr,Wilkins Peak Member,,0-200,0,200,,53.5 m.y. Ar/Ar,false,false,
73,9,5,EOCENE,,Tipton Mbr,Tipton Member,,0-150,0,150,,oil shale,false,false,
73,10,5,EOCENE,,Wasatch Fm - main body,Wasatch Formation - main body,,1000-4000,1000,4000,,,false,false,
73,11,6,EOCENE,,Fort Union Formation,Fort Union Formation,,1600-2900,1600,2900,,,false,false,
73,12,7,CRETACEOUS,Mesaverde Group,Ericson Sandstone,Ericson Sandstone,,290-500,290,500,,"UNCONFORMITY - 6 m.y.; see Roehler, 1990 for measured section",false,true,
73,13,8,CRETACEOUS,Mesaverde Group,Rock Springs Formation,Rock Springs Formation,,1000-1910,1000,1910,,thin coal seams,false,false,
73,14,9,CRETACEOUS,Mesaverde Group,Blair Formation,Blair Formation,,0-350,0,350,,gray shale; thick-bedded sandstone,false,false,
73,15,10,CRETACEOUS,,Baxter Shale,Baxter Shale,,6000-7000,6000,7000,,marine shale; Mancos Shale equivalent,false,false,
73,16,11,CRETACEOUS,,Frontier Sandstone,Frontier Sandstone,,110-190,110,190,,gas reservoir at Clay Basin,false,false,
73,17,12,CRETACEOUS,,Mowry Shale,Mowry Shale,,200-240,200,240,,"silvery shale, fish scales",false,false,
73,18,13,CRETACEOUS,,Muddy Formation,Muddy Formation,,130-250,130,250,,formerly Dakota Sandstone,false,false,
73,19,14,CRETACEOUS,,Cedar Mountain Formation,Cedar Mountain Formation,,0-100,0,100,,varicolored mudstone,false,false,
73,20,15,JURASSIC,,Morrison Formation,Morrison Formation,,300-900,300,900,,UNCONFORMITY - 25 m.y.; dinosaur fossils; J-5 UNCONFORMITY,false,false,
73,21,16,JURASSIC,Stump Fm,Redwater Member,Redwater Member,,130-260,130,260,,"oolitic, fossiliferous limestone",false,false,
73,22,16,JURASSIC,Stump Fm,Curtis Member,Curtis Member,,130-260,130,260,,"green, glauconitic siltstone & sandstone",false,false,
73,23,17,JURASSIC,,Entrada Sandstone,Entrada Sandstone,,100-240,100,240,,J-3 UNCONFORMITY,false,false,
73,24,18,JURASSIC,,Carmel Formation,Carmel Formation,,110-470,110,470,,Isocrinus (mini-stars),false,false,
73,25,19,JURASSIC,,Nugget Sandstone,Nugget Sandstone,,750-830,750,830,,J-1 UNCONFORMITY - 14 m.y.; large-scale cross beds; J-0 UNCONFORMITY - 7 m.y.,false,false,
73,26,20,TRIAS,,Chinle Formation,Chinle Formation,,300-370,300,370,,Gartra Member,false,false,
73,27,21,TRIAS,,Moenkopi Formation,Moenkopi Formation,,520-740,520,740,,"TR-3 UNCONFORMITY - 15 m.y.; dark red mud-, silt-, sandstone",false,false,
73,28,22,TRIAS,,Dinwoody Formation,Dinwoody Formation,,160-530,160,530,,"greenish-gray silt, ss, shale; TR 1 UNCONFORMITY 6 m.y.",false,false,
73,29,23,P,,Park City & Phosphoria Fms,Park City & Phosphoria Fms,,200-400,200,400,,phosphate deposits,false,false,
73,30,24,PENN,,Weber Sandstone,Weber Sandstone,,600-1500,600,1500,,"light-gray, thick bedded sandstone with thin limestone beds in lower part of formation",false,false,
73,31,25,PENN,,Morgan Formation,Morgan Formation,,35-200,35,200,,,false,false,
73,32,26,PENN,,Round Valley Limestone,Round Valley Limestone,,240-420,240,420,,red cherty llimestone beds,false,false,
73,33,27,MISS,,Doughnut Shale,Doughnut Shale,,300,300,300,,dark gray shale,false,false,
73,34,28,MISS,,Humbug Formation,Humbug Formation,,240-300,240,300,,,false,false,
73,35,28,MISS,,Madison Limestone,Madison Limestone,,430-1000,430,1000,,contains caves & sinkholes; UNCONFORMITY - 350 m.y.,false,false,
73,36,29,NEOPROT,Uinta Mtn Group,fm of Crouse Canyon,fm of Crouse Canyon,,4200-8860,4200,8860,,"dark- to light-red, fine- to coarse-grained quartzose sandstone with interbeds of micaceous shale; contains palynomorph fossils in dark shale beds; age <770 m.y.",false,false,
73,37,29,NEOPROT,Uinta Mtn Group,fm of Outlaw Trail,fm of Outlaw Trail,,165-330,165,330,,,false,false,
73,38,29,NEOPROT,Uinta Mtn Group,fm of Diamond Breaks,fm of Diamond Breaks,,1600-3200,1600,3200,,,false,false,
73,39,30,NEOPROT,Uinta Mtn Group,Jesse Ewing Canyon Fm,Jesse Ewing Canyon Formation,,740-1640,740,1640,,,false,false,
73,40,31,PALEO-PROTEROZOIC,,Red Creek Quartzite,Red Creek Quartzite,,"up to 20,000?",20000,20000,,"ANGULAR UNCONFORMITY - 500 m.y.; metaquartzite, mica schist & amphibolite, with lesser meta-diorite & metacarbonate; 1,650 m.y.",false,false,
73,41,32,PALEO-PROTEROZOIC,,Owiyukuts Complex,Owiyukuts Complex,,thickness indeterminate,,,,"paragneiss with an arkosic protolith; 1,650 m.y.",false,false,
74,1,1,Q,,Alluvium & other surficial deposits,Alluvium & other surficial deposits,,0-100,0,100,,,false,false,
74,2,2,M-P,,"The Green River drained eastward through Wyoming until late Miocene time about 6 m.y. ago when it overtopped the Uinta crest to drain southward, cutting Lodore Canyon and joing the Colorado River in southeastern Utah. All landscape features in Dinosaur Monument have been carved during the last 6 million years (Hansen, 1986a)","The Green River drained eastward through Wyoming until late Miocene time about 6 m.y. ago when it overtopped the Uinta crest to drain southward, cutting Lodore Canyon and joing the Colorado River in southeastern Utah. All landscape features in Dinosaur Monument have been carved during the last 6 million years (Hansen, 1986a)",,,,,,,true,false,
74,3,3,Φ,,Bishop Conglomerate,Bishop Conglomerate,,0-500,0,500,,30.5 to 34 m.y. Ar/Ar; UNCONFORMITY - 50 m.y.,false,false,
74,4,4,CRETACEOUS,,Mancos Shale,Mancos Shale,,4600-5600,4600,5600,,"Gilbert Peak erosion surface; dark-gray shale that weathers light-gray, exposed as badlands and along river cutbanks",false,false,
74,5,5,CRETACEOUS,,Frontier Sandstone,Frontier Sandstone,,140-280,140,280,,tan sandstone with worm burrows & shaly interbeds,false,false,
74,6,6,CRETACEOUS,,Mowry Shale,Mowry Shale,,30-210,30,210,,silver shale with fish scales,false,false,
74,7,7,CRETACEOUS,,Muddy Formation,Muddy Formation,,50-170,50,170,,pebbly sandstone; minor shale,false,false,
74,8,8,CRETACEOUS,,Cedar Mountain Fm,Cedar Mountain Formation,,0-200,0,200,,"top 98 m.y., bottom 124 m.y.",false,false,
74,9,8,JURASSIC,,Morrison Formation,Morrison Formation,,660-890,660,890,,"varicolored mudstone, marlstone, and shale, dinosaur bones are in a pebbly sandstone that was deposited in ancient river bed; Dinosaur National Mon. Quarry",false,false,
74,10,8,JURASSIC,Stump Fm,Redwater Mbr,Redwater Member,,130-260,130,260,,J-5 UNCONFORMITY; green shale with belemnites,false,false,
74,11,8,JURASSIC,Stump Fm,Curtis Member,Curtis Member,,130-260,130,260,,light-gray sandstone & shale; J-3 UNCONFORMITY,false,false,
74,12,8,JURASSIC,,Entrada Ss,Entrada Sandstone,,100-240,100,240,,"pink, tan, & gray sandstone",false,false,
74,13,9,JURASSIC,,Carmel Fm,Carmel Formation,,100-400,100,400,,"sandy shale, siltstone & ls; J-1 UNCONFORMITY",false,false,
74,14,10,JURASSIC,,Nugget Sandstone,Nugget Sandstone,,660-1030,660,1030,,"pink, tan, and light gray cross-bedded sandstone; includes beds equivalent to the Navajo Ss of southern Utah; J-0 UNCONFORMITY",false,false,
74,15,11,TRIASSIC,,Chinle Fm,Chinle Formation,,230-460,230,460,,"varicolored mudstone, siltstone, and sandstone",false,false,
74,16,12,TRIASSIC,,Gartra Mbr,Gartra Member,,30-100,30,100,,light-gray pebbly sandstone,false,false,
74,17,12,TRIASSIC,,Moenkopi Formation,Moenkopi Formation,,520-1120,520,1120,,reddish-brown siltstone and shale; locally contains ripplemarks and gypsum,false,false,
74,18,12,TRIASSIC,,Dinwoody Formation,Dinwoody Formation,,0-60,0,60,,,false,false,
74,19,12,PERMIAN,Park City Fm,Upper Unit,Upper Unit,,65-240,65,240,,"light tan sandstone, gypsum",false,false,
74,20,12,PERMIAN,Park City Fm,Lower unit,Lower unit,,65-240,65,240,,"contains phosphate beds, equivalent to State Bridge Fm",false,false,
74,21,12,PERMIAN,,Weber Sandstone,Weber Sandstone,,660-1320,660,1320,,"light-gray, tan, and white cross-bedded sandstone that forms ledges and cliffs",false,false,
74,22,13,PENN,Morgan Fm,Upper member,Upper member,,620-950,620,950,,"red, fine-grained sandstone with interbeds of limestone and shale; limestone locally fossiliferous and cherty",false,false,
74,23,13,PENN,Morgan Fm,Lower mbr,Lower mbr,,620-950,620,950,,,false,false,
74,24,14,PENN,,Round Valley Ls,Round Valley Limestone,,210-400,210,400,,gray limestone and shale,false,false,
74,25,15,MISS,,Doughnut Shale,Doughnut Shale,,80-300,80,300,,"gray, green, and red shale",false,false,
74,26,16,MISS,,Humbug Formation,Humbug Formation,,100-300,100,300,,tan and pink sandstone; some limestone and shale,false,false,
74,27,16,MISS,,Madison Limestone,Madison Limestone,,500-1000,500,1000,,"yellowish-gray, fossiliferous, cherty limestone, locally dolomitic; forms cliffs",false,false,
74,28,17,O,,10-foot alkalic igneous dikes cut Uinta Mt Group in Lodore Cyn 480 ± 30 m.y. old,10-foot alkalic igneous dikes cut Uinta Mt Group in Lodore Cyn 480 ± 30 m.y. old,,,,,,,true,false,
74,29,18,Є,,Lodore Formation,Lodore Formation,,0-600,0,600,,tan to greenish gray sandstone with interbeds of glauconitic fossiliferous shale,false,false,
74,30,19,PROT,,Uinta Mountain Group,Uinta Mountain Group,,"as much as 15,000",15000,15000,,"light to dark red cross-bedded stream-laid sandstone interbedded with gray, green, and red mica-bearing shale; see Dehler & Sprinkel, 2005; 770 m.y.",false,false,
75,1,1,Q,,Alluvium - dunes,Alluvium - dunes,,0-200,0,200,,,false,false,
75,2,2,EOCENE,Uinta Fm,Member C,Member C,,60-250,60,250,,about 43 m.y.,false,false,
75,3,3,EOCENE,Uinta Fm,Member B,Member B,,about 275,275,275,,Contains gilsonite veins,false,false,
75,4,4,EOCENE,Uinta Fm,Member A,Member A,,0-220,0,220,,about 47 m.y.,false,false,
75,5,5,EOCENE,Green River Fm,Parachute Creek Mbr,Parachute Creek Member,,500-1200,500,1200,,about 48 m.y.; Mahogany oil shale bed,false,false,
75,6,6,EOCENE,Green River Fm,Garden Gulch M,Garden Gulch Member,,0-200,0,200,,,false,false,
75,7,7,EOCENE,Green River Fm,Douglas Creek Member,Douglas Creek Member,,400-1800,400,1800,,,false,false,
75,8,7,EOCENE,Green River Fm,Castle Peak interval,Castle Peak interval,,30-50,30,50,,upper Wasatch Fm tongue,false,false,
75,9,7,EOCENE,Green River Fm,Uteland Butte Mbr,Uteland Butte Member,,30-125,30,125,,about 53 m.y.,false,false,
75,10,8,PALEO,,Wasatch Formation,Wasatch Formation,,600-3000,600,3000,,"about 54 m.y.; reddish-gray, many slumps and landslides",false,false,
75,11,9,CRETACEOUS,Mesaverde Group,Upper Unit,Upper Unit,,1100,1100,1100,,UNCONFORMITY,false,false,
75,12,10,CRETACEOUS,Mesaverde Group,Main coal unit,Main coal unit,,500-700,500,700,,coal,false,false,
75,13,11,CRETACEOUS,Mesaverde Group,Minor coal uinit,Minor coal uinit,,700-750,700,750,,,false,false,
75,14,11,CRETACEOUS,Mesaverde Group,Sego Ss,Sego Sandstone,,10-250,10,250,,,false,false,
75,15,12,CRETACEOUS,,Buck Tongue of Mancos Shale,Buck Tongue of Mancos Shale,,150-300,150,300,,,false,false,
75,16,13,CRETACEOUS,Mesaverde Group,Castlegate Ss,Castlegate Sandstone,,50-200,50,200,,part of Mesaverde Group,false,false,
75,17,13,CRETACEOUS,,Mancos Shale -main body,Mancos Shale -main body,,4500,4500,4500,,City of Rangely; subsurface olive-gray mudstone,false,false,
75,18,13,CRETACEOUS,,Frontier Sandstone,Frontier Sandstone,,50-200,50,200,,oil in fractured shale,false,false,
75,19,13,CRETACEOUS,,Naturita Formation,Naturita Formation,,50-100,50,100,,Mowry Shale is between Frontier and Naturita to the northwest,false,false,
75,20,13,CRETACEOUS,,Cedar Mountain Fm,Cedar Mountain Formation,,50-100,50,100,,,false,false,
75,21,14,CRETACEOUS,,Buckhorn Cg Mbr,Buckhorn Conglomerate Member,,0-80,0,80,,UNCONFORMITY,false,false,
75,22,14,JURASSIC,,Morrison Formation,Morrison Formation,,550-650,550,650,,dinosaurs,false,false,
75,23,15,JURASSIC,,Stump Formation,Stump Formation,,100,100,100,,J-5 UNCONFORMITY; green shale,false,false,
75,24,16,JURASSIC,,Entrada Sandstone,Entrada Sandstone,,120-150,120,150,,J-3 UNCONFORMITY,false,false,
75,25,17,JURASSIC,,Carmel Formation,Carmel Formation,,70,70,70,,J-1 UNCONFORMITY,false,false,
75,26,17,JURASSIC,,Nugget Sandstone,Nugget Sandstone,,530,530,530,,"divides into Glen Canyon Group (Wingate, Kayenta, & Navajo) to the south of this area",false,false,
75,27,18,TRIAS,,Chinle Formation,Chinle Formation,,100-200,100,200,,,false,false,
75,28,19,TRIAS,,Gartra Grit Mbr,Gartra Grit Member,,40-80,40,80,,,false,false,
75,29,19,TRIAS,,Moenkopi Formation,Moenkopi Formation,,500,500,500,,,false,false,
75,30,20,P,,Park City Fm,Park City Formation,,150,150,150,,,false,false,
75,31,20,P,,State Bridge Fm,State Bridge Formation,,150,150,150,,,false,false,
75,32,21,PENN,,Weber Sandstone,Weber Sandstone,,1000,1000,1000,,prinicipal Rangely Field reservoir rock,false,false,
75,33,21,PENN,,Maroon Fm,Maroon Formation,,1000,1000,1000,,,false,false,
75,34,22,PENN,,Morgan Formation Round Valley Ls Doughnut Shale Humbug Formation (undivided),Morgan Formation Round Valley Limestone Doughnut Shale Humbug Formation (undivided),,1400,1400,1400,,,false,false,
75,35,23,MISS,,Madison Limestone,Madison Limestone,,600,600,600,,,false,false,
75,36,24,Є,,Lynch/Dotsero ? Formation,Lynch/Dotsero ? Formation,,0-100,0,100,,UNCONFORMITY,false,false,
75,37,25,Є,,Lodore/ Sawatch Quartzite,Lodore/ Sawatch Quartzite,,100-650,100,650,,,false,false,
76,1,1,Q,,Alluvium & colluvuim,Alluvium & colluvuim,,0-200,0,200,,,false,false,
76,2,2,Q,,"Glacial, pediment, & landslide deposits","Glacial, pediment, & landslide deposits",,0-200,0,200,,,false,false,
76,3,3,MIO,,Basalt flows of Grand Mesa,Basalt flows of Grand Mesa,,0-1000,0,1000,,10 m.y. K-Ar,false,false,
76,4,4,EOCENE,,Uinta Formation,Uinta Formation,,400+,400,400,,formerly called Evacuation Creek Mbr of Green River Fm,false,false,
76,5,5,EOCENE,Green River Fm,Parachute Creek Member,Parachute Creek Member,,300-1100,300,1100,,dolomitic oil shale; includes Mahogany oil-shale bed 5-10 feet thick,false,false,
76,6,6,EOCENE,Green River Fm,Garden Gulch Member,Garden Gulch Member,,300-700,300,700,,Kimball Mtn Tuff Bed,false,false,
76,7,7,EOCENE,Green River Fm,Douglas Creek M,Douglas Creek Member,,100-300,100,300,,"Long Point marker bed 1-40 ft thick, fossiliferous",false,false,
76,8,8,PALEO,,Wasatch Formation,Wasatch Formation,,200-2000,200,2000,,slump-prone; reddish-gray mudstone and sandstone,false,false,
76,9,9,CRETACEOUS,,Ohio Creek Cg,Ohio Creek Conglomerate,,0-100,0,100,,,false,false,
76,10,10,CRETACEOUS,Mesaverde Group,Williams Fork Formation,Williams Fork Formation,,1500-2000,1500,2000,,,false,false,
76,11,11,CRETACEOUS,Williams Fork Formation,Bowie Shale Member,Bowie Shale Member,,700,700,700,,gradational contact,false,false,
76,12,12,CRETACEOUS,Iles Fm,Rollins Ss Mbr,Rollins Sandstone Member,,0-150,0,150,,Cameo coal zone,false,false,
76,13,13,CRETACEOUS,Iles Fm,Cozzette Ss M,Cozzette Sandstone Member,,0-200,0,200,,Didymoceras; Palisade coal zone,false,false,
76,14,14,CRETACEOUS,Iles Fm,Corcoran Ss M,Corcoran Sandstone Member,,0-180,0,180,,,false,false,
76,15,15,CRETACEOUS,Sego Sandstone,Upper Ss,Upper Sandstone,,0-120,0,120,,Anchor coal zone,false,false,
76,16,16,CRETACEOUS,Sego Sandstone,Anchor Mine Tongue,Anchor Mine Tongue,,50-200,50,200,,Mancos tongue,false,false,
76,17,17,CRETACEOUS,Sego Sandstone,Lower Ss,Lower Sandstone,,0-100,0,100,,,false,false,
76,18,18,CRETACEOUS,,Mancos Shale,Mancos Shale,,4500,4500,4500,,Baculites perplexus; Baculites obtusus; Inoceramus; Scaphites; Placenticeras; Baculites; Desmoscaphites; Ostrea; Placenticeras; Ostrea; Inoceramus; Pycnodonte newberryi,false,false,
76,19,19,CRETACEOUS,,Naturita Formation,Naturita Formation,,150,150,150,,,false,false,
76,20,20,CRETACEOUS,,Burro Canyon Fm,Burro Canyon Formation,,50-120,50,120,,Cedar Mtn Fm equivalent; UNCONFORMITY,false,false,
76,21,21,JURASSIC,Morrison Fm,Brushy Basin Mbr,Brushy Basin Member,,260-340,260,340,,"see Kirkland, 2006, for dinosaur & other fossils at Fruita, CO",false,false,
76,22,22,JURASSIC,Morrison Fm,Salt Wash Mbr,Salt Wash Member,,100-310,100,310,,ss & cg,false,false,
76,23,23,JURASSIC,Morrison Fm,Tidwell Member,Tidwell Member,,10-25,10,25,,,false,false,
76,24,23,JURASSIC,,Wanakah Formation,Wanakah Formation,,20-50,20,50,,J-5 UNCONFORMITY,false,false,
76,25,24,JURASSIC,,Entrada Sandstone,Entrada Sandstone,,60-200,60,200,,J-2 UNCONFORMITY,false,false,
76,26,25,JURASSIC,,Kayenta Formation,Kayenta Formation,,0-130,0,130,,,false,false,
76,27,26,JURASSIC,,Wingate Sandstone,Wingate Sandstone,,210-370,210,370,,,false,false,
76,28,27,TR,,Chinle Formation,Chinle Formation,,80-120,80,120,,UNCOMPAHGRE UNCONFORMITY,false,false,
76,29,28,pЄ,,Vernal Mesa-type quartz monzonite; gneiss and schist,Vernal Mesa-type quartz monzonite; gneiss and schist,,,,,,qtz mon-1480 m.y.; gneiss- 1700 m.y.,false,false,
77,1,1,Q,,Alluvium & sediment deps,Alluvium & sediment deps,,0-100,0,100,,,false,false,
77,2,2,,,Alkalic diabase dikes & sills,Alkalic diabase dikes & sills,,0-5 wide,0,5,,8 m.y.; 18 m.y.; 24 m.y.,false,false,
77,3,3,PAL,,Flagstaff Limestone,Flagstaff Limestone,,220-280,220,280,,,false,false,
77,4,4,CRETACEOUS,,North Horn Formation,North Horn Formation,,1000-1200,1000,1200,,North Horn & Price River Fms thin eastward as they pass over the northern end of the San Rafael Swell thus dating its rise,false,true,
77,5,5,CRETACEOUS,Mesaverde Group,Price River Fm,Price River Formation,,270-1150,270,1150,,,false,false,
77,6,6,CRETACEOUS,Mesaverde Group,Castlegate Ss,Castlegate Sandstone,,180-290,180,290,,,false,false,
77,7,7,CRETACEOUS,Mesaverde Group,Blackhawk Formation,Blackhawk Formation,,1000-1500,1000,1500,,Sunnyside Ss & coal; Kenilworth Ss & coal; Aberdeen Ss & coal; Spring Canyon Ss,false,false,
77,8,8,CRETACEOUS,Mancos Shale,Shale tongue,Shale tongue,,120-350,120,350,,,false,false,
77,9,9,CRETACEOUS,Mancos Shale,Star Point Ss Mbr,Star Point Sandstone Member,,300-20,20,300,,Storrs Ss; Panther Ss,false,false,
77,10,10,CRETACEOUS,Mancos Shale,Shale tongue,Shale tongue,,800-1300,800,1300,,Baculites,false,false,
77,11,11,CRETACEOUS,Mancos Shale,Emery Ss Member,Emery Sandstone Member,,120-180,120,180,,Desmoscaphites,false,false,
77,12,12,CRETACEOUS,Mancos Shale,Shale tongue,Shale tongue,,350-850,350,850,,Placenticeras; Baculites codyensis,false,false,
77,13,12,CRETACEOUS,Mancos Shale,Upper Garley Cyn M,Upper Garley Cyn Member,,30-60,30,60,,,false,false,
77,14,13,CRETACEOUS,Mancos Shale,Shale tongue,Shale tongue,,80-110,80,110,,,false,false,
77,15,14,CRETACEOUS,Mancos Shale,Lower Garley Cyn M,Lower Garley Cyn Member,,40-70,40,70,,Placenticeras,false,false,
77,16,15,CRETACEOUS,Mancos Shale,Blue Gate Shale Member,Blue Gate Shale Member,,2500±,2500,2500,,Shell Oil-North Springs 27-15S-9E; Shell Oil Miller Creek 26-15S-10E; Pan Am-Farnham Dome 7-15S-12E; Pure Oil-Washboard 12-16S-9E; Pure Oil-Desert Lake 1-17S-10E,false,true,
77,17,16,CRETACEOUS,Mancos Shale,Ferron Ss Member,Ferron Sandstone Member,,100-10,10,100,,,false,false,
77,18,17,CRETACEOUS,Mancos Shale,Tununk Sh Mbr,Tununk Shale Member,,200-300,200,300,,,false,false,
77,19,18,CRETACEOUS,,Naturita Formation,Naturita Formation,,0-30,0,30,,,false,false,
77,20,19,CRETACEOUS,Cedar Mtn Fm,Upper member,Upper member,,150-600,150,600,,,false,false,
77,21,20,CRETACEOUS,Cedar Mtn Fm,Buckhorn Cg Mbr,Buckhorn Conglomerate Member,,0-50,0,50,,,false,false,
77,22,21,JURASSIC,,Morrison Formation,Morrison Formation,,800±,800,800,,UNCONFORMITY,false,false,
77,23,22,JURASSIC,,Summerville Formation,Summerville Formation,,120-180,120,180,,J-5 UNCONFORMITY,false,false,
77,24,23,JURASSIC,,Curtis Formation,Curtis Formation,,140-180,140,180,,,false,false,
77,25,24,JURASSIC,,Entrada Formation,Entrada Formation,,150-950,150,950,,J-3 UNCONFORMITY,false,false,
77,26,25,JURASSIC,,Carmel Formation,Carmel Formation,,300-700,300,700,,,false,false,
77,27,26,JURASSIC,,Page Sandstone,Page Sandstone,,70,70,70,,,false,false,
77,28,27,JURASSIC,,Navajo Sandstone,Navajo Sandstone,,150-300,150,300,,J-1 UNCONFORMITY,false,false,
77,29,28,JURASSIC,,Kayenta Formation,Kayenta Formation,,120-200,120,200,,,false,false,
77,30,29,JURASSIC,,Wingate Sandstone,Wingate Sandstone,,300-400,300,400,,,false,false,
77,31,30,TRIASSIC,Chinle Fm,Upper member,Upper member,,200-300,200,300,,bentonitic,false,false,
77,32,31,TRIASSIC,Chinle Fm,Moss Back Mbr,Moss Back Member,,20-60,20,60,,,false,false,
77,33,32,TRIASSIC,Moenkopi Fm,Upper member,Upper member,,550-700,550,700,,,false,false,
77,34,33,TRIASSIC,Moenkopi Fm,Sinbad Ls Mbr,Sinbad Limestone Member,,50,50,50,,,false,false,
77,35,34,TRIASSIC,Moenkopi Fm,Black Dragon Mbr,Black Dragon Member,,250-350,250,350,,Tr 1 UNCONFORMITY,false,false,
77,36,35,PERM,,Black Box Dolomite,Black Box Dolomite,,170,170,170,,,false,false,
77,37,36,PERM,,White Rim Sandstone,White Rim Sandstone,,500-700,500,700,,,false,false,
77,38,37,PERM,,Pakoon Dolomite,Pakoon Dolomite,,650-800,650,800,,,false,false,
77,39,38,P,,Callville Limestone,Callville Limestone,,250-300,250,300,,,false,false,
77,40,39,MISS,,Doughnut Formation,Doughnut Formation,,600-700,600,700,,,false,false,
77,41,40,MISS,,Humbug Formation,Humbug Formation,,400-500,400,500,,,false,false,
77,42,40,MISS,,Redwall Dolomite,Redwall Dolomite,,750-970,750,970,,,false,false,
77,43,41,D,,Pinyon Peak ls,Pinyon Peak ls,,20,20,20,,,false,false,
77,44,42,D,,Ouray Formation,Ouray Formation,,110-130,110,130,,,false,false,
77,45,43,Є,,Cambrian dolomite,Cambrian dolomite,,350,350,350,,,false,false,
77,46,43,Є,,Ophir Shale,Ophir Shale,,200,200,200,,,false,false,
77,47,44,Є,,Tintic Quartzite,Tintic Quartzite,,210,210,210,,,false,false,
77,48,45,pЄ,,Crystalline basement,Crystalline basement,,-,,,,,false,false,
78,1,1,Q,,"Alluvial, colluvial, pediment and terrace deposits","Alluvial, colluvial, pediment and terrace deposits",,0-200,0,200,,,false,false,
78,2,2,EOCENE,,later Green River units are exposed to the north in the Uinta Basin,later Green River units are exposed to the north in the Uinta Basin,,,,,,,true,false,
78,3,3,EOCENE,Green River Formation,"""upper"" member","""upper"" member",,1000,1000,1000,,43 m.y. K-Ar,false,false,
78,4,4,EOCENE,Green River Formation,"""middle"" member","""middle"" member",,2300,2300,2300,,47 m.y. Ar/Ar,false,false,
78,5,5,EOCENE,Green River Formation,lower member,lower member,,800,800,800,,54 m.y.±; tar sands,false,false,
78,6,6,EOCENE,,Colton Formation,Colton Formation,,700-1200,700,1200,,"(formerly Wasatch); Roan Cliffs; varicolored ss, sh; thicken to southeast",false,false,
78,7,7,P,,Flagstaff Limestone,Flagstaff Limestone,,0-30,0,30,,59 m.y.±,false,false,
78,8,8,P,,North Horn Formation,North Horn Formation,,400-100,100,400,,thins eastward,false,false,
78,9,9,CRETACEOUS,Castlegate Sandstone,Bluecastle Ss Mbr,Bluecastle Sandstone Member,,50-250,50,250,,,false,false,
78,10,10,CRETACEOUS,Castlegate Sandstone,Mudstone member,Mudstone member,,100-400,100,400,,Book Cliffs,false,false,
78,11,11,CRETACEOUS,Castlegate Sandstone,Lower ss mbr,Lower ss mbr,,130,130,130,,,false,false,
78,12,12,CRETACEOUS,Blackhawk Fm,Upper mudstone,Upper mudstone,,100-200,100,200,,,false,false,
78,13,13,CRETACEOUS,Blackhawk Fm,Sunnyside Member,Sunnyside Member,,100-190,100,190,,principal coal beds,false,false,
78,14,14,CRETACEOUS,Blackhawk Fm,Lower mudstone,Lower mudstone,,150-200,150,200,,,false,false,
78,15,15,CRETACEOUS,Blackhawk Fm,Kenilworth Mbr,Kenilworth Member,,110-220,110,220,,coal,false,false,
78,16,16,CRETACEOUS,Blackhawk Fm,Mancos tongue,Mancos tongue,,200,200,200,,,false,false,
78,17,17,CRETACEOUS,Blackhawk Fm,Aberdeen Mbr,Aberdeen Member,,0-10,0,10,,,false,false,
78,18,18,CRETACEOUS,,Mancos Shale,Mancos Shale,,3400,3400,3400,,(main body); Scaphites hippocrepis; Baculites aquilaensis; Scaphites warreni,false,false,
78,19,19,CRETACEOUS,,Juana Lopez Mbr,Juana Lopez Member,,100,100,100,,,false,false,
78,20,20,CRETACEOUS,,Tununk Sh Mbr,Tununk Shale Member,,400,400,400,,Collingnoniceras,false,false,
78,21,21,CRETACEOUS,,Naturita Formation,Naturita Formation,,0-60,0,60,,Pycnodonte newberryi,false,false,
78,22,22,CRETACEOUS,Cedar Mtn Fm,Upper mudstone,Upper mudstone,,110-350,110,350,,98 m.y.,false,false,
78,23,22,CRETACEOUS,Cedar Mtn Fm,Buckhorn Cg Mbr,Buckhorn Conglomerate Member,,10-80,10,80,,124 m.y.,false,false,
78,24,23,JURASSIC,Morrison Fm,Brushy Basin Mbr,Brushy Basin Member,,150-250,150,250,,150 m.y.,false,false,
78,25,24,JURASSIC,Morrison Fm,Salt Wash Mbr,Salt Wash Member,,50-250,50,250,,J-5 UNCONFORMITY,false,false,
78,26,25,JURASSIC,,Summerville Formation,Summerville Formation,,150-200,150,200,,chocolate torte beds,false,false,
78,27,26,JURASSIC,,Curtis Formation,Curtis Formation,,130-180,130,180,,J-3 UNCONFORMITY,false,false,
78,28,27,JURASSIC,,Entrada Sandstone,Entrada Sandstone,,150-450,150,450,,,false,false,
78,29,28,JURASSIC,,Carmel Formation,Carmel Formation,,200-500,200,500,,gypsum,false,false,
78,30,28,JURASSIC,,Page Sandstone,Page Sandstone,,50±,50,50,,J-1 UNCONFORMITY,false,false,
78,31,29,JURASSIC,,Navajo Sandstone,Navajo Sandstone,,320-350,320,350,,,false,false,
78,32,30,JURASSIC,,Kayenta Formation,Kayenta Formation,,50-100,50,100,,,false,false,
78,33,31,JURASSIC,,Wingate Sandstone,Wingate Sandstone,,310-440,310,440,,,false,false,
78,34,32,TRIASSIC,Chinle Fm,Upper member,Upper member,,200-230,200,230,,Pan-Am Dragerton 11-15S-13E; Reserve Oil-Cedar Siding 21-16S-13E; Forest-Arnold-Little Park 25-16S-14E,false,true,
78,35,33,TRIASSIC,Chinle Fm,Moss Back Ss Mbr,Moss Back Sandstone Member,,40-50,40,50,,,false,false,
78,36,34,TRIASSIC,Moenkopi Fm,Upper member,Upper member,,450-600,450,600,,,false,false,
78,37,35,TRIASSIC,Moenkopi Fm,Sinbad Ls Mbr,Sinbad Limestone Member,,50±,50,50,,,false,false,
78,38,36,TRIASSIC,Moenkopi Fm,Black Dragon Mbr,Black Dragon Member,,300-450,300,450,,,false,false,
78,39,37,PERM,,Black Box Dolomite,Black Box Dolomite,,140,140,140,,"""Kaibab""",false,false,
78,40,38,PERM,,White Rim Sandstone,White Rim Sandstone,,600-650,600,650,,"""Coconino"" on some well logs",false,false,
78,41,39,PERM,,Pakoon Dolomite,Pakoon Dolomite,,800,800,800,,"""Oquirrh"" of some well logs",false,false,
78,42,40,P,,Callville Limestone,Callville Limestone,,550,550,550,,,false,false,
78,43,41,M,,Doughnut Formation,Doughnut Formation,,850-250,250,850,,,false,false,
78,44,42,M,,Humbug Formation,Humbug Formation,,400-180,180,400,,,false,false,
78,45,42,M,,Redwall Dolomite,Redwall Dolomite,,800-0,0,800,,,false,false,
78,46,43,D,,Ouray-Elbert Fms,Ouray-Elbert Fms,,120-0,0,120,,formations truncated on southeast flank of Uncompahgre Uplift,false,true,
78,47,44,Є,,Cambrian carbonate,Cambrian carbonate,,350-0,0,350,,,false,false,
78,48,44,Є,,Ophir Shale,Ophir Shale,,150-0,0,150,,,false,false,
78,49,45,Є,,Tintic Quartzite,Tintic Quartzite,,170-0,0,170,,,false,false,
78,50,46,,,Precambrian crystalline basement,Precambrian crystalline basement,,,,,,,false,false,
79,1,1,Q,,"Alluvium, pediment deposits","Alluvium, pediment deposits",,0-100,0,100,,,false,false,
79,2,2,P,,Tuscher Fm,Tuscher Formation,,600,600,600,,,false,false,
79,3,3,CRETACEOUS,Mesaverde Group,Farrer Fm,Farrer Formation,,600,600,600,,barren,false,false,
79,4,4,CRETACEOUS,Mesaverde Group,Bluecastle Ss Tongue,Bluecastle Sandstone Tongue,,100-130,100,130,,tongue of Castlegate Ss,false,false,
79,5,5,CRETACEOUS,Mesaverde Group,Neslen Fm,Neslen Formation,,0-250,0,250,,thin coal at base,false,false,
79,6,6,CRETACEOUS,Mesaverde Group,Sego Sandstone,Sego Sandstone,,50-200,50,200,,,false,false,
79,7,7,CRETACEOUS,Mesaverde Group,Buck Tongue - Mancos Sh,Buck Tongue - Mancos Shale,,0-100,0,100,,,false,false,
79,8,8,CRETACEOUS,Mesaverde Group,Castlegate Ss,Castlegate Sandstone,,80,80,80,,,false,false,
79,9,9,CRETACEOUS,Mesaverde Group,Blackhawk Fm,Blackhawk Formation,,140,140,140,,thin coal beds,false,false,
79,10,10,CRETACEOUS,Mesaverde Group,Grassy Ss,Grassy Sandstone,,0-100,0,100,,,false,false,
79,11,11,CRETACEOUS,Mesaverde Group,Sunnyside Ss,Sunnyside Sandstone,,100-0,0,100,,,false,false,
79,12,12,CRETACEOUS,Mesaverde Group,Mancos Shale tongue,Mancos Shale tongue,,100-200,100,200,,,false,false,
79,13,13,CRETACEOUS,Mesaverde Group,Kenilworth Ss,Kenilworth Sandstone,,50-150,50,150,,,false,false,
79,14,14,CRETACEOUS,,Mancos Shale,Mancos Shale,,3350,3350,3350,,Pierre fauna; Telegraph Creek fauna; Niobrara fauna; Scaphites; Inoceramus; Baculites; Desmoscaphites; Ostrea,false,false,
79,15,14,CRETACEOUS,Mancos Shale,Juana Lopez Mbr,Juana Lopez Member,,10-30,10,30,,,false,false,
79,16,15,CRETACEOUS,Mancos Shale,Tununk Mbr,Tununk Member,,350-400,350,400,,Collignoceras; Pycnodonte newberryi,false,false,
79,17,15,CRETACEOUS,,Naturita Formation,Naturita Formation,,0-30,0,30,,,false,false,
79,18,16,CRETACEOUS,,Cedar Mountain Fm,Cedar Mountain Formation,,100-180,100,180,,136.3 U-Pb max depositional age,false,false,
79,19,17,CRETACEOUS,Cedar Mountain Fm,Buckhorn Cg M,Buckhorn Conglomerate Member,,0-30,0,30,,UNCONFORMITY,false,false,
79,20,18,JURASSIC,Morrison Fm,Brushy Basin M,Brushy Basin Member,,240-420,240,420,,,false,false,
79,21,18,JURASSIC,Morrison Fm,Salt Wash Mbr,Salt Wash Member,,160-290,160,290,,,false,false,
79,22,19,JURASSIC,Morrison Fm,Tidwell Member,Tidwell Member,,20-50,20,50,,J-5 UNCONFORMITY; red siltstone,false,false,
79,23,19,JURASSIC,,Summerville Fm,Summerville Formation,,100-400,100,400,,,false,false,
79,24,20,JURASSIC,,Curtis Formation,Curtis Formation,,130-230,130,230,,green limy shale,false,false,
79,25,21,JURASSIC,,Entrada Ss,Entrada Sandstone,,410-470,410,470,,J-3 UNCONFORMITY; stone goblins,false,false,
79,26,22,JURASSIC,,Carmel Formation,Carmel Formation,,220-300,220,300,,gypsum; J-2 UNCONFORMITY,false,false,
79,27,23,JURASSIC,,Page Sandstone,Page Sandstone,,0-80,0,80,,J-1 UNCONFORMITY,false,false,
79,28,24,JURASSIC,,Navajo Ss,Navajo Sandstone,,430-510,430,510,,,false,false,
79,29,25,JURASSIC,,Kayenta Fm,Kayenta Formation,,190-240,190,240,,,false,false,
79,30,26,JURASSIC,,Wingate Ss,Wingate Sandstone,,300-400,300,400,,,false,false,
79,31,27,TRIASSIC,Chinle Fm,Church Rock Mbr,Church Rock Member,,200-400,200,400,,,false,false,
79,32,27,TRIASSIC,Chinle Fm,Moss Back Cg Mbr,Moss Back Conglomerate Member,,60-100,60,100,,,false,false,
79,33,27,TRIASSIC,Chinle Fm,Temple Mountain M,Temple Mountain Member,,0-40,0,40,,TR 3 UNCONFORMITY,false,false,
79,34,28,TRIASSIC,Moenkopi Fm,Moody Canyon & Torrey Members,Moody Canyon & Torrey Members,,470-650,470,650,,,false,false,
79,35,29,TRIASSIC,Moenkopi Fm,Sinbad Limestone M,Sinbad Limestone Member,,30-50,30,50,,,false,false,
79,36,30,TRIASSIC,Moenkopi Fm,Black Dragon Mbr,Black Dragon Member,,170-210,170,210,,,false,false,
79,37,31,PERMIAN,,Black Box Dolomite,Black Box Dolomite,,60-160,60,160,,"""Kaibab"" in old reports",false,false,
79,38,32,PERMIAN,Cutler Group,White Rim Ss,White Rim Sandstone,,300-500,300,500,,"""Coconino"" in old reports",false,false,
79,39,33,PERMIAN,Cutler Group,Organ Rock Shale,Organ Rock Shale,,0-300,0,300,,subsurface,false,false,
79,40,34,PERMIAN,Cutler Group,Elephant Canyon Formation,Elephant Canyon Formation,,1000-1200,1000,1200,,Dunbarinella; Schwagerina,false,false,
79,41,35,PENNSYLVANIAN,Hermosa Group,Honaker Trail Fm,Honaker Trail Formation,,500-1000,500,1000,,,false,false,
79,42,36,PENNSYLVANIAN,Hermosa Group,Paradox Fm,Paradox Formation,,1000-2500,1000,2500,,"gypsum, anhydrite & salt",false,false,
79,43,37,PENNSYLVANIAN,Hermosa Group,Pinkerton Trail Fm,Pinkerton Trail Formation,,0-500,0,500,,,false,false,
79,44,38,PENNSYLVANIAN,,Molas Fm,Molas Formation,,50,50,50,,,false,false,
79,45,39,M,,Leadville Limestone,Leadville Limestone,,600-800,600,800,,corals; endothyrid foraminifera,false,false,
79,46,39,D,,Ouray Ls,Ouray Limestone,,0-100,0,100,,,false,false,
79,47,40,D,,Elbert Fm,Elbert Formation,,150-250,150,250,,,false,false,
79,48,40,CAMB,,"""Lynch"" Dolomite & ""Maxfield"" Ls","""Lynch"" Dolomite & ""Maxfield"" Limestone",,800-1000,800,1000,,names from Wasatch Mtns,false,false,
79,49,41,CAMB,,Ophir Fm,Ophir Formation,,150-200,150,200,,,false,false,
79,50,42,CAMB,,Tintic Quartzite,Tintic Quartzite,,160-200,160,200,,,false,false,
79,51,43,pЄ,,Granitic & metamorphic rocks,Granitic & metamorphic rocks,,,,,,1800 m.y. Rb-Sr,false,false,
80,1,1,,,MAP OF BURIED PARADOX BASIN - UNCOMPAHGRE UPLIFT,MAP OF BURIED PARADOX BASIN - UNCOMPAHGRE UPLIFT,,,,,,Salt deposits formed within the Pennsylvanian Paradox Basin outlined by dashed line labeled Na; potash within dotted line labeled K. The elongate black areas are salt anticlines.,true,false,
80,2,2,Q,,"Alluvium, pediment dep.","Alluvium, pediment dep.",,0-100,0,100,,,false,false,
80,3,3,EOCENE,,Green River Formation,Green River Formation,,0-2000,0,2000,,oil shale,false,false,
80,4,4,EOCENE,,Wasatch Formation,Wasatch Formation,,1000-1600,1000,1600,,varicolored mudstone & sandstone; conglomerate of Dark Canyon,false,false,
80,5,5,P,,Tuscher Formation,Tuscher Formation,,230-650,230,650,,,false,false,
80,6,6,CRETACEOUS,Mesaverde Group,Farrer Fm,Farrer Formation,,430-1180,430,1180,,BOOK CLIFFS,false,false,
80,7,7,CRETACEOUS,Mesaverde Group,Neslen Fm,Neslen Formation,,200-500,200,500,,coal,false,false,
80,8,8,CRETACEOUS,Mesaverde Group,Sego Sandstone,Sego Sandstone,,130-200,130,200,,,false,false,
80,9,9,CRETACEOUS,Mesaverde Group,Buck Tongue of Mancos,Buck Tongue of Mancos,,120-300,120,300,,Baculites perplexus,false,false,
80,10,10,CRETACEOUS,Mesaverde Group,Castlegate Sandstone,Castlegate Sandstone,,0-400,0,400,,,false,false,
80,11,11,CRETACEOUS,Mesaverde Group,Blackhawk Fm,Blackhawk Formation,,0-200,0,200,,carbonaceous shale,false,false,
80,12,12,CRETACEOUS,Mancos Shale,Upper Blue Gate Member,Upper Blue Gate Member,,350,350,350,,Early Pierre fauna; Inoceramus,false,false,
80,13,13,CRETACEOUS,Mancos Shale,Prairie Canyon Member,Prairie Canyon Member,,1000,1000,1000,,"oil & gas; Mancos B zone; see Cole et al., 1997",false,false,
80,14,14,CRETACEOUS,Mancos Shale,Lower Blue Gate Member,Lower Blue Gate Member,,2000,2000,2000,,Telegraph Creek fauna; Inoceramus lobatus; Niobrara fauna,false,false,
80,15,15,CRETACEOUS,Mancos Shale,Juana Lopez Mbr,Juana Lopez Member,,50-160,50,160,,forms cuesta,false,false,
80,16,16,CRETACEOUS,Mancos Shale,Tununk Shale Mbr,Tununk Shale Member,,160-350,160,350,,Pycnodonte newberryi,false,false,
80,17,17,CRETACEOUS,,Naturita Formation,Naturita Formation,,100,100,100,,humate fertilizer,false,false,
80,18,18,CRETACEOUS,,Cedar Mountain Formation,Cedar Mountain Formation,,50-120,50,120,,136.3 U-Pb max depo age; UNCONFORMITY,false,false,
80,19,19,JURASSIC,Morrison Fm,Brushy Basin Mbr,Brushy Basin Member,,350-420,350,420,,subsurface,false,false,
80,20,20,JURASSIC,Morrison Fm,Salt Wash Mbr,Salt Wash Member,,200-300,200,300,,,false,false,
80,21,20,JURASSIC,Morrison Fm,Tidwell Member,Tidwell Member,,20-80,20,80,,,false,false,
80,22,20,JURASSIC,,Summerville Formation,Summerville Formation,,10-30,10,30,,,false,false,
80,23,21,JURASSIC,,"Curtis Fm, Moab Mbr","Curtis Formation, Moab Member",,0-100,0,100,,J-3 UNCONFORMITY,false,false,
80,24,22,JURASSIC,,"Entrada Ss, Slick Rock Mbr","Entrada Sandstone, Slick Rock Member",,150,150,150,,"""Earthy member""",false,false,
80,25,23,JURASSIC,,"Carmel Fm, Dewey Bridge Mbr","Carmel Formation, Dewey Bridge Member",,30-150,30,150,,J-1 UNCONFORMITY,false,false,
80,26,23,JURASSIC,,Navajo Sandstone,Navajo Sandstone,,500-0,0,500,,vertebrate tracks,false,false,
80,27,24,JURASSIC,,Kayenta Formation,Kayenta Formation,,250-0,0,250,,,false,false,
80,28,25,JURASSIC,,Wingate Sandstone,Wingate Sandstone,,300-400,300,400,,,false,false,
80,29,26,TR,,Chinle Formation,Chinle Formation,,40-450,40,450,,,false,false,
80,30,27,PAL,,Cutler Formation,Cutler Formation,,0-5000,0,5000,,UNCOMPAHGRE UNCONFORMITY,false,false,
80,31,28,PAL,,Honaker Trail & Paradox Fms,Honaker Trail & Paradox Fms,,0-7000,0,7000,,Precambrian basement thrust over Paleozoic,false,false,
80,32,29,PAL,,"Miss, Dev, & Camb Fms","Miss, Dev, & Camb Fms",,0-1000,0,1000,,,false,false,
81,1,1,Q,,"Soil, alluvium & colluvium","Soil, alluvium & colluvium",,0-100,0,100,,,false,false,
81,2,2,EOCENE,Uinta Fm,Fluviatile seds,Fluviatile seds,,200+,200,200,,,false,false,
81,3,3,EOCENE,Uinta Fm,Sandstone and limestone facies,Sandstone and limestone facies,,700,700,700,,,false,false,
81,4,4,EOCENE,Uinta Fm,Saline facies,Saline facies,,900,900,900,,,false,false,
81,5,5,EOCENE,Green River Fm,Evacuation Creek Member,Evacuation Creek Member,,970,970,970,,upper tuff zone; E-5 palynomorphs,false,false,
81,6,6,EOCENE,Green River Fm,Parachute Creek Member,Parachute Creek Member,,630,630,630,,tuff zone; E-4 palynomorphs,false,false,
81,7,7,EOCENE,“Delta” facies marlstone,Unit D,Unit D,,1000,1000,1000,,,false,false,
81,8,8,EOCENE,“Delta” facies marlstone,Unit C,Unit C,,600,600,600,,marlstone & siltstone,false,false,
81,9,9,EOCENE,“Delta” facies marlstone,Unit B,Unit B,,1075,1075,1075,,"E-3 palynomorphs; greenish-gray marlstone, ss, ls",false,false,
81,10,10,EOCENE,“Delta” facies marlstone,Unit A,Unit A,,575,575,575,,fossil bird tracks,false,false,
81,11,11,EOCENE,Green River Fm,Soldier Summit Member,Soldier Summit Member,,460,460,460,,oil shale; fossil tracks; E-2 palynomorphs,false,false,
81,12,12,EOCENE,Green River Fm,Tabbyune Creek Tongue,Tabbyune Creek Tongue,,260-310,260,310,,Tongue of Colton Fm,false,false,
81,13,13,EOCENE,Green River Fm,Middle Fork Tongue,Middle Fork Tongue,,250-280,250,280,,lacustrine paper sh,false,false,
81,14,14,EOCENE,,Colton Formation,Colton Formation,,1000-1500,1000,1500,,ozokerite veins; SOLDIER SUMMIT; E-1 palynomorphs,false,false,
81,15,15,PALEOC,,Flagstaff Limestone,Flagstaff Limestone,,300-500,300,500,,P-3 palynomorphs,false,false,
81,16,16,PALEOC,,North Horn Formation,North Horn Formation,,1600,1600,1600,,P-2 palynomorphs; red layers locally,false,false,
81,17,17,CRETACEOUS,,Bennion Creek Fm,Bennion Creek Formation,,550,550,550,,conglomerate & ss,false,false,
81,18,18,CRETACEOUS,Mesaverde Group,Price River Fm,Price River Formation,,620,620,620,,,false,false,
81,19,19,CRETACEOUS,Mesaverde Group,Castlegate Sandstone,Castlegate Sandstone,,730,730,730,,,false,false,
81,20,20,CRETACEOUS,Mesaverde Group,Blackhawk Formation,Blackhawk Formation,,700,700,700,,thin coal beds; Pauley #1 well 35-11S-6E 1958 TD 8560,false,true,
81,21,21,CRETACEOUS,Mesaverde Group,Star Point Sandstone,Star Point Sandstone,,430,430,430,,,false,false,
81,22,22,CRETACEOUS,Mancos Shale,Upper shale,Upper shale,,520,520,520,,,false,false,
81,23,23,CRETACEOUS,Mancos Shale,Emery Sandstone Member,Emery Sandstone Member,,1500,1500,1500,,,false,false,
81,24,24,CRETACEOUS,Mancos Shale,Blue Gate Shale Member,Blue Gate Shale Member,,1500,1500,1500,,,false,false,
81,25,25,CRETACEOUS,Mancos Shale,Ferron Sandstone Member,Ferron Sandstone Member,,600,600,600,,,false,false,
81,26,26,CRETACEOUS,Mancos Shale,Tununk Shale Mbr,Tununk Shale Member,,400,400,400,,,false,false,
81,27,27,CRETACEOUS,,Naturita - Cedar Mtn Fms,Naturita - Cedar Mtn Fms,,300+,300,300,,,false,false,
82,1,3,PALEO,,Flagstaff Limestone,Flagstaff Limestone,,150+,150,150,,top removed by erosion; freshwater limestone,false,false,
82,2,5,PALEO,,North Horn Formation,North Horn Formation,,1000,1000,1000,,claybeds prone to slumping,false,false,
82,3,7,CRETACEOUS,Mesaverde Group,Price River Formation,Price River Formation,,300,300,300,,,false,false,
82,4,8,CRETACEOUS,Mesaverde Group,Castlegate Sandstone,Castlegate Sandstone,,200,200,200,,,false,false,
82,5,10,CRETACEOUS,Mesaverde Group,Blackhawk Formation,Blackhawk Formation,,600-900,600,900,,coal; Hiawatha coal beds,false,false,
82,6,11,CRETACEOUS,Mesaverde Group,Star Point Sandstone,Star Point Sandstone,,300-450,300,450,,,false,false,
82,7,12,CRETACEOUS,Mancos Shale,Upper Blue Gate Member,Upper Blue Gate Member,,980,980,980,,"Pan America Ferron Unit 3 21-20S-7E; TD 10,022 feet, located 2 miles south of Ferron",false,false,
82,8,13,CRETACEOUS,Mancos Shale,Emery Sandstone Member,Emery Sandstone Member,,370,370,370,,,false,false,
82,9,15,CRETACEOUS,Mancos Shale,Lower Blue Gate Member,Lower Blue Gate Member,,1700,1700,1700,,"marine mudstone; Cretaceous units become coarser and thicker westward, and finer-grained eastward as the sediments were taken eastward from the Sevier orogenic highlands in western Utah",false,false,
82,10,16,CRETACEOUS,Mancos Shale,Ferron Sandstone Member,Ferron Sandstone Member,,312,312,312,,coal,false,false,
82,11,18,CRETACEOUS,Mancos Shale,Tununk Member,Tununk Member,,568,568,568,,marine,false,false,
82,12,19,CRETACEOUS,,Naturita Formation,Naturita Formation,,62,62,62,,UNCONFORMITY ~5 m.y.,false,false,
82,13,19,CRETACEOUS,,Cedar Mountain Formation,Cedar Mountain Formation,,370-450,370,450,,,false,false,
82,14,19,JURASSIC,,Morrison Formation,Morrison Formation,,304,304,304,,J-K UNCONFORMITY 25 m.y.; Cleveland-Lloyd Dinosaur Quarry; J-5 UNCONFORMITY 3 m.y.,false,false,
82,15,19,JURASSIC,,Summerville Formation,Summerville Formation,,406,406,406,,,false,false,
82,16,20,JURASSIC,,Curtis Formation,Curtis Formation,,90,90,90,,marine,false,false,
82,17,20,JURASSIC,,Entrada Sandstone,Entrada Sandstone,,800,800,800,,J-3 UNCONFORMITY ~2 m.y.,false,false,
82,18,21,JURASSIC,Carmel Formation,Upper unit,Upper unit,,497,497,497,,,false,false,
82,19,28,JURASSIC,Carmel Formation,Lower unit,Lower unit,,523,523,523,,,false,false,
82,20,30,JURASSIC,,Navajo Sandstone,Navajo Sandstone,,610,610,610,,J-1 UNCONFORMITY 15 m.y.,false,false,
82,21,31,JURASSIC,,Kayenta Formation,Kayenta Formation,,210,210,210,,,false,false,
82,22,31,JURASSIC,,Wingate Sandstone,Wingate Sandstone,,267,267,267,,,false,false,
82,23,32,TRIASSIC,Chinle Formation,Petrified Forest M,Petrified Forest Member,,138,138,138,,,false,false,
82,24,33,TRIASSIC,Chinle Formation,Moss Back Mbr,Moss Back Member,,123,123,123,,,false,false,
82,25,33,TRIASSIC,,Moody Canyon Mbr,Moody Canyon Member,,282,282,282,,TR-3 UNCONFORMITY 10 m.y.,false,false,
82,26,34,TRIASSIC,Moenkopi Formaiton,Torrey Member,Torrey Member,,376,376,376,,,false,false,
82,27,37,TRIASSIC,Moenkopi Formaiton,Sinbad Ls Mbr,Sinbad Limestone Member,,158,158,158,,,false,false,
82,28,39,TRIASSIC,Moenkopi Formaiton,Black Dragon Mbr,Black Dragon Member,,181,181,181,,TR-1 UNCONFORMITY 10 m.y.,false,false,
82,29,40,PERM,,Black Box Dolomite,Black Box Dolomite,,150,150,150,,,false,false,
82,30,42,PERM,,White Rim Sandstone,White Rim Sandstone,,443,443,443,,EMERY UPLIFT UNCONFORMITY 60 million years,false,false,
82,31,44,M,,Redwall Limestone,Redwall Limestone,,369,369,369,,,false,false,
82,32,45,D,,Ouray Limestone,Ouray Limestone,,143,143,143,,,false,false,
82,33,49,D,,Elbert Formation,Elbert Formation,,385,385,385,,fish fossils; MAJOR UNCONFORMITY 160 m.y.,false,false,
82,34,50,CAMBRIAN,,Lynch Dolomite,Lynch Dolomite,,512,512,512,,,false,false,
82,35,52,CAMBRIAN,,Maxfield Limestone,Maxfield Limestone,,568,568,568,,,false,false,
82,36,55,CAMBRIAN,,Ophir Shale,Ophir Shale,,211,211,211,,,false,false,
82,37,56,CAMBRIAN,,Tintic Quartzite,Tintic Quartzite,,91+,91,91,,base not reached,false,false,
83,1,1,Q,,Alluvium and colluvium,Alluvium and colluvium,,0-100,0,100,,,false,false,
83,2,3,EO,,Green River Formation,Green River Formation,,1000+,1000,1000,,white; green,false,false,
83,3,5,PALEOC,,Colton Formation,Colton Formation,,500,500,500,,red,false,false,
83,4,9,PALEOC,,Flagstaff Limestone,Flagstaff Limestone,,300-1000,300,1000,,fresh-water limestone,false,false,
83,5,11,PALEOC,,North Horn Formation,North Horn Formation,,900-1200,900,1200,,"red and gray mudstone, ss, prone to slumping",false,false,
83,6,12,CRETACEOUS,Mesaverde Group,Price River Fm,Price River Formation,,700,700,700,,,false,false,
83,7,13,CRETACEOUS,Mesaverde Group,Castlegate Sandstone,Castlegate Sandstone,,210-240,210,240,,,false,false,
83,8,15,CRETACEOUS,Mesaverde Group,Blackhawk Formation,Blackhawk Formation,,800-900,800,900,,coal,false,false,
83,9,17,CRETACEOUS,Mesaverde Group,Star Point Sandstone,Star Point Sandstone,,400,400,400,,Philips Petroleum 20-22S-3E 1973,false,true,
83,10,18,CRETACEOUS,Mancos Shale,Upper Blue Gate Shale Member,Upper Blue Gate Shale Member,,500,500,500,,formerly Masuk Shale Member,false,false,
83,11,19,CRETACEOUS,Mancos Shale,Emery Ss Member,Emery Sandstone Member,,1200,1200,1200,,coal,false,false,
83,12,22,CRETACEOUS,Mancos Shale,Lower Blue Gate Shale Member,Lower Blue Gate Shale Member,,1500,1500,1500,,Inoceramus; Inoceramus,false,false,
83,13,24,CRETACEOUS,Mancos Shale,Ferron Ss Member,Ferron Sandstone Member,,450-720,450,720,,coal,false,false,
83,14,26,CRETACEOUS,Mancos Shale,Tununk Shale Member,Tununk Shale Member,,750-940,750,940,,Inoceramus,false,false,
83,15,26,CRETACEOUS,,Naturita Formation,Naturita Formation,,100,100,100,,,false,false,
83,16,27,CRETACEOUS,,Cedar Mountain Fm,Cedar Mountain Formation,,300,300,300,,"see Kirkland & Madsen, 2007; 25 m.y. UNCONFORMITY",false,false,
83,17,27,JURASSIC,,Morrison Fm,Morrison Formation,,400,400,400,,J-5 UNCONFORMITY,false,false,
83,18,27,JURASSIC,,Summerville Fm,Summerville Formation,,300-600,300,600,,,false,false,
83,19,28,JURASSIC,,Curtis Formation,Curtis Formation,,190,190,190,,J-3 UNCONFORMITY,false,false,
83,20,28,JURASSIC,,Entrada Sandstone,Entrada Sandstone,,1000,1000,1000,,silty redbeds; Twist Gulch equivalent,false,false,
83,21,31,JURASSIC,,Arapien Shale,Arapien Shale,,1100,1100,1100,,salt & gypsum; Arapien is equivalent to upper 2 members of Imlay's Twin Creek Limestone,false,true,
83,22,38,JURASSIC,,Twin Creek Limestone,Twin Creek Limestone,,550,550,550,,As used here the Twin Creek includes Imlay's lower 5 members,false,true,
83,23,39,JURASSIC,,Navajo Sandstone,Navajo Sandstone,,900,900,900,,J-1 UNCONFORMITY,false,false,
83,24,40,JURASSIC,,Kayenta Formation,Kayenta Formation,,120,120,120,,,false,false,
83,25,41,JURASSIC,,Wingate Sandstone,Wingate Sandstone,,330,330,330,,,false,false,
83,26,42,TRIASSIC,Chinle Fm,Upper member,Upper member,,200,200,200,,bentonitic,false,false,
83,27,43,TRIASSIC,Chinle Fm,Moss Back Ss M,Moss Back Sandstone Member,,60,60,60,,,false,false,
83,28,43,TRIASSIC,Moenkopi Formation,Upper member,Upper member,,1200,1200,1200,,,false,false,
83,29,43,TRIASSIC,Moenkopi Formation,Sinbad Ls Mbr,Sinbad Limestone Member,,270,270,270,,,false,false,
83,30,46,TRIASSIC,Moenkopi Formation,Black Dragon Mbr,Black Dragon Member,,250,250,250,,,false,false,
83,31,48,PER,Kaibab Fm,Harrisburg Mbr,Harrisburg Member,,150,150,150,,Plympton Fm equivalent,false,false,
83,32,50,PER,Kaibab Fm,Fossil Mtn Mbr,Fossil Mtn Member,,110,110,110,,Black Box Dolomite equivalent,false,false,
83,33,53,PER,,Pakoon Dolomite,Pakoon Dolomite,,800+,800,800,,,false,false,
83,34,57,M,,Redwall Limestone,Redwall Limestone,,800+,800,800,,MAJOR UNCONFORMITY,false,false,
83,35,63,D,,"Undivided Devonian ls, dolomite, & ss","Undivided Devonian ls, dolomite, & ss",,600+,600,600,,,false,false,
83,36,70,CAMB,,"Undivided Cambrian dolomite, limestone, shale, & quartzite","Undivided Cambrian dolomite, limestone, shale, & quartzite",,1500+,1500,1500,,MAJOR UNCONFORMITY,false,false,
84,1,1,Q,,Alluvium & surficial deposits,Alluvium & surficial deposits,,0-100,0,100,,,false,false,
84,2,2,PL,,Alkalic diabase dikes & sills,Alkalic diabase dikes & sills,,-,,,,"3.7 to 4.6 m.y.; see Delaney & Gartner, 1997",false,false,
84,3,4,CRETACEOUS,Mancos Shale,Blue Gate Shale Mbr,Blue Gate Shale Member,,1500+,1500,1500,,,false,false,
84,4,5,CRETACEOUS,Mancos Shale,Ferron Ss Member,Ferron Sandstone Member,,150-400,150,400,,coal beds,false,false,
84,5,6,CRETACEOUS,Mancos Shale,Tununk Shale Mbr,Tununk Shale Member,,300-600,300,600,,Pycnodonte newberryi,false,false,
84,6,6,CRETACEOUS,,Naturita Formation,Naturita Formation,,0-100,0,100,,,false,false,
84,7,7,CRETACEOUS,,Cedar Mountain Formation,Cedar Mountain Formation,,100-200,100,200,,"98.4 m.y. Ar/Ar; see Kirkland & Madsen, 2007, for members; 25 m.y. UNCONFORMITY",false,false,
84,8,7,CRETACEOUS,Cedar Mountain Formation,Buckhorn Cg Mbr,Buckhorn Conglomerate Member,,0-30,0,30,,,false,false,
84,9,8,JURASSIC,Morrison Fm,Brushy Basin Member,Brushy Basin Member,,200-400,200,400,,150 m.y. Ar/Ar; 152 m.y. Ar/Ar,false,false,
84,10,9,JURASSIC,Morrison Fm,Salt Wash Mbr,Salt Wash Member,,150-300,150,300,,,false,false,
84,11,10,JURASSIC,Morrison Fm,Tidwell Member,Tidwell Member,,20-50,20,50,,157 m.y. Ar/Ar; J-5 UNCONFORMITY,false,false,
84,12,11,JURASSIC,San Rafael Group*,Summerville Fm,Summerville Formation,,100-400,100,400,,red,false,false,
84,13,12,JURASSIC,San Rafael Group*,Curtis Fm,Curtis Formation,,30-250,30,250,,green,false,false,
84,14,13,JURASSIC,San Rafael Group*,Entrada Fm (earthy facies),Entrada Formation (earthy facies),,300-800,300,800,,J-3 UNCONFORMITY; resembles Summerville Fm here,false,false,
84,15,14,JURASSIC,San Rafael Group*,Carmel Fm,Carmel Formation,,200-700,200,700,,gypsum; Camptonectes,false,false,
84,16,15,JURASSIC,San Rafael Group*,Page Sandstone,Page Sandstone,,0-40,0,40,,J-1 UNCONFORMITY,false,false,
84,17,16,JURASSIC,Glen Canyon Gp*,Navajo Ss,Navajo Sandstone,,400-650,400,650,,*abandoned term,false,false,
84,18,17,JURASSIC,Glen Canyon Gp*,Kayenta Fm,Kayenta Formation,,150-300,150,300,,J-0 UNCONFORMITY,false,false,
84,19,18,JURASSIC,Glen Canyon Gp*,Wingate Ss,Wingate Sandstone,,240-420,240,420,,,false,false,
84,20,19,TRIASSIC,Chinle Fm,Upper member,Upper member,,130-265,130,265,,"see Lucas, 1993 and Martz et al., 2017 for alternative names",false,false,
84,21,20,TRIASSIC,Chinle Fm,Moss Back Ss Mbr,Moss Back Sandstone Member,,0-150,0,150,,,false,false,
84,22,21,TRIASSIC,Chinle Fm,Temple Mtn Mbr,Temple Mtn Member,,0-60,0,60,,TR-3 UNCONFORMITY,false,false,
84,23,22,TRIASSIC,Moenkopi Fm,Moody Canyon Member,Moody Canyon Member,,140-250,140,250,,,false,false,
84,24,23,TRIASSIC,Moenkopi Fm,Torrey Mbr,Torrey Member,,300-420,300,420,,,false,false,
84,25,24,TRIASSIC,Moenkopi Fm,Sinbad Ls Mbr,Sinbad Limestone Member,,0-150,0,150,,Meekoceras,false,false,
84,26,25,TRIASSIC,Moenkopi Fm,Black Dragon Mbr,Black Dragon Member,,65-200,65,200,,subsurface,false,false,
84,27,26,PERMIAN,,Black Box Dolomite,Black Box Dolomite,,0-85,0,85,,"""Kaibab"" of old reports, see Welsh et al., 1979",false,true,
84,28,27,PERMIAN,,"Cedar Mesa and White Rim Sandstones, undifferentiated","Cedar Mesa and White Rim Sandstones, undifferentiated",,500-950,500,950,,"""Coconino"" of well logs; Standard Oil of Calif -Continental Unit #2; 1937 feet to Precambrian",false,false,
84,29,28,PERMIAN,,Pakoon Dolomite (Elephant Canyon),Pakoon Dolomite (Elephant Canyon),,300-700,300,700,,NOTE - This area is on the east flank of the late Paleozoic Piute Platform. The White Rim Ss rests directly on the Redwall Ls in 20S-7E,false,false,
84,30,29,PENN,,Honaker Trail Fm?,Honaker Trail Formation?,,200-500,200,500,,Pan-Am Ferron well,false,false,
84,31,30,PENN,,Paradox Fm?,Paradox Formation?,,300-500,300,500,,lower Oquirrh Fm equivalent,false,false,
84,32,31,PENN,,Pinkerton Trail Fm?,Pinkerton Trail Formation?,,100-200,100,200,,Manning Cyn equivalent,false,false,
84,33,32,MISS,,Redwall Ls,Redwall Limestone,,600-1000,600,1000,,Gardison Ls equivalent,false,false,
84,34,33,DEV,,Ouray Limestone,Ouray Limestone,,100-200,100,200,,Fitchville Fm equivalent,false,false,
84,35,34,DEV,,Elbert Fm,Elbert Formation,,200-400,200,400,,,false,false,
84,36,34,CAMBRIAN,,Lynch Dolomite & Maxfield Limestone undivided,Lynch Dolomite & Maxfield Limestone undivided,,1000-1300,1000,1300,,,false,false,
84,37,35,CAMBRIAN,,Ophir Fm,Ophir Formation,,0-100,0,100,,,false,false,
84,38,36,CAMBRIAN,,Tintic Quartzite,Tintic Quartzite,,150-30,30,150,,,false,false,
84,39,37,pЄ,,schist,schist,,-,,,,,false,false,
85,1,1,Q,,Alluvium & colluvium,Alluvium & colluvium,,0-200,0,200,,,false,false,
85,2,2,M,,Older alluvium & valley fill,Older alluvium & valley fill,,0-1000?,0,1000,,tilted deposits on west flank of range,false,false,
85,3,3,OLIGOCENE,Needles Range Group,Lund Fm-Tuff mbr,Lund Formation-Tuff mbr,,up to 300,300,300,,Basin-Range UNCONFORMITY; 29.20 ± 0.08 m.y. crystal-rich,false,false,
85,4,4,OLIGOCENE,Needles Range Group,Wah Wah Springs Fm Outflow Tuff member,Wah Wah Springs Formation Outflow Tuff member,,up to 1000,1000,1000,,30.06 ± 0.05 m.y. crystal rich,false,false,
85,5,5,OLIGOCENE,Needles Range Group,Cottonwood Wash Tuff,Cottonwood Wash Tuff,,900-1300,900,1300,,31.13 ± 0.09 m.y.; big biotite phenocrysts,false,false,
85,6,6,OLIGOCENE,Escalante Desert Fm,Beers Spring Mbr,Beers Spring Member,,0-30,0,30,,,false,false,
85,7,7,OLIGOCENE,Escalante Desert Fm,Lamerdorf Tuff M,Lamerdorf Tuff Member,,0-50,0,50,,31.9–32.1 m.y. crystal-poor,false,false,
85,8,8,OLIGOCENE,Escalante Desert Fm,Andesite mbr,Andesite mbr,,0-40,0,40,,32.3 m.y.,false,false,
85,9,9,OLIGOCENE,,Sawtooth Peak Fm,Sawtooth Peak Formation,,0-160,0,160,,33.5 ± 1.2 m.y. ash-flow tuff,false,false,
85,10,10,OLIGOCENE,,Pre-volcanic sandstone and conglomerate,Pre-volcanic sandstone and conglomerate,,0-2000,0,2000,,thickest on west flank of range south of pass; lacks volcanic clasts,false,false,
85,11,11,,,MAJOR ANGULAR UNCONFORMITY FOLDED STRATA BELOW OVERLAIN BY VARIOUS ROCK UNITS ABOVE,MAJOR ANGULAR UNCONFORMITY FOLDED STRATA BELOW OVERLAIN BY VARIOUS ROCK UNITS ABOVE,,,,,,,true,false,
85,12,12,PERMIAN,,Arcturus Formation,Arcturus Formation,,2200+,2200,2200,,gypsum; orange dolomitic ss,false,false,
85,13,13,PERMIAN,,Mormon Gap Formation,Mormon Gap Formation,,700 ±,700,700,,Pseudofusulina; Pseudoschwagerina; orange dolomitic ss,false,false,
85,14,14,PENN,Ely Ls,Cherty member,Cherty member,,1800 ±,1800,1800,,"Chaetetes; conodonts; cyclic cherty ls, dolo, ss; fossils abundant; Profusulinella; Endothyra",false,false,
85,15,15,MISSISSIPPIAN,Ely Ls,Chertless member,Chertless member,,200,200,200,,Zellerina,false,false,
85,16,16,MISSISSIPPIAN,Chainman Shale,Jensen Member,Jensen Member,,260-400,260,400,,many marine invertebrates,false,false,
85,17,17,MISSISSIPPIAN,Chainman Shale,Willow Gap Ls Mbr,Willow Gap Limestone Member,,0-30,0,30,,,false,false,
85,18,18,MISSISSIPPIAN,Camp Canyon Member,Rusty limestone,Rusty limestone,,650,650,650,,,false,false,
85,19,19,MISSISSIPPIAN,Camp Canyon Member,Clayey limestone,Clayey limestone,,300,300,300,,brachiopods and mollusks common,false,false,
85,20,20,MISSISSIPPIAN,Camp Canyon Member,Black shale,Black shale,,400,400,400,,Cravenoceras (cephalopod),false,false,
85,21,21,MISSISSIPPIAN,Chainman Shale,Skunk Spring Ls Mbr,Skunk Spring Limestone Member,,5-10,5,10,,,false,false,
85,22,21,MISSISSIPPIAN,Chainman Shale,Needle Siltstone Mbr,Needle Siltstone Member,,600,600,600,,,false,false,
85,23,22,MISSISSIPPIAN,Delle Phosphatic Mbr,Limestone U,Limestone U,,80-100,80,100,,,false,false,
85,24,23,MISSISSIPPIAN,Delle Phosphatic Mbr,Siltstone Unit,Siltstone Unit,,40-65,40,65,,,false,false,
85,25,24,MISSISSIPPIAN,,Joana Limestone,Joana Limestone,,450,450,450,,horn corals,false,false,
85,26,25,DEVONIAN,,Pilot Shale,Pilot Shale,,360,360,360,,upper member; Leatham Member; lower member,false,false,
85,27,26,DEVONIAN,,West Range Limestone,West Range Limestone,,260-390,260,390,,,false,false,
85,28,27,DEVONIAN,Guilmette Fm,Sandstone mbr,Sandstone mbr,,130,130,130,,,false,false,
85,29,28,DEVONIAN,Guilmette Fm,Dolomite and sandstone mbr,Dolomite and sandstone mbr,,1500+,1500,1500,,spaghetti-type stromotoporoids very common,false,false,
86,1,1,Q,,Alluvium & colluvium,Alluvium & colluvium,,0-100,0,100,,,false,false,
86,2,2,P,,Volcanic ss & cg,Volcanic ss & cg,,350-1100,350,1100,,,false,false,
86,3,3,MIOCENE,,Steamboat Mountain Fm Rhyolite member,Steamboat Mountain Formation Rhyolite member,,0-1500,0,1500,,12-13 m.y. flows & domes; Basin-Range UNCONFORMITY,false,false,
86,4,4,MIOCENE,Blawn Fm,Rhyolite member,Rhyolite member,,0-500,0,500,,"flows, domes, dikes",false,false,
86,5,5,MIOCENE,Blawn Fm,Mafic flow member,Mafic flow member,,0-1500,0,1500,,18 m.y.,false,false,
86,6,6,MIOCENE,,"Bauers Tuff Mbr, Condor Canyon","Bauers Tuff Member, Condor Canyon",,60-400,60,400,,23.04 ± 0.11 m.y.,false,false,
86,7,7,MIOCENE,,Dacite of Spanish George Spring,Dacite of Spanish George Spring,,0-800,0,800,,lava dome,false,false,
86,8,8,OLIGOCENE,,Isom Formation,Isom Formation,,0-2500,0,2500,,flat vesicles; 24.5-27.9 m.y. Ar/Ar,false,false,
86,9,9,OLIGOCENE,,Hornblende andesite flows,Hornblende andesite flows,,0-800,0,800,,,false,false,
86,10,10,OLIGOCENE,Lund Fm,Andesite member,Andesite member,,0-1300,0,1300,,,false,false,
86,11,11,OLIGOCENE,Lund Fm,Tuff member,Tuff member,,0-1800,0,1800,,29.20 ± 0.08 m.y.; COLLAPSE OF WHITE ROCK CALDERA,false,false,
86,12,12,OLIGOCENE,Lund Fm,Rhyolite flow mbr,Rhyolite flow mbr,,0-600,0,600,,,false,false,
86,13,13,OLIGOCENE,Ryan Spring Fm,Mackleprang Tuff M,Mackleprang Tuff Member,,0-1500,0,1500,,,false,false,
86,14,14,OLIGOCENE,Ryan Spring Fm,Greens Canyon Tuff,Greens Canyon Tuff,,0-1500,0,1500,,30.13 ± 0.13 m.y.,false,false,
86,15,14,OLIGOCENE,Ryan Spring Fm,Andesite flow mbr,Andesite flow mbr,,0-1500,0,1500,,,false,false,
86,16,15,OLIGOCENE,Wah Wah Springs Fm,Intracaldera member,Intracaldera member,,100-7000,100,7000,,"crystal-rich dacite tuffs, breccias & caldera wall collapse deposits",false,false,
86,17,16,OLIGOCENE,Wah Wah Springs Fm,Outflow tuff member,Outflow tuff member,,0-1600,0,1600,,COLLAPSE OF THE INDIAN PEAK CALDERA; 30.06 ± 0.05 m.y.,false,false,
86,18,17,OLIGOCENE,Needless Range Group,Cottonwood Wash Tuff,Cottonwood Wash Tuff,,0-1000,0,1000,,31.13 ± 0.09 m.y. big biotite,false,false,
86,19,18,OLIGOCENE,Escalante Desert Fm,Beers Spring Mbr,Beers Spring Member,,0-500,0,500,,green to brown ss,false,false,
86,20,19,OLIGOCENE,Escalante Desert Fm,Lamerdorf Tuff M,Lamerdorf Tuff Member,,0-200,0,200,,31.9-32.1 m.y.,false,false,
86,21,20,OLIGOCENE,Escalante Desert Fm,Andesite flow mbr,Andesite flow mbr,,0-200,0,200,,COLLAPSE OF THE PINE VALLEY CALDERA,false,false,
86,22,21,OLIGOCENE,Escalante Desert Fm,Marsden Tuff Mbr,Marsden Tuff Member,,0-1000?,0,1000,,,false,false,
86,23,22,E,,Sawtooth Peak Formation,Sawtooth Peak Formation,,0-1000,0,1000,,33.5 ± 1.2 m.y. ash-flow tuff,false,false,
86,24,23,,,PALEOZOIC STRATA BENEATH VOLCANIC ROCKS HAVE BEEN FOLDED AND THRUSTED PRIOR TO BEING FURTHER DEFORMED BY TERTIARY CALDERA COLLAPSE AND VOLCANOGENIC ALTERATION,PALEOZOIC STRATA BENEATH VOLCANIC ROCKS HAVE BEEN FOLDED AND THRUSTED PRIOR TO BEING FURTHER DEFORMED BY TERTIARY CALDERA COLLAPSE AND VOLCANOGENIC ALTERATION,,,,,,,true,false,
86,25,24,P,,Callville Limestone,Callville Limestone,,850,850,850,,,false,false,
86,26,25,M,,Joana Limestone,Joana Limestone,,400,400,400,,,false,false,
86,27,26,DEV,,Pilot Shale,Pilot Shale,,0-350,0,350,,,false,false,
86,28,27,DEV,,Guilmette Formation,Guilmette Formation,,50-1300,50,1300,,,false,false,
86,29,28,DEV,,Simonson Dolomite,Simonson Dolomite,,150+,150,150,,dark gray,false,false,
86,30,29,DEV,,Sevy Dolomite,Sevy Dolomite,,350+,350,350,,light gray,false,false,
86,31,30,S,,Laketown Dolomite,Laketown Dolomite,,1100,1100,1100,,THICKNESSES SHOWN FOR PALEOZOIC FORMATIONS ARE MAXIMUMS FOUND IN THIS AREA; THEY DO NOT NECESSARILY REPRESENT THE ORIGINAL FULL THICKNESS,false,true,
86,32,31,ORDOVICIAN,,Ely Springs Dolomite,Ely Springs Dolomite,,500,500,500,,,false,false,
86,33,32,ORDOVICIAN,,Eureka Quartzite,Eureka Quartzite,,500,500,500,,,false,false,
86,34,33,ORDOVICIAN,,Crystal Peak Dolomite,Crystal Peak Dolomite,,240,240,240,,,false,false,
86,35,34,ORDOVICIAN,,Lehman & Kanosh Fms undiv,Lehman & Kanosh Fms undiv,,500,500,500,,,false,false,
86,36,35,ORDOVICIAN,,Juab & Wah Wah Ls undivided,Juab & Wah Wah Limestone undivided,,500,500,500,,,false,false,
86,37,36,ORDOVICIAN,,Fillmore Formation,Fillmore Formation,,1500,1500,1500,,,false,false,
86,38,37,ORDOVICIAN,,House Limestone,House Limestone,,400,400,400,,,false,false,
86,39,38,CAMBRIAN,,Notch Peak Formation,Notch Peak Formation,,2000,2000,2000,,algal stromatolites,false,false,
86,40,39,CAMBRIAN,,Orr Formation,Orr Formation,,1300,1300,1300,,,false,false,
86,41,40,CAMBRIAN,Wah Wah Summit Fm,White member,White member,,160,160,160,,boundstone,false,false,
86,42,41,CAMBRIAN,Wah Wah Summit Fm,Lower member,Lower member,,600,600,600,,,false,false,
86,43,42,CAMBRIAN,,Trippe Limestone,Trippe Limestone,,100+,100,100,,,false,false,
87,1,1,Q,,Alluvium & colluvium,Alluvium & colluvium,,0-100,0,100,,,false,false,
87,2,2,MIOCENE,,Valley fill,Valley fill,,0-3000,0,3000,,,false,false,
87,3,3,MIOCENE,,"Basalt Mbr, Steamboat Mtn Fm","Basalt Member, Steamboat Mtn Formation",,0-600,0,600,,12-13 m.y. exposed at Brimstone Reservoir,false,false,
87,4,4,MIOCENE,Blawn Fm,Rhyolite member,Rhyolite member,,0-1300,0,1300,,Basin-Range UNCONFORMITY; 20 m.y.,false,false,
87,5,5,MIOCENE,Blawn Fm,Tuff member,Tuff member,,1200,1200,1200,,crystal-poor welded ash-flow tuff,false,false,
87,6,6,MIOCENE,Blawn Fm,Mafic flow member,Mafic flow member,,600,600,600,,,false,false,
87,7,7,OLIGOCENE,Blawn Fm,Garnet tuff member and source pluton,Garnet tuff member and source pluton,,0-500,0,500,,few microgarnets; 24 m.y.; intrusion,false,false,
87,8,8,OLIGOCENE,,Isom Formation,Isom Formation,,0-90,0,90,,24.5–27.9 m.y.,false,false,
87,9,9,OLIGOCENE,,Three Creeks Tuff Mbr,Three Creeks Tuff Member,,0-600,0,600,,27 m.y. Bullion Canyon Volcanics,false,false,
87,10,10,OLIGOCENE,Needles Range Group,Lund Formation,Lund Formation,,up to 1500,1500,1500,,29.20 ± 0.08 m.y.,false,false,
87,11,11,OLIGOCENE,Needles Range Group,Wah Wah Springs Fm,Wah Wah Springs Formation,,up to 1500,1500,1500,,30.06 ± 0.05 m.y.,false,false,
87,12,12,OLIGOCENE,Needles Range Group,Cottonwood Wash Tuff,Cottonwood Wash Tuff,,0-50,0,50,,31.13 ± 0.09 m.y.,false,false,
87,13,13,OLIGOCENE,Escalante Desert Fm,Beers Spring Mbr,Beers Spring Member,,0-130,0,130,,Wah Wah Pass equivalents: Andesite of Long Valley; Andesite of Kelley's Place; Dacite of Wah Wah Cove,false,true,
87,14,14,OLIGOCENE,Escalante Desert Fm,Lamerdorf Mbr tuff & andesite,Lamerdorf Member tuff & andesite,,0-2000,0,2000,,,false,false,
87,15,15,OLIGOCENE,Escalante Desert Fm,Marsden Tuff Mbr,Marsden Tuff Member,,0-200,0,200,,33.6 m.y.,false,false,
87,16,16,OLIGOCENE,,Small intrusive bodies at Wah Wah Pass,Small intrusive bodies at Wah Wah Pass,,,,,,diorite; rhyolite porphry,false,false,
87,17,17,OLIGOCENE,,Older andesite,Older andesite,,0-50,0,50,,,false,false,
87,18,18,OLIGOCENE,,Conglomerate,Conglomerate,,0-250,0,250,,,false,false,
87,19,19,,,STRATA BELOW ARE OVERLAIN UNCONFORMABLY BY VARIOUS ROCKS ABOVE; ALL PRE-TERTIARY ROCKS ARE PART OF THE UPPER PLATE OF THE WAH WAH THRUST,STRATA BELOW ARE OVERLAIN UNCONFORMABLY BY VARIOUS ROCKS ABOVE; ALL PRE-TERTIARY ROCKS ARE PART OF THE UPPER PLATE OF THE WAH WAH THRUST,,,,,,,true,true,
87,20,20,ORD,Pogonip Group,Fillmore Fm,Fillmore Formation,,1800,1800,1800,,,false,false,
87,21,21,ORD,Pogonip Group,House Limestone,House Limestone,,450,450,450,,,false,false,
87,22,22,LATE CAMBRIAN,Notch Peak Fm,Lava Dam Mbr,Lava Dam Member,,320-430,320,430,,,false,false,
87,23,23,LATE CAMBRIAN,Notch Peak Fm,Red Tops Mbr,Red Tops Member,,50-130,50,130,,,false,false,
87,24,24,LATE CAMBRIAN,Notch Peak Fm,Hellnmaria Member,Hellnmaria Member,,1340,1340,1340,,algal stromatolites; Matthevia,false,false,
87,25,25,LATE CAMBRIAN,Orr Fm,Sneakover Ls M,Sneakover Limestone Member,,170,170,170,,,false,false,
87,26,26,LATE CAMBRIAN,Orr Fm,Steamboat Pass M,Steamboat Pass Member,,270,270,270,,abundant trilobites,false,false,
87,27,27,LATE CAMBRIAN,Orr Fm,Big Horse Ls Mbr,Big Horse Limestone Member,,700,700,700,,Tricrepicephalus; bioclastic ls,false,false,
87,28,28,LATE CAMBRIAN,Wah Wah Summit Fm,White marker mbr,White marker mbr,,130-170,130,170,,white boundstone,false,false,
87,29,29,LATE CAMBRIAN,Wah Wah Summit Fm,Ledgy member,Ledgy member,,700-780,700,780,,,false,false,
87,30,30,MIDDLE CAMBRIAN,Trippe Ls,Fish Springs Mbr,Fish Springs Member,,120,120,120,,Eldoradia,false,false,
87,31,31,MIDDLE CAMBRIAN,Trippe Ls,Lower member,Lower member,,500-540,500,540,,much white boundstone,false,false,
87,32,32,MIDDLE CAMBRIAN,,Pierson Cove Formation,Pierson Cove Formation,,1220-1280,1220,1280,,dark gray,false,false,
87,33,32,MIDDLE CAMBRIAN,,Eye of Needle Limestone,Eye of Needle Limestone,,210-240,210,240,,,false,false,
87,34,33,MIDDLE CAMBRIAN,,Swasey Limestone,Swasey Limestone,,440-520,440,520,,,false,false,
87,35,34,MIDDLE CAMBRIAN,,Whirlwind Formation,Whirlwind Formation,,40-80,40,80,,Ehmaniella,false,false,
87,36,35,MIDDLE CAMBRIAN,,Dome Limestone,Dome Limestone,,280-310,280,310,,,false,false,
87,37,36,MIDDLE CAMBRIAN,,Peasley Limestone,Peasley Limestone,,210-230,210,230,,,false,false,
87,38,37,MIDDLE CAMBRIAN,,Chisholm Shale,Chisholm Shale,,40-80,40,80,,Glossopleura,false,false,
87,39,38,MIDDLE CAMBRIAN,Howell Ls,Upper member,Upper member,,190,190,190,,light gray,false,false,
87,40,39,MIDDLE CAMBRIAN,Howell Ls,Millard Member,Millard Member,,180,180,180,,dark gray,false,false,
87,41,40,EARLY Є,Pioche Fm,Tatow Member,Tatow Member,,200,200,200,,,false,false,
87,42,41,EARLY Є,Pioche Fm,Lower member,Lower member,,640,640,640,,,false,false,
87,43,42,EARLY Є,Prospect Mountain Quartzite,Upper member,Upper member,,2400,2400,2400,,pink to tan,false,false,
87,44,43,EARLY Є,Prospect Mountain Quartzite,Basalt member,Basalt member,,100-190,100,190,,,false,false,
87,45,44,EARLY Є,Prospect Mountain Quartzite,Lower member,Lower member,,1100,1100,1100,,,false,false,
87,46,45,NEOPROT,,Mutual Formation,Mutual Formation,,1200,1200,1200,,purplish-red,false,false,
87,47,46,NEOPROT,,Inkom Formation,Inkom Formation,,230,230,230,,purple phyllitic shale,false,false,
87,48,47,NEOPROT,,"""Caddy Canyon Quartzite""","""Caddy Canyon Quartzite""",,1600,1600,1600,,tan to pink; see note on Chart 88,false,true,
87,49,48,NEOPROT,,"""Papoose Creek ? Fm""","""Papoose Creek ? Formation""",,600,600,600,,brown-weathering,false,false,
87,50,49,NEOPROT,,"""Blackrock Canyon ? Ls""","""Blackrock Canyon ? Limestone""",,600-800,600,800,,algal beds,false,false,
87,51,50,NEOPROT,,"""Pocatello ? Fm""","""Pocatello ? Formation""",,2000,2000,2000,,tan argillaceous quartzite,false,false,
88,1,1,Q,,Alluvium & colluvium,Alluvium & colluvium,,0-100,0,100,,,false,false,
88,2,2,MIO,,Fanglomerate & basin-fill in Wah Wah & Milford Valleys,Fanglomerate & basin-fill in Wah Wah & Milford Valleys,,0-2000,0,2000,,Basin-Range UNCONFORMITY,false,false,
88,3,3,MIO,,CACTUS STOCK ALTERED SURROUNDING ROCKS,CACTUS STOCK ALTERED SURROUNDING ROCKS,,,,,,,true,false,
88,4,4,OLIG,,Grandorite of the Cactus Stock,Grandorite of the Cactus Stock,,intrusive,,,,28 m.y.; INTRUSIVE CONTACT,false,false,
88,5,5,OLIG,,Horn Silver Andesite,Horn Silver Andesite,,500-2000,500,2000,,34 m.y.,false,false,
88,6,6,OLIG,,Conglomerate of High Rock Pass,Conglomerate of High Rock Pass,,0-300,0,300,,,false,false,
88,7,7,,,CALLVILLE-PAKOON OVERTURNED BENEATH GRAMPIAN THRUST,CALLVILLE-PAKOON OVERTURNED BENEATH GRAMPIAN THRUST,,,,,,,true,false,
88,8,8,P-P,,Pakoon Dolomite,Pakoon Dolomite,,460,460,460,,,false,false,
88,9,9,P-P,,Callville Limestone,Callville Limestone,,340,340,340,,cherty,false,false,
88,10,10,P-P,,STRATA BELOW ARE CUT BY INTRUSIONS IN BEAVER LAKE MTS,STRATA BELOW ARE CUT BY INTRUSIONS IN BEAVER LAKE MTS,,,,,,,true,false,
88,11,11,M,,Deseret Limestone,Deseret Limestone,,300+,300,300,,"""Fm of Rose Spring Canyon"" in some reports",false,true,
88,12,12,M,,Gardison Limestone,Gardison Limestone,,600+,600,600,,,false,false,
88,13,13,DEV,,Pinyon Peak Formation,Pinyon Peak Formation,,150,150,150,,,false,false,
88,14,14,DEV,,Cove Fort Qtzt Mbr,Cove Fort Quartzite Member,,100,100,100,,,false,false,
88,15,15,DEV,,Simonson Dolomite,Simonson Dolomite,,300+,300,300,,,false,false,
88,16,16,DEV,,Sevy Dolomite,Sevy Dolomite,,600+,600,600,,,false,false,
88,17,17,S,,Laketown Dolomite,Laketown Dolomite,,800+,800,800,,,false,false,
88,18,18,ORDO,,Ely Springs Dolomite,Ely Springs Dolomite,,70+,70,70,,,false,false,
88,19,19,ORDO,,STRATA BELOW ARE ATTENUATED BELOW THE FRISCO THRUST,STRATA BELOW ARE ATTENUATED BELOW THE FRISCO THRUST,,,,,,,true,false,
88,20,20,ORDO,,Watson Ranch Quartzite,Watson Ranch Quartzite,,300,300,300,,,false,false,
88,21,20,ORDO,,Kanosh Shale,Kanosh Shale,,130,130,130,,abundant fossils,false,false,
88,22,21,ORDO,,Wah Wah & Juab Fms,Wah Wah & Juab Fms,,350,350,350,,,false,false,
88,23,22,ORDO,,House & Fillmore Fms,House & Fillmore Fms,,600+,600,600,,,false,false,
88,24,23,CAMBRIAN,,Notch Peak Formation,Notch Peak Formation,,1000,1000,1000,,altered near the Cactus Stock,false,false,
88,25,24,CAMBRIAN,Orr Fm,Steamboat Pass Sh M,Steamboat Pass Shale Member,,100,100,100,,,false,false,
88,26,25,CAMBRIAN,Orr Fm,Big Horse Ls Mbr,Big Horse Limestone Member,,800,800,800,,,false,false,
88,27,26,CAMBRIAN,,STRATA BELOW ARE ATTENUATED ALONG BEAVER LAKE THRUST,STRATA BELOW ARE ATTENUATED ALONG BEAVER LAKE THRUST,,,,,,,true,false,
88,28,27,CAMBRIAN,,Dome Limestone,Dome Limestone,,50+,50,50,,,false,false,
88,29,28,CAMBRIAN,,Chisholm Shale,Chisholm Shale,,50+,50,50,,,false,false,
88,30,29,CAMBRIAN,,Howell Limestone,Howell Limestone,,30+,30,30,,,false,false,
88,31,30,CAMBRIAN,,Pioche Formation,Pioche Formation,,10+,10,10,,phyllitic,false,false,
88,32,31,CAMBRIAN,,STRATA BELOW ARE IN UPPER PLATE OF THE FRISCO THRUST,STRATA BELOW ARE IN UPPER PLATE OF THE FRISCO THRUST,,,,,,,true,false,
88,33,32,CAMBRIAN,Prospect Mountain Quartzite,Upper member,Upper member,,5600,5600,5600,,pink vitreous quartzite,false,false,
88,34,33,CAMBRIAN,Prospect Mountain Quartzite,Basalt flow mbr,Basalt flow mbr,,15-50,15,50,,,false,false,
88,35,34,CAMBRIAN,Prospect Mountain Quartzite,Lower member,Lower member,,1600,1600,1600,,,false,false,
88,36,35,NEOPROTEROZOIC,,Mutual Quartzite,Mutual Quartzite,,2100,2100,2100,,maroon quartzite,false,false,
88,37,36,NEOPROTEROZOIC,,Inkom Formation,Inkom Formation,,500,500,500,,red & green argillite,false,false,
88,38,37,NEOPROTEROZOIC,,"""Caddy Canyon Quartzite""","""Caddy Canyon Quartzite""",,300,300,300,,,false,false,
88,39,38,NEOPROTEROZOIC,"""Blackrock Canyon Ls""",Upper member,Upper member,,0-150,0,150,,Note: names in quotes may all be facies of the type Caddy Canyon Quartzite of SE Idaho,false,true,
88,40,39,NEOPROTEROZOIC,"""Blackrock Canyon Ls""",Limestone member,Limestone member,,30-150,30,150,,,false,false,
88,41,40,NEOPROTEROZOIC,"""Blackrock Canyon Ls""",Lower member,Lower member,,500-600,500,600,,,false,false,
88,42,41,NEOPROTEROZOIC,,"""Pocatello Formation""","""Pocatello Formation""",,150+,150,150,,,false,false,
89,1,1,QUAT,,"Alluvial, eolian, & playa deposits","Alluvial, eolian, & playa deposits",,0-100,0,100,,,false,false,
89,2,2,QUAT,,Andesite of Black Hills,Andesite of Black Hills,,0-650,0,650,,"400,000 years old",false,false,
89,3,3,QUAT,,Young basalt lava flows,Young basalt lava flows,,0-300,0,300,,1.1 - 1.3 m.y.,false,false,
89,4,4,PLIO,,Old alluvial deposits,Old alluvial deposits,,0-100,0,100,,,false,false,
89,5,5,PLIO,,Basin-fill sedimentary rocks beneath Escalante Valley Pliocene & Miocene,Basin-fill sedimentary rocks beneath Escalante Valley Pliocene & Miocene,,0-2000,0,2000,,as old as 17 m.y.,false,false,
89,6,6,PLIO,,Young rhyolite & dacite lava flows,Young rhyolite & dacite lava flows,,0-500,0,500,,5-8.5 m.y.,false,false,
89,7,7,MIOCENE,,Old basalt lava flows,Old basalt lava flows,,0-300,0,300,,6-12 m.y.,false,false,
89,8,8,MIOCENE,,Middle rhyolite & dacite lava flows,Middle rhyolite & dacite lava flows,,400-1400,400,1400,,10-15 m.y.,false,false,
89,9,9,MIOCENE,,Tuff of Honeycomb Rock,Tuff of Honeycomb Rock,,0-500,0,500,,11.8 m.y.,false,false,
89,10,10,MIOCENE,,Ox Valley Tuff,Ox Valley Tuff,,0-50,0,50,,13.5 m.y.,false,false,
89,11,11,MIOCENE,,Tuff of White Rocks,Tuff of White Rocks,,0-200,0,200,,16 m.y.,false,false,
89,12,12,MIOCENE,,Tuff of Dow Mountain,Tuff of Dow Mountain,,0-500,0,500,,Basin-Range UNCONFORMITY; 17.4 m.y. from Caliente Caldera complex,false,false,
89,13,13,MIOCENE,,Racer Canyon Tuff,Racer Canyon Tuff,,up to 1500,1500,1500,,18.51 ± 0.05 m.y. from Caliente caldera complex,false,false,
89,14,14,MIOCENE,,Andesitic lava flows,Andesitic lava flows,,up to 1600,1600,1600,,from scattered local stratovolcanoes,false,false,
89,15,15,MIOCENE,,Old rhyolite & dacite lava flows,Old rhyolite & dacite lava flows,,up to 1600,1600,1600,,20-22 m.y.,false,false,
89,16,16,MIOCENE,,Rencher Formation,Rencher Formation,,up to 1600,1600,1600,,21.5-21.8 m.y. from Bull Valley intrusion,false,false,
89,17,17,MIOCENE,Quichapa Group,Harmony Hills Tuff,Harmony Hills Tuff,,400,400,400,,22.56 ± 0.11 m.y.,false,false,
89,18,18,MIOCENE,Quichapa Group,Condor Canyon Fm,Condor Canyon Formation,,400,400,400,,23.04 ± 0.11 m.y. Bauers Tuff Mbr,false,false,
89,19,19,MIOCENE,Quichapa Group,Leach Canyon Fm,Leach Canyon Formation,,750,750,750,,24.03 ± 0.01 m.y.,false,false,
89,20,20,MIOCENE,,Latitic lava flows,Latitic lava flows,,0-1000,0,1000,,21.9-22.8 m.y.,false,false,
89,21,21,Φ,,Isom Formation,Isom Formation,,80,80,80,,24.5-27.9 m.y.,false,false,
89,22,22,Φ,,Wah Wah Springs Fm,Wah Wah Springs Formation,,30,30,30,,30.06 ± 0.05 m.y.; UNCONFORMITY,false,false,
89,23,23,PALEO,Claron Fm,Upper Unit,Upper Unit,,150,150,150,,limestone,false,false,
89,24,24,PALEO,Claron Fm,Middle Unit,Middle Unit,,150,150,150,,"ss, sh, cg, ls",false,false,
89,25,25,PALEO,Claron Fm,Lower Unit,Lower Unit,,100,100,100,,conglomerate,false,false,
89,26,26,CRET,,Iron Springs Formation,Iron Springs Formation,,3000,3000,3000,,"UNCONFORMITY; tan & gray shale, mudstone, sandstone, minor conglomerate, & limestone; UNCONFORMITY",false,false,
89,27,27,JURASSIC,Carmel Fm,Crystal Creek Mbr,Crystal Creek Member,,0-100,0,100,,"host rock for iron ore, see Cedar City chart",false,true,
89,28,28,JURASSIC,Carmel Fm,Co-op Creek Mbr,Co-op Creek Member,,400,400,400,,,false,false,
89,29,29,JURASSIC,,Temple Cap Formation,Temple Cap Formation,,200,200,200,,J-2 UNCONFORMITY; red siltstone,false,false,
89,30,30,JURASSIC,,Navajo Sandstone,Navajo Sandstone,,2000,2000,2000,,J-1 UNCONFORMITY; subsurface in this area,false,false,
89,31,31,,,LATE CRETACEOUS SQUARE TOP MOUNTAIN THRUST,LATE CRETACEOUS SQUARE TOP MOUNTAIN THRUST,,,,,,,true,false,
89,32,32,M-P-P,,"Pakoon Dolomite, Callville Ls, Chainman Shale, & Redwall Ls in the overthrust plate near Goldstrike; see Rowley et al., 2007","Pakoon Dolomite, Callville Limestone, Chainman Shale, & Redwall Limestone in the overthrust plate near Goldstrike; see Rowley et al., 2007",,2000,2000,2000,,"marble at Mineral Mountain; see Morris, 1980",false,false,
90,1,1,Q,,Alluvium & colluvium,Alluvium & colluvium,,0-100,0,100,,,false,false,
90,2,2,P,,Valley fill,Valley fill,,0-500?,0,500,,,false,false,
90,3,3,MIOCENE,Steamboat Mtn Fm,Rhyolite mbr,Rhyolite mbr,,0-1600,0,1600,,12-13 m.y.,false,false,
90,4,4,MIOCENE,Steamboat Mtn Fm,Basalt mbr,Basalt mbr,,0-500,0,500,,,false,false,
90,5,5,MIOCENE,Blawn Fm,Rhyolite member,Rhyolite member,,0-400,0,400,,Basin-Range UNCONFORMITY; 18 m.y.,false,false,
90,6,6,MIOCENE,Blawn Fm,Tuff member,Tuff member,,0-1200,0,1200,,,false,false,
90,7,7,MIOCENE,Blawn Fm,Mafic flow member,Mafic flow member,,0-700,0,700,,20 m.y.,false,false,
90,8,8,MIOCENE,,Garnet-bearing tuff m,Garnet-bearing tuff m,,0-700,0,700,,22 m.y.,false,false,
90,9,9,MIOCENE,,"Bauers Mbr, Condor Cyn F","Bauers Member, Condor Cyn F",,0-400,0,400,,23.04 ± 0.11 m.y.,false,false,
90,10,10,MIOCENE,,Andesite flows,Andesite flows,,0-1000,0,1000,,24 m.y.,false,false,
90,11,11,OLIGOCENE,,Isom Formation,Isom Formation,,0-500,0,500,,24.5-27.9 m.y.,false,false,
90,12,12,OLIGOCENE,,Three Creeks Tuff Member,Three Creeks Tuff Member,,0-200,0,200,,27 m.y. Bullion Canyon Volcanics,false,false,
90,13,13,OLIGOCENE,Needles Range Group,Lund Formation,Lund Formation,,0-1600,0,1600,,29.20 ± 0.08 m.y.,false,false,
90,14,14,OLIGOCENE,Wah Wah Springs F,Intracaldera mbr,Intracaldera mbr,,0-300,0,300,,,false,false,
90,15,15,OLIGOCENE,Wah Wah Springs F,Outflow mbr,Outflow mbr,,0-1000,0,1000,,30.06 ± 0.05 m.y.,false,false,
90,16,16,OLIGOCENE,Needles Range Group,Cottonwood Wash Tuff,Cottonwood Wash Tuff,,0-1000,0,1000,,"31.13 ± 0.09 m.y., big biotite",false,false,
90,17,17,OLIGOCENE,Escalante Desert Fm,Beers Spring Mbr,Beers Spring Member,,0-1300,0,1300,,,false,false,
90,18,18,OLIGOCENE,Escalante Desert Fm,Upper rhyolite flows,Upper rhyolite flows,,0-1200,0,1200,,,false,false,
90,19,19,OLIGOCENE,Escalante Desert Fm,Lamerdorf Tuff M,Lamerdorf Tuff Member,,0-300,0,300,,31.9-32.1 m.y.,false,false,
90,20,20,OLIGOCENE,Escalante Desert Fm,Lower rhyolite flows,Lower rhyolite flows,,0-500,0,500,,,false,false,
90,21,21,OLIGOCENE,Escalante Desert Fm,Andesite flow mbr,Andesite flow mbr,,0-1200,0,1200,,,false,false,
90,22,22,OLIGOCENE,Escalante Desert Fm,Marsden Tuff Mbr,Marsden Tuff Member,,0-100,0,100,,,false,false,
90,23,23,,,ROCKS ABOVE OVERLIE ROCKS BELOW WITH ANGULAR UNCONFORMITY MESOZOIC ROCKS ARE AUTOCHTHONOUS AT BLUE MOUNTAIN,ROCKS ABOVE OVERLIE ROCKS BELOW WITH ANGULAR UNCONFORMITY MESOZOIC ROCKS ARE AUTOCHTHONOUS AT BLUE MOUNTAIN,,,,,,,true,false,
90,24,24,JUR,,Temple Cap Formation,Temple Cap Formation,,1200,1200,1200,,some Carmel Ls ?; sandstone & red siltstone,false,false,
90,25,25,JUR,,Navajo Sandstone (Nugget),Navajo Sandstone (Nugget),,2000,2000,2000,,J-1 UNCONFORMITY; metamorphosed to quartzite at Blue Mtn,false,false,
90,26,26,TR,Chinle Fm,Upper member,Upper member,,280,280,280,,pillow lavas in upper 150 feet,false,false,
90,27,26,TR,Chinle Fm,Shinarump Cg Mbr,Shinarump Conglomerate Member,,120,120,120,,fossil wood,false,false,
90,28,27,TR,,Moenkopi Formation,Moenkopi Formation,,300+,300,300,,hornfels,false,false,
90,29,28,,,"STRATA BELOW ARE BENEATH THE WAH WAH THRUST ROCKS ABOVE THIS THRUST ARE SHOWN ON COLUMN 87, WAH WAH MTS","STRATA BELOW ARE BENEATH THE WAH WAH THRUST ROCKS ABOVE THIS THRUST ARE SHOWN ON COLUMN 87, WAH WAH MTS",,,,,,,true,false,
90,30,29,P,,Callville Limestone ? Great Blue Ls ?,Callville Limestone ? Great Blue Limestone ?,,1900,1900,1900,,"Identity of upper unit uncertain. Abbot et al. called it Callville, but John Welsh (letter, 1985) prefers Great Blue. Woodman through Guilmette thicknesses from C.A. Sandberg, letter, 1986.",false,true,
90,31,30,MISS,,Woodman Formation,Woodman Formation,,850,850,850,,,false,false,
90,32,31,MISS,,Delle Phosphatic Mbr,Delle Phosphatic Member,,50,50,50,,,false,false,
90,33,31,MISS,,Gardison Limestone,Gardison Limestone,,150,150,150,,,false,false,
90,34,31,DEV,,Fitchville Formation,Fitchville Formation,,60,60,60,,,false,false,
90,35,32,DEV,,Pinyon Peak Limestone,Pinyon Peak Limestone,,570,570,570,,,false,false,
90,36,33,DEV,,Guilmette Formation,Guilmette Formation,,120,120,120,,,false,false,
90,37,34,DEV,,Simonson Dolomite,Simonson Dolomite,,100-500,100,500,,dark gray,false,false,
90,38,35,DEV,,Sevy Dolomite,Sevy Dolomite,,700,700,700,,light gray,false,false,
90,39,36,S,,Laketown Dolomite,Laketown Dolomite,,1100-1300,1100,1300,,,false,false,
90,40,37,ORD,,Ely Springs Dolomite,Ely Springs Dolomite,,400,400,400,,,false,false,
90,41,38,ORD,,Eureka Quartzite,Eureka Quartzite,,150-200,150,200,,STRATA ATTENUATED BY THRUSTING,false,true,
90,42,39,ORD,,Kanosh Shale,Kanosh Shale,,25-100,25,100,,,false,false,
90,43,40,ORD,,Juab Limestone,Juab Limestone,,200+,200,200,,,false,false,
90,44,41,,,STRATA BELOW FORM UPPER PLATE OF THE BLUE MOUNTAIN THRUST,STRATA BELOW FORM UPPER PLATE OF THE BLUE MOUNTAIN THRUST,,,,,,,true,false,
90,45,42,CAMBRIAN,,Notch Peak Formation,Notch Peak Formation,,200+,200,200,,FAULTED FRAGMENTS,false,false,
90,46,43,CAMBRIAN,,Orr Formation,Orr Formation,,200+,200,200,,,false,false,
90,47,44,CAMBRIAN,,Wah Wah Summit Fm,Wah Wah Summit Formation,,1000,1000,1000,,,false,false,
90,48,45,CAMBRIAN,,Trippe Limestone,Trippe Limestone,,650,650,650,,white boundstone beds,false,false,
90,49,46,CAMBRIAN,,Pierson Cove Formation,Pierson Cove Formation,,1600,1600,1600,,dark gray,false,false,
90,50,46,CAMBRIAN,,Eye of Needle Limestone,Eye of Needle Limestone,,400-550,400,550,,,false,false,
90,51,47,CAMBRIAN,,Swasey Limestone,Swasey Limestone,,550-650,550,650,,,false,false,
90,52,48,CAMBRIAN,,Whirlwind Formation,Whirlwind Formation,,120,120,120,,,false,false,
90,53,49,CAMBRIAN,,Dome & Peasley Ls undiv,Dome & Peasley Limestone undiv,,800,800,800,,,false,false,
90,54,50,CAMBRIAN,,Chisholm Formation,Chisholm Formation,,160,160,160,,SOLE OF THRUST,false,false,
90,55,51,CAMBRIAN,,Howell Limestone,Howell Limestone,,100+,100,100,,,false,false,
91,1,1,Q,,Alluvium & colluvium,Alluvium & colluvium,,0-100,0,100,,,false,false,
91,2,2,P,,Dissected fan deposits in Big Wash,Dissected fan deposits in Big Wash,,0-500,0,500,,"cemented, tilted",false,false,
91,3,3,MIOCENE,Steamboat Mountain Fm,Rhyolite mbr,Rhyolite mbr,,0-300,0,300,,12-13 m.y.,false,false,
91,4,4,MIOCENE,Steamboat Mountain Fm,Basalt mbr,Basalt mbr,,,,,,Basin-Range UNCONFORMITY,false,false,
91,5,5,MIOCENE,,Felsite & aplite dikes,Felsite & aplite dikes,,intrusive,,,,,false,false,
91,6,5,MIOCENE,,Granite near Shauntie,Granite near Shauntie,,pluton,,,,,false,false,
91,7,6,MIOCENE,,Monzonite,Monzonite,,small pluton,,,,,false,false,
91,8,7,MIOCENE,,Quartz monzonite,Quartz monzonite,,plutons,,,,21 m.y. Rocky Range,false,false,
91,9,8,MIOCENE,Blawn Fm,Rhyolite member,Rhyolite member,,0-200,0,200,,18 m.y.,false,false,
91,10,9,MIOCENE,Blawn Fm,Mafic lava flow mbr,Mafic lava flow mbr,,0-600,0,600,,,false,false,
91,11,9,MIOCENE,,Dacite of Squaw Pk,Dacite of Squaw Peak,,,,,,Note: Dacite of Squaw Pk is not a member of Blawn Fm,false,false,
91,12,10,MIOCENE,Blawn Fm,Tuff member,Tuff member,,0-2000,0,2000,,23 m.y.,false,false,
91,13,11,OLIGOCENE,,Isom Formation,Isom Formation,,20-150,20,150,,24.5–27.9 m.y.,false,false,
91,14,12,OLIGOCENE,,"Three Creeks Tuff Mbr, BCV","Three Creeks Tuff Member, BCV",,0-50,0,50,,27 m.y. Bullion Canyon Volc,false,false,
91,15,13,OLIGOCENE,Needles Range Group,Lund Tuff,Lund Tuff,,250,250,250,,29.20 ± 0.08 m.y.,false,false,
91,16,14,OLIGOCENE,Needles Range Group,Wah Wah Springs Fm,Wah Wah Springs Formation,,100-700,100,700,,30.06 ± 0.05 m.y.,false,false,
91,17,15,OLIGO,Needles Range Group,Cottonwood Wash T,Cottonwood Wash Tuff,,0-30,0,30,,31.13 ± 0.09 m.y.,false,false,
91,18,16,OLIGO,Needles Range Group,Escalante Desert F,Escalante Desert F,,0-200,0,200,,32 m.y.,false,false,
91,19,17,OLIGO,,Horn Silver Andesite,Horn Silver Andesite,,0-100,0,100,,33 m.y.,false,false,
91,20,18,OLIGO,,Andesite of Shauntie Hills,Andesite of Shauntie Hills,,0-1500,0,1500,,reddish-brown flows,false,false,
91,21,18,OLIGO,,Conglomerate of High Rock Pass,Conglomerate of High Rock Pass,,0-50,0,50,,,false,false,
91,22,19,JUR,,Navajo Sandstone,Navajo Sandstone,,600-1000,600,1000,,ANGULAR UNCONFORMITY,false,false,
91,23,20,TRIASSIC,Chinle Fm,Upper member,Upper member,,400-500,400,500,,"UNCONFORMITY; red siltstone, sh, ss",false,false,
91,24,21,TRIASSIC,Chinle Fm,Shinarump Cg M,Shinarump Conglomerate Member,,100-200,100,200,,petrified wood,false,false,
91,25,22,TRIASSIC,Moenkopi Fm,Upper red member,Upper red member,,1300,1300,1300,,fine-grained sandstone and siltstone,false,false,
91,26,23,TRIASSIC,Moenkopi Fm,Virgin Ls Member,Virgin Limestone Member,,100-250,100,250,,,false,false,
91,27,24,TRIASSIC,Moenkopi Fm,Lower red member,Lower red member,,300,300,300,,,false,false,
91,28,25,TRIASSIC,Moenkopi Fm,Timpoweap Member,Timpoweap Member,,650,650,650,,gypsum; Meekoceras,false,false,
91,29,26,PERMIAN,Kaibab Fm,Harrisburg Member,Harrisburg Member,,230-390,230,390,,,false,false,
91,30,27,PERMIAN,Kaibab Fm,Fossil Mountain Mbr,Fossil Mountain Member,,600,600,600,,"cherty, fossiliferous",false,false,
91,31,28,PERMIAN,,Toroweap Formation,Toroweap Formation,,400,400,400,,,false,false,
91,32,29,PERMIAN,,Talisman Quartzite,Talisman Quartzite,,700,700,700,,Queantoweap equivalent,false,false,
91,33,30,PERMIAN,,Pakoon Dolomite,Pakoon Dolomite,,300-400,300,400,,,false,false,
91,34,31,P,,Callville Limestone,Callville Limestone,,200-400,200,400,,,false,false,
91,35,32,MISS,,Manning Canyon Shale,Manning Canyon Shale,,60+,60,60,,incomplete exposure,false,false,
91,36,33,MISS,,Great Blue Limestone,Great Blue Limestone,,100-1000,100,1000,,"thickness variation is caused by faulting; ""Formation of Rose Spring Canyon"" of Best et al., 1989",false,false,
91,37,34,MISS,,Humbug Formation,Humbug Formation,,350-430,350,430,,,false,false,
91,38,34,MISS,Deseret Ls,Uncle Joe Mbr,Uncle Joe Member,,120,120,120,,,false,false,
91,39,35,MISS,Deseret Ls,Tetro Member,Tetro Member,,500,500,500,,cherty,false,false,
91,40,36,MISS,,Gardison Limestone,Gardison Limestone,,100,100,100,,Delle Phosphate Member,false,false,
91,41,37,DEVONIAN,,Fitchville Formation,Fitchville Formation,,30,30,30,,,false,false,
91,42,38,DEVONIAN,Pinyon Peak Ls,Upper member,Upper member,,180,180,180,,conodonts,false,false,
91,43,39,DEVONIAN,Pinyon Peak Ls,Lower member,Lower member,,250,250,250,,Cove Fort Quartzite,false,false,
91,44,40,DEVONIAN,,Guilmette Formation,Guilmette Formation,,250-400,250,400,,stromatoporoids,false,false,
91,45,41,DEVONIAN,,Simonson Dolomite,Simonson Dolomite,,400-800,400,800,,,false,false,
91,46,42,DEVONIAN,,Sevy Dolomite,Sevy Dolomite,,500-600,500,600,,light gray,false,false,
92,1,1,QUAT,,"Alluvial, colluvial, mass movement & hot spring deposits","Alluvial, colluvial, mass movement & hot spring deposits",,0-200,0,200,,,false,false,
92,2,2,QUAT,,"Rhyolite domes, flows, & tuffs","Rhyolite domes, flows, & tuffs",,0-1800,0,1800,,0.5-0.8 m.y.,false,false,
92,3,3,QUAT,,Basalt flows & cones,Basalt flows & cones,,0-200,0,200,,0.5-1.1 m.y.,false,false,
92,4,4,PLIO,,Basin fill in Milford Valley,Basin fill in Milford Valley,,1000-5000,1000,5000,,subsurface,false,false,
92,5,5,MIOCENE,,Porphyritic rhyolite flow,Porphyritic rhyolite flow,,0-50,0,50,,7.9 m.y.,false,false,
92,6,6,MIOCENE,,Rhyolite & diabase dikes,Rhyolite & diabase dikes,,0-20,0,20,,11 m.y.,false,false,
92,7,6,MIOCENE,Mineral Mountains Batholith,Leucocratic granite,Leucocratic granite,,--,,,,Basin-Range UNCONFORMITY; 17.2 m.y.,false,false,
92,8,7,MIOCENE,Mineral Mountains Batholith,Coarse - grained biotite,Coarse - grained biotite,,--,,,,,false,false,
92,9,8,MIOCENE,Mineral Mountains Batholith,Diorite/granite sheet complex,Diorite/granite sheet complex,,--,,,,20-18.3 m.y.; U-Pb dates,false,false,
92,10,9,MIOCENE,Mineral Mountains Batholith,Fine-grained granite dikes,Fine-grained granite dikes,,throughout batholith,,,,20 m.y.,false,false,
92,11,10,OLIG,Mineral Mountains Batholith,Lincoln qtz monzonite,Lincoln qtz monzonite,,ore minerals,,,,23-22 m.y.,false,false,
92,12,11,OLIG,Mineral Mountains Batholith,hornblende granodiorite,hornblende granodiorite,,oldest intrusion,,,,28-24 m.y.,false,false,
92,13,12,OLIG,,Mount Dutton Fm (andesite),Mount Dutton Formation (andesite),,0-100,0,100,,30-22 m.y. (Tushar Mts source),false,false,
92,14,13,?,,Conglomerate,Conglomerate,,110,110,110,,Cretaceous/Tertiary ?,false,false,
92,15,14,JURASSIC,,Carmel Formation,Carmel Formation,,600,600,600,,Ostrea; Isocrinus; (may include some Temple Cap Fm),false,false,
92,16,15,JURASSIC,,Navajo Sandstone,Navajo Sandstone,,1500,1500,1500,,"J-1 UNCONFORMITY; red, yellow & gray cross bedded; FAULTED CONTACT",false,false,
92,17,16,TRIASSIC,Moenkopi Formation,Upper red beds,Upper red beds,,500-1000,500,1000,,"Note: Lucas et al. (2007) recommended changing the Moenkopi to group status, with the upper red beds called the Torrey Formation.",false,false,
92,18,17,TRIASSIC,Moenkopi Formation,Sinbad Lst Mbr,Sinbad Lst Member,,570,570,570,,Monotis; Flemingites,false,false,
92,19,18,TRIASSIC,Moenkopi Formation,Black Dragon Mbr,Black Dragon Member,,140,140,140,,red beds,false,false,
92,20,19,PERMIAN,,Plympton ? Formation,Plympton ? Formation,,200,200,200,,dolomite & limestone,false,false,
92,21,20,PERMIAN,,Kaibab Formation,Kaibab Formation,,550,550,550,,cherty; Dictyoclostus,false,false,
92,22,21,PERMIAN,,Toroweap Formation,Toroweap Formation,,300,300,300,,,false,false,
92,23,22,PERMIAN,,Queantoweap Sandstone,Queantoweap Sandstone,,500,500,500,,formerly called Talisman Quartzite; tan & pink sandstone,false,false,
92,24,23,PERMIAN,,Pakoon Dolomite,Pakoon Dolomite,,800,800,800,,dolomite & minor sandstone,false,false,
92,25,24,P,,Callville Limestone,Callville Limestone,,400,400,400,,,false,false,
92,26,25,MISS,,Redwall Limestone,Redwall Limestone,,1250,1250,1250,,"gray to black, fossiliferous, thick-bedded",false,false,
92,27,26,DEV,,Crystal Pass Formation,Crystal Pass Formation,,160,160,160,,dolomite & sandstone,false,false,
92,28,27,DEV,,Simonson Dolomite,Simonson Dolomite,,500,500,500,,dark-gray dolomite; stromatoporoids,false,false,
92,29,28,DEV,,Sevy Dolomite,Sevy Dolomite,,100+,100,100,,light-gray dolomite,false,false,
92,30,29,,,Cambrian strata at north end of range not in contact with rocks above,Cambrian strata at north end of range not in contact with rocks above,,,,,,,true,false,
92,31,30,CAMBRIAN,,Notch Peak and Orr Formations,Notch Peak and Orr Formations,,1300,1300,1300,,attenuated and converted to marble,false,false,
92,32,31,CAMBRIAN,,Cambrian rocks below are thrust over Cambrian rocks,Cambrian rocks below are thrust over Cambrian rocks,,,,,,,true,false,
92,33,32,CAMBRIAN,,Howell Limestone?,Howell Limestone?,,190+,190,190,,,false,false,
92,34,33,CAMBRIAN,,Pioche Formation,Pioche Formation,,25-100,25,100,,Glossopleura,false,false,
92,35,34,CAMBRIAN,,Prospect Mountain Qtzt,Prospect Mountain Quartzite,,800+,800,800,,,false,false,
92,36,35,,,Precambrian rocks not in contact with Paleozoic strata,Precambrian rocks not in contact with Paleozoic strata,,,,,,,true,false,
92,37,36,pЄ,,"Banded gneiss, schist","Banded gneiss, schist",,----,,,,1750 m.y. basement,false,false,
93,1,1,H,,Recent floodplain alluvium,Recent floodplain alluvium,,0-20,0,20,,"less than 10,000 yrs",false,false,
93,2,2,PLEISTOCENE,,Alluvial terraces of Beaver,Alluvial terraces of Beaver,,0-15,0,15,,"12,000 - 15,000 yrs",false,false,
93,3,3,PLEISTOCENE,,Alluvial terraces of Greenville,Alluvial terraces of Greenville,,0-15,0,15,,0.12-0.14 m.y.,false,false,
93,4,4,PLEISTOCENE,,Old terrace alluvium,Old terrace alluvium,,0-30,0,30,,0.25 m.y. (North Creek),false,false,
93,5,5,PLEISTOCENE,,Gravel of ancestral Indian Cr,Gravel of ancestral Indian Cr,,10,10,10,,0.4 m.y.,false,false,
93,6,6,PLEISTOCENE,,Basalt of Red Knoll,Basalt of Red Knoll,,0-400,0,400,,cinder cone; about 0.5 m.y.,false,true,
93,7,7,PLEISTOCENE,,Basalt of Crater Knoll,Basalt of Crater Knoll,,0-400,0,400,,cinder cone,false,false,
93,8,8,PLEISTOCENE,,Gravel of Last Chance Bench,Gravel of Last Chance Bench,,6-15,6,15,,0.5 m.y.,false,false,
93,9,9,PLEISTOCENE,,Tephra of Ranch Canyon,Tephra of Ranch Canyon,,0-150,0,150,,0.55 m.y. pumice,false,false,
93,10,10,PLEISTOCENE,,Rhyolite domes & flows,Rhyolite domes & flows,,0-200,0,200,,source of tephra of Ranch Canyon,false,false,
93,11,10,PLEISTOCENE,,Basalt of Cunningham Hill,Basalt of Cunningham Hill,,1-20,1,20,,1.1 m.y.,false,false,
93,12,11,PLIOCENE,,Upper basin-fill deposits including Lake Beaver beds,Upper basin-fill deposits including Lake Beaver beds,,600-800,600,800,,Last Chance Bench ash; Huckleberry Ridge ash; Middle Ash; Indian Creek ash; Hogsback ash; Blancan bones; 1.6 m.y. ?; 2.0 m.y.; ostracodes; 2.1 m.y.; 2.3-2.4 m.y.; ostracodes; fossil zebra Dolichohippus,false,false,
93,13,12,PLIOCENE,,Piedmont fluvial & deltaic deposits,Piedmont fluvial & deltaic deposits,,1000?,1000,1000,,ostracodes,false,false,
93,14,13,PLIOCENE,Lower basin-fill deposits,Conglomerate of Maple Flats,Conglomerate of Maple Flats,,800,800,800,,,false,false,
93,15,14,MIOCENE,Lower basin-fill deposits,Bolson deposits,Bolson deposits,,1000-3000,1000,3000,,gypsiferous; 7.6 m.y. basalt near Minersville Reservoir,false,false,
93,16,15,MIOCENE,,Rhyolite & rhyolite tuff of Gillies Hill,Rhyolite & rhyolite tuff of Gillies Hill,,0-1000,0,1000,,9 m.y.,false,false,
93,17,16,MIOCENE,Mount Belknap Volcanics,Mount Baldy Rhyolite Member,Mount Baldy Rhyolite Member,,300,300,300,,exposed in Tushar Mountains,false,false,
93,18,17,MIOCENE,Mount Belknap Volcanics,Joe Lott Tuff Mbr,Joe Lott Tuff Member,,30,30,30,,19 m.y.,false,false,
93,19,18,MIOCENE,,Potassium-rich mafic lava flows,Potassium-rich mafic lava flows,,500,500,500,,22 m.y.,false,false,
93,20,19,MIOCENE,,Formation of Lousy Jim,Formation of Lousy Jim,,0-1000,0,1000,,22.9 m.y.; rhyodacite lavas & flow-breccia,false,false,
93,21,20,MIOCENE,,Tuff of Lion Flat,Tuff of Lion Flat,,0-300,0,300,,rhyolite ash-flow tuff,false,false,
93,22,21,MIOCENE,,Osiris Tuff,Osiris Tuff,,0-100,0,100,,23 m.y.,false,false,
93,23,22,OLIGOCENE,,Delano Pk Tuff Mbr,Delano Peak Tuff Member,,,,,,23 m.y.; exposed in the Tushar Mountains,false,false,
93,24,22,OLIGOCENE,,Bullion Canyon Volcanics,Bullion Canyon Volcanics,,1000+,1000,1000,,"22-29 m.y.; locations of calderas and stocks shown by Cunningham et al., 1983; Rowley et al., 2002a, & Hintze et al., 2003",false,false,
93,25,22,OLIGOCENE,,Mount Dutton Formation,Mount Dutton Formation,,1000+,1000,1000,,22-27 m.y.,false,false,
94,1,1,QUAT,,"Alluvium, colluvium, river terrace deposits, piedmont & landslide deposits","Alluvium, colluvium, river terrace deposits, piedmont & landslide deposits",,0-200,0,200,,"15,000 yrs terrace; 0.14 m.y. terrace; 0.25 m.y. piedmont deposits",false,false,
94,2,2,P,,West side basin-fill includes rhyolites of Teddys Valley & Beaver Airport & local basalt flows,West side basin-fill includes rhyolites of Teddys Valley & Beaver Airport & local basalt flows,West,0-500,0,500,,"See Beaver-Manderfield column #93 for more detail in upper basin-fill; 6-15 m.y.; 8 m.y. rhyolite dome & flow; period cell boundary falls inside this row (P above, MIOCENE below)",false,false,
94,3,2,P,,East side basin-fill sediments,East side basin-fill sediments,East,0-500,0,500,,,false,false,
94,4,2,P,,Sevier River Formation,Sevier River Formation,,0-500,0,500,,,false,false,
94,5,3,MIOCENE,,"Rocks on west side include mafic lava flows, formation of Lousy Jim, and tuff of Lion Flat 22 m.y.","Rocks on west side include mafic lava flows, formation of Lousy Jim, and tuff of Lion Flat 22 m.y.",West,1000,1000,1000,,22-23 m.y.,false,false,
94,6,3,MIOCENE,,Rocks on east side include: mafic gravels of Gunsight Flat 22-23 m.y.; mafic lava flows of Circleville Mtn.; mafic Lava flows of Birch Creek Mtn 22-23 m.y.,Rocks on east side include: mafic gravels of Gunsight Flat 22-23 m.y.; mafic lava flows of Circleville Mtn.; mafic Lava flows of Birch Creek Mtn 22-23 m.y.,East,1000,1000,1000,,,false,false,
94,7,4,MIOCENE,,Lava flows of Kents Lake,Lava flows of Kents Lake,,0-800,0,800,,about 23 m.y.; andesite porphyry flows,false,false,
94,8,5,MIOCENE,,Osiris Tuff,Osiris Tuff,,100,100,100,,23 m.y.,false,false,
94,9,6,MIOCENE,Mount Dutton Formation,Upper sandstone member,Upper sandstone member,,500,500,500,,*Certain widespread distinctive tuff beds from more distant source volcanoes are interlayered with the Mount Dutton rocks of local origin,false,false,
94,10,7,MIOCENE,Mount Dutton Formation,Lower ss mbr,Lower ss mbr,,150,150,150,,,false,false,
94,11,8,OLIGOCENE,,"Mount Dutton Formation, alluvial and vent facies","Mount Dutton Formation, alluvial and vent facies",,3000-8000,3000,8000,,"Mount Dutton Formation, mostly andesite, came from a series of east-west stratovolcanoes located in area of present southern Tushar Mts",false,false,
94,12,9,OLIGOCENE,,Spry laccolith,Spry laccolith,,2000,2000,2000,,26.2 m.y.; quartz latite porphyry; intrudes Claron Fm,false,false,
94,13,10,OLIGOCENE,Mount Dutton Formation,Antimony Tuff Member,Antimony Tuff Member,,0-30,0,30,,25 m.y.,false,false,
94,14,10,OLIGOCENE,Mount Dutton Formation,Kingston Canyon Tuff Member,Kingston Canyon Tuff Member,,0-10,0,10,,26 m.y.,false,false,
94,15,11,OLIGOCENE,,Bear Valley Formation,Bear Valley Formation,,0-1000,0,1000,,25-26 m.y.,false,false,
94,16,12,OLIGOCENE,,Buckskin Breccia,Buckskin Breccia,,0-600,0,600,,26 m.y.,false,false,
94,17,12,OLIGOCENE,,Isom Fm*,Isom Formation*,,30-60,30,60,,27 m.y. Ar/Ar,false,false,
94,18,13,OLIGOCENE,,"Wah Wah Springs Formation, Needles Range Group","Wah Wah Springs Formation, Needles Range Group",,50-80,50,80,,30 m.y.,false,false,
94,19,14,OLIGOCENE,,Local tuffaceous & lacustrine sedimentary rocks,Local tuffaceous & lacustrine sedimentary rocks,,0-100,0,100,,32 m.y.; MAJOR UNCONFORMITY,false,false,
94,20,15,PALEOCENE-EOCENE,,Claron Formation,Claron Formation,,900,900,900,,"Note: Some authors have incorrectly included Oligocene limestones and tuffs within this formation. The Oligocene limestones are unlike those in the Claron, which are typified by mottled yellow & purple beds. No tuffs have been found in the Claron Formation; 60 m.y.; top third-white Claron-fresh-water limy beds; bottom two-thirds red Claron - mostly mudstone, and limy siltstone; Claron Fm was intruded and domed by the Spry laccolith",false,false,
95,1,1,Q,,"Alluvium, colluvium, landslide, eolian & glacial deposits","Alluvium, colluvium, landslide, eolian & glacial deposits",,0-200,0,200,,,false,false,
95,2,2,PL,,Basin-fill sedimentary rocks,Basin-fill sedimentary rocks,,0-1000,0,1000,,0-6 m.y.,false,false,
95,3,3,MIOCENE,Sevier River Formation,Rhyolite flows,Rhyolite flows,,0-1000,0,1000,,5-8 m.y. Piute Reservoir,false,false,
95,4,4,MIOCENE,Sevier River Formation,Basalt Flows,Basalt Flows,,0-300,0,300,,13 m.y.,false,false,
95,5,4,MIOCENE,,Formation sediments,Formation sediments,,0-1000+,0,1000,,7-14 m.y.,false,false,
95,6,5,MIOCENE,Mount Belknap Volcanics,Gray Hills Rhyolite M.,Gray Hills Rhyolite Member.,,0-1000,0,1000,,,false,false,
95,7,6,MIOCENE,Mount Belknap Volcanics,Crystal-rich member,Crystal-rich member,,0-200,0,200,,"19 m.y.; erupted from 2 main source areas of flows, domes, and tuffs",false,true,
95,8,7,MIOCENE,Mount Belknap Volcanics,Red Hills Tuff Mbr,Red Hills Tuff Member,,0-500,0,500,,19 m.y.,false,false,
95,9,8,MIOCENE,Mount Belknap Volcanics,"Joe Lott to Blue Lake, members that fill the Mount Belknap caldera","Joe Lott to Blue Lake, members that fill the Mount Belknap caldera",,0-2000,0,2000,,16-21 m.y.,false,false,
95,10,9,MIOCENE,Mount Belknap Volcanics,"Rhyolite plugs, domes, & dikes","Rhyolite plugs, domes, & dikes",,,,,,,false,false,
95,11,10,MIOCENE,,Monroe Peak caldera volcanic & intrusive rocks,Monroe Peak caldera volcanic & intrusive rocks,,0-2000,0,2000,,21-23 m.y.; Monroe Peak caldera is about 10 miles NE of Marysvale,false,true,
95,12,11,MIOCENE,,Osiris Tuff,Osiris Tuff,,0-1500,0,1500,,23 m.y.,false,false,
95,13,12,MIOCENE,,K-rich mafic flows,K-rich mafic flows,,0-200,0,200,,21-24 m.y.,false,false,
95,14,13,OLIGOCENE,,Delano Pk Tuff Mbr,Delano Peak Tuff Member,,(0-500),0,500,,23 m.y.; in the Sevier Plateau east of Marysvale equivalent rocks include volcanic rocks of Signal Peak and volcanic rocks of Little Table,false,true,
95,15,13,OLIGOCENE,,Bullion Canyon Volcanics,Bullion Canyon Volcanics,,1000-6000,1000,6000,,22-30 m.y.,false,false,
95,16,13,OLIGOCENE,,Mt Dutton Fm,Mt Dutton Formation,,,,,,20-30 m.y. crystal poor dacitic rocks predominant to the south,false,false,
95,17,13,OLIGOCENE,,Antimony Tuff Mbr,Antimony Tuff Member,,(0-50),0,50,,25 m.y.,false,false,
95,18,13,OLIGOCENE,,Three Cks Tf M,Three Cks Tf Member,,(0-600),0,600,,27 m.y.,false,false,
95,19,14,OLIGOCENE,,"Wah Wah Springs Fm, Needles Range Group","Wah Wah Springs Formation, Needles Range Group",,0-100,0,100,,30 m.y.,false,false,
95,20,15,OLIGOCENE,,Older volcanic rocks,Older volcanic rocks,,0-300,0,300,,,false,false,
95,21,16,OLIGOCENE,,Conglomerate,Conglomerate,,0-60,0,60,,MAJOR UNCONFORMITY,false,false,
95,22,17,JURASSIC,,Twist Gulch Fm,Twist Gulch Formation,,700,700,700,,"J-3 UNCONFORMITY; red siltstone; Summerville, Curtis, Entrada equivalent",false,false,
95,23,18,JURASSIC,,Arapien Shale (or Winsor Member of Twin Creek Ls),Arapien Shale (or Winsor Member of Twin Creek Limestone),,1145,1145,1145,,"550+ gray shale with mud cracks, salt casts; 170' red ss; 285' gray shale; 140' red ss",false,false,
95,24,19,JURASSIC,,Twin Creek Limestone (included with Arapien on maps),Twin Creek Limestone (included with Arapien on maps),,1000,1000,1000,,"medium to thin-bedded gray shaly limestone; Ostrea, Camptonectes Isocrinus",false,false,
95,25,20,JURASSIC,,"Navajo, Kayenta, and Wingate Formations (undivided)","Navajo, Kayenta, and Wingate Formations (undivided)",,2000,2000,2000,,J-1 UNCONFORMITY; UNCONFORMITY,false,false,
95,26,21,TR,Chinle Fm,Upper member,Upper member,,200-400,200,400,,,false,false,
95,27,22,TR,Chinle Fm,Shinarump Cg M,Shinarump Conglomerate Member,,130-220,130,220,,,false,false,
95,28,23,TR,Moenkopi Fm,Upper member,Upper member,,1400,1400,1400,,,false,false,
95,29,24,TR,Moenkopi Fm,Sinbad Ls M,Sinbad Limestone Member,,350,350,350,,Meekoceras,false,false,
95,30,25,TR,Moenkopi Fm,Black Dragon M,Black Dragon Member,,120,120,120,,,false,false,
95,31,26,PERMIAN,Kaibab Fm,Harrisburg Mbr,Harrisburg Member,,170,170,170,,,false,false,
95,32,27,PERMIAN,Kaibab Fm,Fossil Mtn Mbr,Fossil Mtn Member,,165,165,165,,Dictyoclostus,false,false,
95,33,28,PERMIAN,,Toroweap Formation,Toroweap Formation,,480,480,480,,,false,false,
95,34,29,PERMIAN,,Queantoweap Sandstone,Queantoweap Sandstone,,580,580,580,,,false,false,
95,35,30,PERMIAN,,Pakoon Dolomite,Pakoon Dolomite,,400,400,400,,exposed in mine,false,false,
95,36,31,IP,,Callville Limestone,Callville Limestone,,300+,300,300,,,false,false,
96,1,1,Q,,Alluvium & surficial deposits,Alluvium & surficial deposits,,0-200,0,200,,,false,false,
96,2,2,P,,Basalt flows,Basalt flows,,500,500,500,,4.87 ± 0.02 m.y.; 5.0–5.4 m.y.,false,false,
96,3,3,MIOCENE,,Sevier River Formation,Sevier River Formation,,0-200,0,200,,6.5 m.y; 14.08 ± 0.06 m.y.,false,false,
96,4,4,MIOCENE,,Dacite of Box Crk Res,Dacite of Box Crk Res,,200,200,200,,,false,false,
96,5,5,MIOCENE,,Intrusive rocks of Monroe Peak Caldera,Intrusive rocks of Monroe Peak Caldera,,,,,,,false,false,
96,6,5,MIOCENE,,Moat sediments,Moat sediments,,330+,330,330,,,false,false,
96,7,6,MIOCENE,,Lava flows of Indian Flat,Lava flows of Indian Flat,,650,650,650,,,false,false,
96,8,7,MIOCENE,,Volcanics of Sage Valley,Volcanics of Sage Valley,,1000,1000,1000,,,false,false,
96,9,8,OLIGOCENE,,Lava flows,Lava flows,,830,830,830,,"period cell boundary falls inside this row (MIOCENE above, OLIGOCENE below)",false,false,
96,10,8,OLIGOCENE,,Osiris Tuff,Osiris Tuff,,,,,,23 m.y.,false,false,
96,11,9,OLIGOCENE,,Antimony Tuff Mbr of Mt Dutton Fm,Antimony Tuff Member of Mt Dutton Formation,,500,500,500,,25.13 ± 0.02 m.y.,false,false,
96,12,10,OLIGOCENE,,volcanic rocks of Signal Peak,volcanic rocks of Signal Peak,,500,500,500,,26 m.y.,false,false,
96,13,11,OLIGOCENE,,Volcanic Rocks of Langdon Mountain,Volcanic Rocks of Langdon Mountain,,200-2600,200,2600,,,false,false,
96,14,12,OLIGOCENE,Volcanic rocks of Willow Springs,Lava flows,Lava flows,,460,460,460,,,false,false,
96,15,13,OLIGOCENE,Volcanic rocks of Willow Springs,Alluvial facies,Alluvial facies,,1650+,1650,1650,,,false,false,
96,16,14,OLIGOCENE,,Mount Dutton Fm,Mount Dutton Formation,,200+,200,200,,,false,false,
96,17,15,OLIGOCENE,,Wah Wah Springs Tuff,Wah Wah Springs Tuff,,52,52,52,,30.06 ± 0.05 m.y.,false,false,
96,18,16,EOCENE,,Brian Head Fm,Brian Head Formation,,1000,1000,1000,,covered,false,false,
96,19,17,EOCENE,,Strata of Antimony Canyon,Strata of Antimony Canyon,,800+,800,800,,“salt & pepper” sandstone with black chert grains,false,false,
96,20,18,K-P,Informal Cret & Paleocene units,Upper unit,Upper unit,,0-200,0,200,,,false,false,
96,21,19,K-P,Informal Cret & Paleocene units,Middle unit,Middle unit,,0-400,0,400,,angular Navajo clasts,false,false,
96,22,20,K-P,Informal Cret & Paleocene units,Lower unit,Lower unit,,0-200,0,200,,,false,false,
96,23,21,JURASSIC,,Carmel Formation,Carmel Formation,,800+,800,800,,Isocrinus; Winsor Mbr 30+; Paria River Mbr 230+; Crystal Creek Mbr 150+; Co-op Creek Mbr 400+; J-1 UNCONFORMITY,false,false,
96,24,22,JURASSIC,,"Navajo, Kayenta, and Wingate Formations (undivided)","Navajo, Kayenta, and Wingate Formations (undivided)",,1650+,1650,1650,,"J-0 UNCONFORMITY; period cell boundary falls inside this row (JURASSIC above, TRIASSIC below)",false,false,
96,25,23,TRIASSIC,,Chinle Fm,Chinle Formation,,120+,120,120,,fault bounded,false,false,
96,26,24,TRIASSIC,,Moenkopi Formation,Moenkopi Formation,,1000 ? not exposed,1000,1000,,Tenneco Oil Antimony Canyon 30-30S-2W 1966,false,true,
96,27,25,PERMIAN,,“Plympton” Formation,“Plympton” Formation,,120,120,120,,,false,false,
96,28,26,PERMIAN,,Kaibab Limestone,Kaibab Limestone,,130,130,130,,,false,false,
96,29,27,PERMIAN,,Toroweap Formation,Toroweap Formation,,120,120,120,,,false,false,
96,30,28,PERMIAN,,Queantoweap Sandstone,Queantoweap Sandstone,,600,600,600,,Cedar Mesa equivalent,false,false,
96,31,29,PERMIAN,,Pakoon Formation,Pakoon Formation,,670,670,670,,70 ft red siltstone,false,false,
96,32,30,P,,Callville Limestone,Callville Limestone,,130,130,130,,,false,false,
96,33,31,MISS,,Redwall Limestone,Redwall Limestone,,1100,1100,1100,,,false,false,
96,34,32,DEV,,Pinyon Peak Limestone,Pinyon Peak Limestone,,220,220,220,,,false,false,
96,35,33,DEV,,Cove Ft Qtzt Mbr,Cove Ft Quartzite Member,,20,20,20,,,false,false,
96,36,33,DEV,,Guilmette Formation,Guilmette Formation,,200,200,200,,,false,false,
96,37,34,CAMBRIAN,,Dolomite & limestone undivided,Dolomite & limestone undivided,,1800,1800,1800,,,false,false,
96,38,35,CAMBRIAN,,Bright Angel Shale,Bright Angel Shale,,550,550,550,,,false,false,
96,39,36,CAMBRIAN,,Tapeats Quartzite,Tapeats Quartzite,,150+,150,150,,,false,false,
97,1,1,Q,,"Landslides, mudflows, & alluvium","Landslides, mudflows, & alluvium",,0-200,0,200,,"see Nelson, 1989",false,false,
97,2,2,P,,Trachybasalt flow & dike,Trachybasalt flow & dike,,0-100,0,100,,4 m.y.,false,false,
97,3,3,MIO,,Basalt of Awapa Plateau,Basalt of Awapa Plateau,,0-80,0,80,,"7 m.y. see Mattox, 2001",false,false,
97,4,4,MIO,,Sevier River Formation,Sevier River Formation,,0-100,0,100,,7-14 m.y.,false,false,
97,5,5,MIO,,Osiris Tuff,Osiris Tuff,,0-130,0,130,,23 m.y.,false,false,
97,6,6,OLIG,,Potassium-rich mafic flows,Potassium-rich mafic flows,,0-400,0,400,,,false,false,
97,7,7,OLIG,,Antimony Tuff,Antimony Tuff,,50 ?,50,50,,25 m.y.,false,false,
97,8,8,OLIG,,Trachyte flows of Deer Spring Draw,Trachyte flows of Deer Spring Draw,,150-400,150,400,,,false,false,
97,9,9,OLIG,,Shoshonite of Riley Spring,Shoshonite of Riley Spring,,200-300,200,300,,26 m.y.,false,false,
97,10,10,E,,Unnamed tuffaceous sediments,Unnamed tuffaceous sediments,,200-500,200,500,,40 m.y. Teletaceras rhino; MAJOR UNCONFORMITY,false,false,
97,11,11,CRETACEOUS,Mesaverde Group,Blackhawk Formation,Blackhawk Formation,,750+,750,750,,coal,false,false,
97,12,12,CRETACEOUS,Mesaverde Group,Star Point Sandstone Mbr,Star Point Sandstone Member,,400 ?,400,400,,"Star Point, Masuk, & Emery members are not exposed in the Geyser Peak quad",false,true,
97,13,13,CRETACEOUS,Mancos Shale,Masuk Shale Mbr,Masuk Shale Member,,500 ?,500,500,,,false,false,
97,14,14,CRETACEOUS,Mancos Shale,Emery Sandstone Member,Emery Sandstone Member,,800 ?,800,800,,,false,false,
97,15,15,CRETACEOUS,Mancos Shale,Blue Gate Shale Member,Blue Gate Shale Member,,1200 ?,1200,1200,,marine,false,false,
97,16,16,CRETACEOUS,Mancos Shale,Ferron Sandstone Member,Ferron Sandstone Member,,730,730,730,,coal,false,false,
97,17,17,CRETACEOUS,Mancos Shale,Tununk Shale Member,Tununk Shale Member,,700,700,700,,marine,false,false,
97,18,18,CRETACEOUS,,Naturita Formation,Naturita Formation,,0-60,0,60,,MAJOR UNCONFORMITY,false,false,
97,19,19,JURASSIC,Morrison Fm,Brushy Basin Mbr,Brushy Basin Member,,300,300,300,,also Cedar Mtn Fm ?,false,false,
97,20,20,JURASSIC,Morrison Fm,Salt Wash Ss Mbr,Salt Wash Sandstone Member,,0-50,0,50,,,false,false,
97,21,21,JURASSIC,,Summerville Formation,Summerville Formation,,210,210,210,,,false,false,
97,22,22,JURASSIC,,Curtis Formation,Curtis Formation,,160,160,160,,J-3 UNCONFORMITY,false,false,
97,23,23,JURASSIC,,Entrada Sandstone,Entrada Sandstone,,780,780,780,,,false,false,
97,24,24,JURASSIC,,Carmel Formation,Carmel Formation,,1000,1000,1000,,anhydrite; subsurface from Desert Wash well 14-25S-5E,false,true,
97,25,25,JURASSIC,,Navajo Sandstone,Navajo Sandstone,,1050,1050,1050,,J-1 UNCONFORMITY,false,false,
97,26,26,JURASSIC,,Kayenta Formation,Kayenta Formation,,150,150,150,,,false,false,
97,27,27,JURASSIC,,Wingate Sandstone,Wingate Sandstone,,330,330,330,,,false,false,
97,28,28,TRIASSIC,Chinle Fm,Upper member,Upper member,,360,360,360,,bentonitic,false,false,
97,29,29,TRIASSIC,Chinle Fm,Moss Back Ss Mbr,Moss Back Sandstone Member,,80,80,80,,,false,false,
97,30,30,TRIASSIC,Moenkopi Fm,Upper member,Upper member,,750,750,750,,,false,false,
97,31,31,TRIASSIC,Moenkopi Fm,Sinbad Limestone M,Sinbad Limestone Member,,160,160,160,,,false,false,
97,32,32,TRIASSIC,Moenkopi Fm,Lower member,Lower member,,150,150,150,,,false,false,
97,33,33,PERM,,Kaibab Formation,Kaibab Formation,,210,210,210,,gypsum,false,false,
97,34,34,PERM,,Toroweap Formation,Toroweap Formation,,500,500,500,,,false,false,
97,35,35,PERM,,Cedar Mesa Sandstone,Cedar Mesa Sandstone,,410,410,410,,,false,false,
97,36,36,PERM,,Elephant Canyon Fm,Elephant Canyon Formation,,140,140,140,,Pakoon equivalent,false,false,
97,37,37,P,,Hermosa Formation,Hermosa Formation,,160,160,160,,Callville equivalent,false,false,
97,38,38,MISS,Redwall Limestone,Horseshoe Mesa Mbr,Horseshoe Mesa Member,,540,540,540,,,false,false,
97,39,39,MISS,Redwall Limestone,Mooney Falls Mbr,Mooney Falls Member,,30,30,30,,,false,false,
97,40,40,MISS,Redwall Limestone,Thunder Springs Mbr,Thunder Springs Member,,400,400,400,,cherty,false,false,
97,41,41,MISS,Redwall Limestone,Whitmore Wash Mbr,Whitmore Wash Member,,290,290,290,,,false,false,
97,42,42,D,,Ouray Limestone,Ouray Limestone,,130,130,130,,,false,false,
97,43,43,D,,Elbert Formation,Elbert Formation,,270,270,270,,MAJOR UNCONFORMITY,false,false,
97,44,44,Є,,Dolomite & limestone,Dolomite & limestone,,100+,100,100,,,false,false,
98,1,1,Q,,"Alluvium, valley fill","Alluvium, valley fill",,0-200,0,200,,,false,false,
98,2,2,Q,,Glacial deposits,Glacial deposits,,0-100,0,100,,,false,false,
98,3,3,P,,Basalts & tuffs on Thousand Lake Mtn,Basalts & tuffs on Thousand Lake Mtn,,500+,500,500,,4-5 m.y.,false,false,
98,4,4,E,,Unnamed tuffaceous seds,Unnamed tuffaceous seds,,500,500,500,,40 m.y. ±,false,false,
98,5,5,CRETACEOUS,Mancos Shale,Masuk Shale Member,Masuk Shale Member,,700,700,700,,UNCONFORMITY; marine,false,false,
98,6,6,CRETACEOUS,Mancos Shale,Muley Canyon Ss Mbr,Muley Canyon Sandstone Member,,300,300,300,,,false,false,
98,7,7,CRETACEOUS,Mancos Shale,Blue Gate Shale Member,Blue Gate Shale Member,,1400,1400,1400,,marine,false,false,
98,8,8,CRETACEOUS,Mancos Shale,Ferron Ss Mbr,Ferron Sandstone Member,,300,300,300,,thin coal beds,false,false,
98,9,9,CRETACEOUS,Mancos Shale,Tununk Shale Member,Tununk Shale Member,,600,600,600,,marine; Pycnodonte newberryi (clam),false,false,
98,10,10,CRETACEOUS,,Naturita Formation,Naturita Formation,,0-150,0,150,,,false,false,
98,11,11,CRETACEOUS,,Cedar Mountain Formation,Cedar Mountain Formation,,0-170,0,170,,25 m.y. UNCONFORMITY,false,false,
98,12,12,JURASSIC,Morrison Fm,Brushy Basin Mbr,Brushy Basin Member,,100-300,100,300,,150 - 152 m.y.,false,false,
98,13,13,JURASSIC,Morrison Fm,Salt Wash Ss Mbr,Salt Wash Sandstone Member,,30-800,30,800,,,false,false,
98,14,14,JURASSIC,Morrison Fm,Tidwell Member,Tidwell Member,,50-100,50,100,,157 m.y.,false,false,
98,15,14,JURASSIC,San Rafael Group,Summerville Fm,Summerville Formation,,150-300,150,300,,J-5 UNCONFORMITY,false,false,
98,16,15,JURASSIC,San Rafael Group,Curtis Formation,Curtis Formation,,0-80,0,80,,green,false,false,
98,17,16,JURASSIC,San Rafael Group,Entrada Sandstone,Entrada Sandstone,,450-780,450,780,,J-3 UNCONFORMITY,false,false,
98,18,17,JURASSIC,San Rafael Group,Carmel Formation,Carmel Formation,,300-1000,300,1000,,Pentacrinus,false,false,
98,19,17,JURASSIC,San Rafael Group,Page Sandstone,Page Sandstone,,0-150,0,150,,J-1 UNCONFORMITY,false,false,
98,20,18,JURASSIC,Glen Canyon Gp,Navajo Sandstone,Navajo Sandstone,,800-1400,800,1400,,,false,false,
98,21,19,JURASSIC,Glen Canyon Gp,Kayenta Fm,Kayenta Formation,,300-400,300,400,,,false,false,
98,22,20,JURASSIC,Glen Canyon Gp,Wingate Sandstone,Wingate Sandstone,,320-400,320,400,,,false,false,
98,23,21,TRIASSIC,Chinle Fm,Owl Rock Member,Owl Rock Member,,100-200,100,200,,,false,false,
98,24,22,TRIASSIC,Chinle Fm,Petrified Forest Mbr,Petrified Forest Member,,150-350,150,350,,fossil wood,false,false,
98,25,23,TRIASSIC,Chinle Fm,Monitor Butte Mbr,Monitor Butte Member,,150-200,150,200,,,false,false,
98,26,23,TRIASSIC,Chinle Fm,Shinarump Cg Mbr,Shinarump Conglomerate Member,,0-90,0,90,,TR 3 UNCONFORMITY,false,false,
98,27,24,TRIASSIC,Moenkopi Fm,Moody Canyon Mbr,Moody Canyon Member,,250-430,250,430,,,false,false,
98,28,25,TRIASSIC,Moenkopi Fm,Torrey Member,Torrey Member,,200-320,200,320,,vertebrate swim tracks,false,false,
98,29,25,TRIASSIC,Moenkopi Fm,Sinbad Ls Mbr,Sinbad Limestone Member,,40-140,40,140,,Hemiprionites,false,false,
98,30,26,TRIASSIC,Moenkopi Fm,Black Dragon Mbr,Black Dragon Member,,50-110,50,110,,TR-1 UNCONFORMITY,false,false,
98,31,27,PERMIAN,,Black Box (Kaibab) Dolomite,Black Box (Kaibab) Dolomite,,0-200,0,200,,,false,false,
98,32,28,PERMIAN,,White Rim Ss,White Rim Sandstone,,420,420,420,,subsurface; Pacific Western Unit No. 1 Teasdale 1949 to Redwall,false,true,
98,33,29,PERMIAN,,Organ Rock Shale,Organ Rock Shale,,330,330,330,,,false,false,
98,34,30,PERMIAN,,Cedar Mesa Ss,Cedar Mesa Sandstone,,800+,800,800,,,false,false,
98,35,31,PERMIAN,,Elephant Canyon Fm,Elephant Canyon Formation,,200-500,200,500,,,false,false,
98,36,32,PENN,,Hermosa Fm,Hermosa Formation,,700-1000,700,1000,,gypsum,false,false,
98,37,33,PENN,,Molas Fm,Molas Formation,,0-150,0,150,,,false,false,
98,38,34,MISS,,Redwall Ls,Redwall Limestone,,940,940,940,,,false,false,
98,39,35,DEV,,Ouray Limestone,Ouray Limestone,,140,140,140,,,false,false,
98,40,36,DEV,,Elbert Fm,Elbert Formation,,300,300,300,,,false,false,
98,41,37,CAMBRIAN,,"""Lynch"" Dolomite & ""Muav"" Limestone undivided","""Lynch"" Dolomite & ""Muav"" Limestone undivided",,1200-1600,1200,1600,,,false,false,
98,42,38,CAMBRIAN,,Ophir Formation,Ophir Formation,,200-300,200,300,,,false,false,
98,43,39,CAMBRIAN,,Tintic Quartzite,Tintic Quartzite,,200,200,200,,,false,false,
98,44,40,pЄ,,"""granite""","""granite""",,-,,,,,false,false,
99,1,1,Q,,Alluvium & dune sand,Alluvium & dune sand,,0-100,0,100,,sand from Entrada Fm,false,false,
99,2,2,M,,Alkaline porphyry dike,Alkaline porphyry dike,,,,,,22 m.y. Ar/Ar,false,false,
99,3,3,JURASSIC,Morrison Fm,Brushy Basin Member,Brushy Basin Member,,300-320,300,320,,"150 m.y.; dinosaur bone, varicolored rocks; 152 m.y.",false,false,
99,4,4,JURASSIC,Morrison Fm,Salt Wash Ss Member,Salt Wash Sandstone Member,,250-200,200,250,,,false,false,
99,5,5,JURASSIC,Morrison Fm,Tidwell Member,Tidwell Member,,100,100,100,,157 m.y.; J-5 UNCONFORMITY,false,false,
99,6,6,JURASSIC,San Rafael Group,Summerville Fm,Summerville Formation,,100,100,100,,,false,false,
99,7,7,JURASSIC,San Rafael Group,Curtis Formation,Curtis Formation,,60,60,60,,J-3 UNCONFORMITY,false,false,
99,8,8,JURASSIC,San Rafael Group,Entrada Formation,Entrada Formation,,410-560,410,560,,“stone babies” in Goblin Valley State Park,false,false,
99,9,9,JURASSIC,San Rafael Group,Carmel Formation,Carmel Formation,,185-240,185,240,,gypsum,false,false,
99,10,10,JURASSIC,San Rafael Group,Temple Cap Fm,Temple Cap Formation,,30-100,30,100,,J-1 UNCONFORMITY,false,false,
99,11,11,JURASSIC,Glen Canyon Group,Navajo Sandstone,Navajo Sandstone,,550-615,550,615,,rounded cliffs,false,false,
99,12,12,JURASSIC,Glen Canyon Group,Kayenta Fm,Kayenta Formation,,275-365,275,365,,ragged tree-covered ledges,false,false,
99,13,13,JURASSIC,Glen Canyon Group,Wingate Ss,Wingate Sandstone,,280-350,280,350,,"vertical cliffs; period cell boundary falls inside this row (JURASSIC above, TRIASSIC below)",false,false,
99,14,14,TRIASSIC,Chinle Fm,Church Rock Mbr,Church Rock Member,,80-120,80,120,,varicolored,false,false,
99,15,15,TRIASSIC,Chinle Fm,Owl Rock Mbr,Owl Rock Member,,50-80,50,80,,Black Ledge,false,false,
99,16,16,TRIASSIC,Chinle Fm,Petrified Forest Mbr,Petrified Forest Member,,110,110,110,,,false,false,
99,17,17,TRIASSIC,Chinle Fm,Moss Back Mbr,Moss Back Member,,90,90,90,,uranium,false,false,
99,18,18,TRIASSIC,Chinle Fm,Temple Mtn Mbr,Temple Mtn Member,,40,40,40,,Tr-3 UNCONFORMITY,false,false,
99,19,19,TRIASSIC,Moenkopi Fm,Moody Canyon Mbr,Moody Canyon Member,,120-170,120,170,,,false,false,
99,20,20,TRIASSIC,Moenkopi Fm,Torrey Member,Torrey Member,,260-250,250,260,,,false,false,
99,21,21,TRIASSIC,Moenkopi Fm,Sinbad Ls Mbr,Sinbad Limestone Member,,30-50,30,50,,snails & pelecypods,false,false,
99,22,22,TRIASSIC,Moenkopi Fm,Black Dragon Mbr,Black Dragon Member,,80-120,80,120,,,false,false,
99,23,23,PERMIAN,,Kaibab Limestone,Kaibab Limestone,,0-200,0,200,,subsurface,false,false,
99,24,24,PERMIAN,Cutler Group,White Rim Sandstone,White Rim Sandstone,,200-400,200,400,,"Delhi Oil #1 Russell, Tidewater-Big Flattop; Standard of Calif San Rafael Unit #2; drilled in ’53, ’49, ’37",false,true,
99,25,25,PERMIAN,Cutler Group,Organ Rock Shale,Organ Rock Shale,,100-200,100,200,,,false,false,
99,26,26,PERMIAN,Cutler Group,Cedar Mesa Sandstone (arkosic interbeds),Cedar Mesa Sandstone (arkosic interbeds),,0-900,0,900,,,false,false,
99,27,27,PERMIAN,Cutler Group,Elephant Canyon Formation,Elephant Canyon Formation,,700,700,700,,arkosic interbeds,false,false,
99,28,28,PENNSYLVANIAN,Hermosa Group,Honaker Trail Formation,Honaker Trail Formation,,900,900,900,,REGIONAL UNCONFORMITY; Hermosa Group thickens eastward towards Paradox Basin,false,false,
99,29,29,PENNSYLVANIAN,Hermosa Group,Paradox Formation,Paradox Formation,,700-1000,700,1000,,salt & gypsum thin to absent over Nequoia Arch west of Canyonlands,false,false,
99,30,30,PENNSYLVANIAN,Hermosa Group,Pinkerton Trail Formation,Pinkerton Trail Formation,,500,500,500,,,false,false,
99,31,31,PENNSYLVANIAN,,Molas Formation,Molas Formation,,0-100,0,100,,red residual deposit,false,false,
99,32,32,MISS,,Redwall Limestone,Redwall Limestone,,900,900,900,,cherty zone,false,false,
99,33,33,D,,Elbert & Ouray Fms,Elbert & Ouray Fms,,200,200,200,,,false,false,
99,34,34,CAMBRIAN,,“Lynch” Dolomite and “Maxfield” Limestone undivided,“Lynch” Dolomite and “Maxfield” Limestone undivided,,900,900,900,,formation names in quotes are from well logs that have employed names from northern Utah; they are inappropriate here; see Charts 105 & 108 for better names for these units in this area,false,false,
99,35,35,CAMBRIAN,,“Ophir” Formation,“Ophir” Formation,,200,200,200,,,false,false,
99,36,36,CAMBRIAN,,“Tintic” Quartzite,“Tintic” Quartzite,,180,180,180,,,false,false,
99,37,37,pЄ,,Metamorphic rocks,Metamorphic rocks,,---,,,,,false,false,
100,1,1,Q,,Alluvial terrace & fan deposits,Alluvial terrace & fan deposits,,0-50,0,50,,,false,false,
100,2,2,OLIG,,"Henry Mountains diorite porphyry intrusions - laccoliths, sills, & dikes","Henry Mountains diorite porphyry intrusions - laccoliths, sills, & dikes",,indivdual sills & dikes range up to a few hundred feet thick; laccoliths up to a mile thick,,,,"see Jackson, 1998 for cross section showing laccoliths, dikes, & sills; 25-28 m.y. Ar/Ar",false,false,
100,3,3,,,UPPER MESAVERDE & EXTRUSIVE IGNEOUS ROCK HAVE BEEN ERODED AWAY,UPPER MESAVERDE & EXTRUSIVE IGNEOUS ROCK HAVE BEEN ERODED AWAY,,,,,,,true,false,
100,4,4,CRETACEOUS,Mesaverde Group,Tarantula Mesa Sandstone,Tarantula Mesa Sandstone,,250,250,250,,cross-bed deposited by braided streams,false,false,
100,5,5,CRETACEOUS,Mancos Shale,Masuk Shale Member,Masuk Shale Member,,300-700,300,700,,interdeltaic fluvial & estuary deposits,false,false,
100,6,6,CRETACEOUS,Mancos Shale,Muley Canyon Sandstone Mbr,Muley Canyon Sandstone Member,,350-390,350,390,,"fluvial delta plain, braided sandstone & shore zone deposits",false,false,
100,7,7,CRETACEOUS,Mancos Shale,Blue Gate Shale Member,Blue Gate Shale Member,,1300-1500,1300,1500,,"bluish-gray marine shale, minor sandstone",false,false,
100,8,8,CRETACEOUS,Mancos Shale,Ferron Sandstone Mbr,Ferron Sandstone Member,,220-250,220,250,,"interbedded sandstone & shale, minor coal",false,false,
100,9,9,CRETACEOUS,Mancos Shale,Tununk Shale Member,Tununk Shale Member,,440,440,440,,"bluish-gray shale that contains gypsum, calcite, and bentonite",false,false,
100,10,10,CRETACEOUS,,Naturita Formation,Naturita Formation,,0-90,0,90,,fossiliferous sandstone & siltstone,false,false,
100,11,11,CRETACEOUS,Cedar Mountain Fm,Upper member,Upper member,,0-25,0,25,,similar to Brushy Basin Mbr of Morrison Fm,false,false,
100,12,12,CRETACEOUS,Cedar Mountain Fm,Buckhorn Conglomerate Mbr,Buckhorn Conglomerate Member,,0-60,0,60,,conglomerate & sandstone; 124 m.y.; MAJOR UNCONFORMITY,false,true,
100,13,13,JURASSIC,Morrison Fm,Brushy Basin Mbr,Brushy Basin Member,,120-450,120,450,,"150 m.y.; varigated mudstone, minor ss",false,false,
100,14,14,JURASSIC,Morrison Fm,Salt Wash Member,Salt Wash Member,,400-550,400,550,,yellowish-brown sandstone & conglomerate,false,false,
100,15,15,JURASSIC,Morrison Fm,Tidwell Member,Tidwell Member,,0-120,0,120,,red mudstone & sandstone,false,false,
100,16,16,JURASSIC,San Rafael Group,Summerville Formation,Summerville Formation,,190,190,190,,"J-5 UNCONFORMITY; reddish-brown shale, siltstone, & sandstone",false,false,
100,17,17,JURASSIC,San Rafael Group,Curtis Formation,Curtis Formation,,0-30,0,30,,greenish-gray siltstone; J-3 UNCONFORMITY,false,false,
100,18,17,JURASSIC,San Rafael Group,Entrada Sandstone,Entrada Sandstone,,560-720,560,720,,"pale-orange, thin-bedded siltstone & sandstone, poorly cemented",false,false,
100,19,18,JURASSIC,Carmel Fm,Winsor Mbr,Winsor Member,,100-295,100,295,,"shallow marine siltstone & mudstone, reddish-brown",false,false,
100,20,18,JURASSIC,Carmel Fm,Paria River Mbr,Paria River Member,,20-85,20,85,,,false,false,
100,21,18,JURASSIC,Carmel Fm,Crystal Ck Mbr,Crystal Ck Member,,10-40,10,40,,Thousand Pockets tongue,false,false,
100,22,18,JURASSIC,Carmel Fm,Judd Hllw Mbr,Judd Hllw Member,,35-80,35,80,,,false,false,
100,23,19,JURASSIC,San Rafael Group,Temple Cap Fm,Temple Cap Formation,,0-130,0,130,,tan eolian sandstone,false,false,
100,24,20,JURASSIC,Glen Canyon Group,Navajo Sandstone,Navajo Sandstone,,520-630,520,630,,J-1 UNCONFORMITY; light-gray to light-orange cross-bedded eolian sandstone,false,false,
100,25,21,JURASSIC,Glen Canyon Group,Kayenta Formation,Kayenta Formation,,260-450,260,450,,"fluvial sandstone & siltstone, reddish-brown",false,false,
100,26,22,JURASSIC,Glen Canyon Group,Wingate Sandstone,Wingate Sandstone,,200-300,200,300,,reddish-pink eolian sandstone,false,false,
100,27,23,TRIAS,,Chinle Formation,Chinle Formation,,340-390,340,390,,"various colors of mudstone, siltstone, & conglomerate",false,false,
100,28,24,TRIAS,,Moenkopi Formation,Moenkopi Formation,,180-280,180,280,,reddish-brown sandstone siltstone & mudstone,false,false,
100,29,25,PERMIAN,Cutler Group,White Rim Sandstone Member,White Rim Sandstone Member,,200-280,200,280,,light-yellowish gray eolian sandstone,false,false,
100,30,26,PERMIAN,Cutler Group,Organ Rock Tongue,Organ Rock Tongue,,0-250,0,250,,"marginal marine sand-, silt-, & mudstone",false,false,
100,31,27,PERMIAN,Cutler Group,Cedar Mesa Sandstone Member,Cedar Mesa Sandstone Member,,700-1500,700,1500,,eolian sandstone,false,false,
101,1,1,Q,,"Alluvium, landslide, & dune deposits","Alluvium, landslide, & dune deposits",,0-150,0,150,,playa lake in valley,false,false,
101,2,2,Q,,Basalt flows,Basalt flows,,0-300,0,300,,"0.1-1.3 m.y. see Moore et al., 2004",false,false,
101,3,3,P,,Cedar Valley Basin-fill,Cedar Valley Basin-fill,,0-5000,0,5000,,"not exposed; known from wells & seismic surveys; see Hurlow, 2002",false,false,
101,4,4,MIOCENE,,Racer Canyon Tuff,Racer Canyon Tuff,,up to 1500,1500,1500,,"Basin-Range UNCONFORMITY; 18.6-18.9 m.y., from Caliente caldera",false,false,
101,5,5,MIOCENE,,"Three Peaks, Granite Mountain, & Iron Mountain quartz monzonite laccoliths","Three Peaks, Granite Mountain, & Iron Mountain quartz monzonite laccoliths",,up to 2600,2600,2600,,21-22 m.y. intrusions; magnetite iron ore,false,false,
101,6,6,MIOCENE,Quichapa Group,Harmony Hills Tuff,Harmony Hills Tuff,,400,400,400,,22.6 m.y.,false,false,
101,7,7,MIOCENE,Quichapa Group,Condor Canyon Fm,Condor Canyon Formation,,400,400,400,,23 m.y.; from Caliente caldera complex,false,true,
101,8,8,MIOCENE,Quichapa Group,Leach Canyon Fm,Leach Canyon Formation,,100-750,100,750,,24 m.y.,false,false,
101,9,9,OLIGOCENE,,Mount Dutton Formation,Mount Dutton Formation,,1000,1000,1000,,stratovolcanic rocks from Marysvale area,false,false,
101,10,10,OLIGOCENE,,Markagunt megabreccia,Markagunt megabreccia,,0-50,0,50,,gravity slide deposit,false,false,
101,11,11,OLIGOCENE,,Isom Formation,Isom Formation,,500,500,500,,"24.6-27.9 m.y., several cooling units",false,false,
101,12,12,OLIGOCENE,,Wah Wah Springs Fm,Wah Wah Springs Formation,,0-300,0,300,,30.1 m.y. crystal-rich tuff,false,false,
101,13,13,OLIGOCENE,,Brian Head Formation,Brian Head Formation,,600,600,600,,33 m.y.,false,false,
101,14,14,EOCENE-PALEOC,Claron Formation,White member,White member,,0-350,0,350,,white limestone & mudstone,false,false,
101,15,15,EOCENE-PALEOC,Claron Formation,Red member,Red member,,700-1000,700,1000,,"red to pink sandy limestone, calcareous mudstone, & minor pebble conglomerate",false,true,
101,16,16,EOCENE-PALEOC,,Grand Castle Formation,Grand Castle Formation,,0-590,0,590,,Parowan Canyon type section,false,false,
101,17,17,CRETACEOUS,,Wahweap Formation,Wahweap Formation,,800-1000,800,1000,,"Ss & mudstone; dinosaur bones, shale, clay, siltstone & ss; fresh-water snails & clams",false,false,
101,18,18,CRETACEOUS,Straight Cliffs Fm,Upper Member,Upper Member,,800,800,800,,87 m.y. ash bed in mudstone & sandstone; oysters & rare ammonites & shark teeth,false,false,
101,19,19,CRETACEOUS,Straight Cliffs Fm,Tibbit Canyon Mbr,Tibbit Canyon Member,,280-440,280,440,,"mostly sandstone, forms cliffs",false,false,
101,20,20,CRETACEOUS,Iron Springs Fm (mostly west of Cedar City),Tropic Shale,Tropic Shale,,20-650,20,650,,sandy mudstone; marine,false,false,
101,21,21,CRETACEOUS,Naturita Fm,Coal member,Coal member,,200-300,200,300,,coal in Cedar Canyon,false,false,
101,22,22,CRETACEOUS,Naturita Fm,Lower member,Lower member,,350-500,350,500,,bentonitic shale; numerous landslides,false,false,
101,23,23,CRETACEOUS,,Cedar Mountain Formation,Cedar Mountain Formation,,30-300,30,300,,98 m.y. Ar/Ar ash bed; MAJOR UNCONFORMITY,false,false,
101,24,24,JURASSIC,Carmel Formation,Winsor Member,Winsor Member,,180,180,180,,,false,false,
101,25,25,JURASSIC,Carmel Formation,Paria River Member,Paria River Member,,200,200,200,,gypsum; some limestone,false,false,
101,26,26,JURASSIC,Carmel Formation,Crystal Creek Mbr,Crystal Creek Member,,200,200,200,,red sandstone,false,false,
101,27,27,JURASSIC,Carmel Formation,Co-op Creek Member,Co-op Creek Member,,500,500,500,,called “Homestake Ls” at iron mines; host for ore; J-2 UNCONFORMITY,false,false,
101,28,28,JURASSIC,,Temple Cap Formation,Temple Cap Formation,,50,50,50,,siltstone & gypsum,false,false,
101,29,29,JURASSIC,,Navajo Sandstone,Navajo Sandstone,,1400,1400,1400,,"J-1 UNCONFORMITY; cross-bedded, red eolian sandstone",false,false,
101,30,30,JURASSIC,,Cedar City Tongue,Cedar City Tongue,,400,400,400,,stream-laid red sandstone & siltstone,false,false,
101,31,31,JURASSIC,Kayenta Fm,Shurtz Tongue of Navajo Ss,Shurtz Tongue of Navajo Sandstone,,400,400,400,,eolian sandstone,false,false,
101,32,32,JURASSIC,Kayenta Fm,,,,200,200,200,,stream-laid sandstone,false,false,
101,33,33,TRIASSIC,Moenave Fm,Springdale Ss Mbr,Springdale Sandstone Member,,150,150,150,,pink sandstone,false,false,
101,34,34,TRIASSIC,Moenave Fm,Dinosaur Canyon Mbr,Dinosaur Canyon Member,,200,200,200,,vermilion sand & siltstone,false,false,
101,35,35,TRIASSIC,Chinle Fm,Petrified Forest Member,Petrified Forest Member,,400,400,400,,"multicolored mudstone with few sandstone beds, some Owl Rock Mbr?",false,false,
101,36,36,TRIASSIC,Moenkopi Formation,Upper red member,Upper red member,,250,250,250,,sandstone & siltstone,false,false,
101,37,37,TRIASSIC,Moenkopi Formation,Shnabkaib Mbr,Shnabkaib Member,,400,400,400,,red & white bacon-striped gypsum & siltstone,false,false,
101,38,38,TRIASSIC,Moenkopi Formation,Middle red member,Middle red member,,340,340,340,,siltstone & sandstone,false,false,
101,39,39,TRIASSIC,Moenkopi Formation,Virgin Ls Member,Virgin Limestone Member,,130,130,130,,marine limestone & shale,false,false,
101,40,40,TRIASSIC,Moenkopi Formation,Lower red member,Lower red member,,250,250,250,,,false,false,
101,41,41,TRIASSIC,Moenkopi Formation,Timpoweap Member,Timpoweap Member,,400,400,400,,1985 ARCO well at Three Peaks & 1975 Odessa well 3 miles west of Cedar City,false,true,
101,42,42,PERMIAN,,Kaibab Formation,Kaibab Formation,,430,430,430,,,false,false,
101,43,43,PERMIAN,,Toroweap Formation,Toroweap Formation,,470,470,470,,,false,false,
101,44,44,PERMIAN,,Queantoweap Sandstone,Queantoweap Sandstone,,970,970,970,,,false,false,
101,45,45,PERMIAN,,Pakoon Dolomite,Pakoon Dolomite,,730,730,730,,,false,false,
101,46,46,P,,Callville Limestone,Callville Limestone,,830,830,830,,cyclic limestone-sandstone interbeds,false,false,
101,47,47,M,,Redwall Limestone,Redwall Limestone,,700,700,700,,cherty limestone contains fossil corals,false,false,
101,48,48,D,,Devonian dolomite,Devonian dolomite,,450,450,450,,,false,false,
102,1,1,Q,,Alluvial & landslide deposits,Alluvial & landslide deposits,,0-150,0,150,,Post-Iron Axis Rocks,false,true,
102,2,1,Q,,Basaltic lava flows,Basaltic lava flows,,0-200,0,200,,"see Biek et al., 2008",false,false,
102,3,1,Q,,Boulder deposits,Boulder deposits,,0-400,0,400,,monzonite boulders,false,false,
102,4,1,PLIO,,Eight Mile Dacite,Eight Mile Dacite,,0-500,0,500,,dacite porphyry flows of volcanic domes,false,false,
102,5,1,PLIO,,Older piedmont alluvium,Older piedmont alluvium,,0-300,0,300,,,false,false,
102,6,1,PLIO,,Older basaltic lava flows,Older basaltic lava flows,,0-200,0,200,,olivine-augite basalt,false,false,
102,7,1,MIOCENE,,Alluvial deposits of Spring Creek,Alluvial deposits of Spring Creek,,0-300,0,300,,,false,false,
102,8,1,MIOCENE,,Racer Canyon Tuff,Racer Canyon Tuff,,0-300,0,300,,"Bsn-Rng UNCONFORMITY; 18.6-18.9 m.y., rhyolitic",false,false,
102,9,2,MIOCENE,,Pine Valley monzonite porphyry laccolith,Pine Valley monzonite porphyry laccolith,,,,,,20.5 m.y.; Iron Axis Rocks,false,true,
102,10,2,MIOCENE,Pine Valley latitic lava flows,Timber Mtn flows,Timber Mtn flows,,0-2000,0,2000,,"crystal-rich, augite-biotite latitic porphyry lava flows with platy parting; phenocrysts of plagioclase & sanidine in a glassy matrix",false,false,
102,11,2,MIOCENE,Pine Valley latitic lava flows,Rencher Peak flow,Rencher Peak flow,,0-1500,0,1500,,Rencher Peak is a single thick flow,false,false,
102,12,2,MIOCENE,,Page Ranch Formation,Page Ranch Formation,,0-400,0,400,,volcaniclastic breccia,false,false,
102,13,2,MIOCENE,,Stoddard Mountain laccolith,Stoddard Mountain laccolith,,,,,,,false,false,
102,14,2,MIOCENE,,Volcanic rocks of Comanche Canyon,Volcanic rocks of Comanche Canyon,,0-500,0,500,,lava-flow member,false,false,
102,15,2,MIOCENE,,Volcanic rocks of Comanche Canyon,Volcanic rocks of Comanche Canyon,,200,200,200,,ash-flow member,false,false,
102,16,2,MIOCENE,Rencher Formation,Upper ash-flow,Upper ash-flow,,0-150,0,150,,"crystal-rich tuff with phenocrysts of plagioclase, biotite, & pyroxene 21.5 m.y.",false,false,
102,17,2,MIOCENE,Rencher Formation,Lower ash-flow,Lower ash-flow,,0-350,0,350,,,false,false,
102,18,2,MIOCENE,,Pinto Peak laccolith,Pinto Peak laccolith,,,,,,intrusion is a quartz monzonite porphyry; Rocks of Paradise came from its eruption,false,false,
102,19,2,MIOCENE,Rocks of Paradise,Sandstone mbr,Sandstone mbr,,0-25,0,25,,,false,false,
102,20,2,MIOCENE,Rocks of Paradise,Upper lava flow mbr,Upper lava flow mbr,,0-600,0,600,,,false,false,
102,21,2,MIOCENE,Rocks of Paradise,Lower lava flow mbr,Lower lava flow mbr,,0-400,0,400,,,false,false,
102,22,2,MIOCENE,Rocks of Paradise,Ash-flow tuff mbr,Ash-flow tuff mbr,,0-300,0,300,,21.9 m.y.,false,false,
102,23,3,MIOCENE,,unnamed volcanic rocks,unnamed volcanic rocks,,0-80,0,80,,andesitic lava flows; Pre-Iron Axis Volcanic Rocks,false,true,
102,24,3,MIOCENE,Quichapa Group,Harmony Hills Tuff,Harmony Hills Tuff,,100-320,100,320,,"crystal-rich, ash-flow tuff; 22.5 m.y.",false,false,
102,25,3,MIOCENE,Quichapa Group,Little Creek Andesite,Little Creek Andesite,,0-600,0,600,,allochthonous in slide sheets,false,false,
102,26,3,MIOCENE,Condor Canyon Fm,Bauers Tuff M,Bauers Tuff Member,,80-200,80,200,,"crystal-poor, ash-flow tuff 23 m.y.",false,false,
102,27,3,MIOCENE,Condor Canyon Fm,Swett Tuff M,Swett Tuff Member,,0-30,0,30,,,false,false,
102,28,3,MIOCENE,Quichapa Group,Leach Canyon Fm,Leach Canyon Formation,,150-500,150,500,,"ash-flow tuff with plagioclase, quartz, & sanidine 24 m.y.",false,false,
102,29,3,OLIG,Isom Fm,Hole-in-the-Wall Tuff Mbr,Hole-in-the-Wall Tuff Member,,40,40,40,,crystal-poor with flattened vesicles; 25.6 m.y.,false,false,
102,30,3,OLIG,Isom Fm,Bald Hills Tuff Mbr,Bald Hills Tuff Member,,50-100,50,100,,27.3-27.9 m.y.,false,false,
102,31,3,OLIG,,Wah Wah Springs Fm,Wah Wah Springs Formation,,0-30,0,30,,crystal-rich ash-flow tuff 30.06 ± 0.05 m.y.,false,false,
102,32,4,PAL-EOC,,Claron Formation,Claron Formation,,450-700,450,700,,lacustrine limestone and fluvial sandstone and mudstone; varicolored red and white; Pre-Iron Axis Sedimentary Rocks,false,true,
102,33,4,CRETACEOUS,,Iron Springs Formation,Iron Springs Formation,,3500-4200,3500,4200,,"cyclic interbeds of mudstone, siltstone & sandstone with a few thin coal beds, locally bentonitic",false,false,
102,34,4,CRETACEOUS,,Cedar Mountain Formation,Cedar Mountain Formation,,0-100,0,100,,"pebble conglomerate, sandstone matrix",false,false,
102,35,4,JURASSIC,Carmel Fm,Winsor Member,Winsor Member,,0-300,0,300,,on east side only,false,false,
102,36,4,JURASSIC,Carmel Fm,Paria River Member,Paria River Member,,0-160,0,160,,alabaster gypsum,false,false,
102,37,4,JURASSIC,Carmel Fm,Crystal Creek Member,Crystal Creek Member,,200,200,200,,,false,false,
102,38,4,JURASSIC,Carmel Fm,Co-op Creek Member,Co-op Creek Member,,500,500,500,,Isocrinus; J-2 UNCONFORMITY,false,false,
102,39,4,JURASSIC,,Temple Cap Fm,Temple Cap Formation,,200,200,200,,J-1 UNCONFORMITY,false,false,
102,40,4,JURASSIC,,Navajo Sandstone,Navajo Sandstone,,2000,2000,2000,,"red and orange cross-bedded sandstone with well-rounded, frosted sand grains",false,false,
102,41,4,JURASSIC,,Kayenta Formation,Kayenta Formation,,800,800,800,,vermilion siltstone and mudstone with fluvial sandstones in upper part,false,false,
103,1,1,Q,,"Alluvium, dune sand","Alluvium, dune sand",,0-100,0,100,,,false,false,
103,2,1,Q,,Gunlock basalt flows,Gunlock basalt flows,,0-60,0,60,,1.0-1.6 m.y.,false,false,
103,3,1,P,,"Alluvium, landslides, breccia","Alluvium, landslides, breccia",,0-150,0,150,,6-10 m.y.; camel tracks & bones,false,false,
103,4,1,MIOCENE,,Muddy Creek Fm,Muddy Creek Formation,,0-1000+,0,1000,,,false,false,
103,5,2,MIOCENE,,Ox Valley Tuff,Ox Valley Tuff,,0-500,0,500,,12-15 m.y.; Basin-Range UNCONFORMITY,false,false,
103,6,3,MIOCENE,,Cove Mountain Fm,Cove Mountain Formation,,0-700,0,700,,19 m.y.,false,false,
103,7,3,MIOCENE,,Rencher Formation,Rencher Formation,,0-300,0,300,,,false,false,
103,8,3,MIOCENE,,Quichapa Volcanic Group,Quichapa Volcanic Group,,0-1500,0,1500,,22.6-24 m.y.; see Chart 102,false,false,
103,9,4,Φ,,Isom Tuff & sediments,Isom Tuff & sediments,,0-400,0,400,,27-28 m.y. Ar/Ar,false,false,
103,10,5,Φ,,Wah Wah Springs Tuff & seds,Wah Wah Springs Tuff & seds,,0-200,0,200,,30.1 m.y.; red & white,false,false,
103,11,5,PAL,,Claron Formation,Claron Formation,,0-400,0,400,,,false,false,
103,12,5,PAL,,Grapevine Wash Formation,Grapevine Wash Formation,,0-2000,0,2000,,,false,false,
103,13,6,CRET,,Iron Springs Formation,Iron Springs Formation,,2400-3000,2400,3000,,yellowish-gray unfossiliferous calcareous sandstone,false,false,
103,14,6,CRET,,Cedar Mountain Fm,Cedar Mountain Formation,,0-50,0,50,,102 m.y. Ar/Ar; MAJOR UNCONFORMITY,false,false,
103,15,7,JURASSIC,,Carmel Formation (basal Co-op Creek Mbr only),Carmel Formation (basal Co-op Creek Member only),,450-550,450,550,,166-170 m.y. Ar/Ar; J-2 UNCONFORMITY,false,false,
103,16,8,JURASSIC,,Temple Cap Fm,Temple Cap Formation,,450,450,450,,"171-173 m.y. Ar/Ar; red siltstone, sh; J-1 UNCONFORMITY",false,false,
103,17,9,JURASSIC,,Navajo Sandstone,Navajo Sandstone,,2000-2500,2000,2500,,white & red cross-bedded calcareous sandstone,false,false,
103,18,10,JURASSIC,Kayenta Fm,Upper member,Upper member,,800,800,800,,pink sandstone & maroon mudstone,false,false,
103,19,11,JURASSIC,Kayenta Fm,Middle member,Middle member,,1200,1200,1200,,maroon siltstone and sandstone,false,false,
103,20,12,JURASSIC,,Springdale Ss Mbr,Springdale Sandstone Member,,150,150,150,,Whitmore Point Mbr,false,false,
103,21,13,JURASSIC,,Moenave Fm,Moenave Formation,,380,380,380,,Dinosaur Conglomerate Mbr,false,false,
103,22,14,TRIASSIC,Chinle Fm,Petrified Forest Member,Petrified Forest Member,,700,700,700,,varicolored mudstone,false,false,
103,23,15,TRIASSIC,Chinle Fm,Shinarump Cg M,Shinarump Conglomerate Member,,100-260,100,260,,petrified wood,false,false,
103,24,16,TRIASSIC,Moenkopi Fm,Upper red mbr,Upper red mbr,,500-600,500,600,,maroon sandstone & siltstone,false,false,
103,25,17,TRIASSIC,Moenkopi Fm,Shnabkaib Member,Shnabkaib Member,,800-870,800,870,,gypsum,false,false,
103,26,18,TRIASSIC,Moenkopi Fm,Middle red mbr,Middle red mbr,,300-350,300,350,,gypsiferous red shale,false,false,
103,27,19,TRIASSIC,Moenkopi Fm,Virgin Ls Mbr,Virgin Limestone Member,,180-300,180,300,,marine shale & limestone,false,false,
103,28,20,TRIASSIC,Moenkopi Fm,Lower red mbr,Lower red mbr,,0-150,0,150,,Rock Canyon Cg locally,false,false,
103,29,21,PERMIAN,Kaibab Fm,Harrisburg Mbr,Harrisburg Member,,80-350,80,350,,"gypsum, limestone",false,false,
103,30,22,PERMIAN,Kaibab Fm,Fossil Mountain M,Fossil Mountain Member,,250-300,250,300,,cherty limestone,false,false,
103,31,23,PERMIAN,Toroweap Fm,Woods Ranch Mbr,Woods Ranch Member,,150-350,150,350,,gypsum,false,false,
103,32,24,PERMIAN,Toroweap Fm,Brady Canyon Mbr,Brady Canyon Member,,200-300,200,300,,cherty limestone,false,false,
103,33,25,PERMIAN,Toroweap Fm,Seligman Mbr,Seligman Member,,100-200,100,200,,gypsum & shale,false,false,
103,34,26,PERMIAN,,Queantoweap Sandstone,Queantoweap Sandstone,,1500-2000,1500,2000,,yellowish-gray sandstone,false,false,
103,35,27,PERMIAN,,Pakoon Dolomite,Pakoon Dolomite,,700-900,700,900,,gypsum,false,false,
103,36,28,IP,,Callville Limestone,Callville Limestone,,1500-2000,1500,2000,,cyclic beds; Lithostrotionella; cherty,false,false,
103,37,29,M,,Redwall Limestone,Redwall Limestone,,700-900,700,900,,Thunder Spring Chert Member,false,false,
103,38,30,D,,Muddy Peak Dolomite,Muddy Peak Dolomite,,700,700,700,,stromatoporoids; * see footnote,false,false,
103,39,31,CAMBRIAN,,Nopah Dolomite,Nopah Dolomite,,1300,1300,1300,,stromatolites,false,false,
103,40,32,CAMBRIAN,,Bonanza King Formation,Bonanza King Formation,,2500,2500,2500,,Crepicephalus; laminated white boundstone,false,false,
103,41,33,CAMBRIAN,,Bright Angel Shale,Bright Angel Shale,,250,250,250,,mottled limestone,false,false,
103,42,34,CAMBRIAN,,Tapeats Quartzite,Tapeats Quartzite,,1200,1200,1200,,locally attenuated during Cretaceous thrusting,false,false,
103,43,35,pЄ,,"gneiss, amphibolite, pegmatite","gneiss, amphibolite, pegmatite",,-,,,,"1730 m.y., see Nelson et al, 2007",false,false,
104,1,1,Q,,Surficial deposits,Surficial deposits,,0-150,0,150,,"BASALT FLOWS Ar/Ar AGES; Santa Clara (C14 age) 27,000; Radio Tower 140,000; Cinder Pits 240,000; Volcano Mtn II 258,000; Gould Wash 278,000; Volcano Mtn I 353,000; The Divide 410,000; Pintura 850,000; Washington 900,000; Ivans Knoll 970,000; Airport 1,230,000; Remnants 1,060,000; Lava Ridge 1,400,000; W. Black Ridge 2,340,000",false,true,
104,2,2,Q,,Basalt flows,Basalt flows,,0-200,0,200,,,false,false,
104,3,3,CRET,,Iron Springs Formation,Iron Springs Formation,,3500,3500,3500,,,false,false,
104,4,4,CRET,,Cedar Mountain Formation,Cedar Mountain Formation,,0-100,0,100,,,false,false,
104,5,5,JURASSIC,Carmel Formation,Paria River Member,Paria River Member,,0-30,0,30,,,false,false,
104,6,6,JURASSIC,Carmel Formation,Crystal Creek Mbr,Crystal Creek Member,,0-140,0,140,,166-169 m.y. Ar/Ar,false,false,
104,7,7,JURASSIC,Carmel Formation,Co-op Creek Mbr,Co-op Creek Member,,130-340,130,340,,"Isocrinus (Pentacrinus), limestone; J-2 UNCONFORMITY",false,false,
104,8,8,JURASSIC,,Temple Cap Formation,Temple Cap Formation,,200,200,200,,"170-173 m.y. Ar/Ar; mustone, siltstone, gypsum",false,false,
104,9,9,JURASSIC,,Navajo Sandstone,Navajo Sandstone,,2000-2300,2000,2300,,"J-1 UNCONFORMITY; red and white cross-bedded eolian sandstone, commonly fractured along vertical joint sets; sand dunes covered most of Utah in early Jurassic time",false,false,
104,10,10,JURASSIC,,Kayenta Formation,Kayenta Formation,,800-900,800,900,,reddish-brown siltstone and sandstone with thin white lake beds in its lower part,false,false,
104,11,11,JURASSIC,Moenave Formation,Springdale Ss Mbr,Springdale Sandstone Member,,100-160,100,160,,"pink & yellow sandstone; see Lucas & Tanner, 2006",false,false,
104,12,12,JURASSIC,Moenave Formation,Whitmore Point Mbr,Whitmore Point Member,,20-125,20,125,,"dinosaur & fish fossils; see Vitkus et al., 2020",false,false,
104,13,13,TRIASSIC,Moenave Formation,Dinosaur Canyon Member,Dinosaur Canyon Member,,160-250,160,250,,"red siltstone & sandstone; period cell boundary falls inside this row (JURASSIC above, TRIASSIC below)",false,false,
104,14,14,TRIASSIC,Chinle Formation,purple “pedogenic” beds,purple “pedogenic” beds,,400-700,400,700,,"multi-colored clay beds that swell & slump when wet causing damage to structures; for correlation with other Chilne units, see Martz et al., 2017",false,false,
104,15,15,TRIASSIC,Chinle Formation,Shinarump Conglomerate Mbr,Shinarump Conglomerate Member,,10-200,10,200,,"coarse sandstone, grit, & picture stone beds",false,false,
104,16,16,TRIASSIC,Moenkopi Formation,Upper red member,Upper red member,,400,400,400,,red siltstone & sandstone with thin white gypsum beds,false,false,
104,17,17,TRIASSIC,Moenkopi Formation,Shnabkaib Member,Shnabkaib Member,,400-700,400,700,,white gypsum beds; “bacon-striped” color,false,false,
104,18,18,TRIASSIC,Moenkopi Formation,Middle red member,Middle red member,,360-500,360,500,,"reddish-brown siltstone, mudstone and thin sandstone beds",false,false,
104,19,19,TRIASSIC,Moenkopi Formation,Virgin Limestone Mbr,Virgin Limestone Member,,75-220,75,220,,3 limestone ledges; gray shale,false,false,
104,20,20,TRIASSIC,Moenkopi Formation,Lower red member,Lower red member,,150-300,150,300,,"reddish-brown siltstone, mudstone, and thin sandstone beds",false,false,
104,21,21,TRIASSIC,Moenkopi Formation,Timpoweap Ls Mbr,Timpoweap Limestone Member,,30-130,30,130,,oil seeps,false,false,
104,22,22,TRIASSIC,Moenkopi Formation,Rock Canyon Cgl Mbr,Rock Canyon Cgl Member,,0-130,0,130,,,false,false,
104,23,23,PERMIAN,Kaibab Formation,Harrisburg Member,Harrisburg Member,,0-300,0,300,,red chert; gypsum,false,false,
104,24,24,PERMIAN,Kaibab Formation,Fossil Mountain Member,Fossil Mountain Member,,200-300,200,300,,brachiopods; black chert beds,false,false,
104,25,25,PERMIAN,Toroweap Formation,Woods Ranch Member,Woods Ranch Member,,130-320,130,320,,gypsum,false,false,
104,26,26,PERMIAN,Toroweap Formation,Brady Canyon Member,Brady Canyon Member,,160-230,160,230,,,false,false,
104,27,27,PERMIAN,Toroweap Formation,Seligman Member,Seligman Member,,30-120,30,120,,,false,false,
104,28,28,PERMIAN,,Queantoweap Sandstone,Queantoweap Sandstone,,1000+,1000,1000,,,false,false,
105,1,1,QUATERNARY,,"Alluvium, dune sand, talus, landslide, & lake deposits","Alluvium, dune sand, talus, landslide, & lake deposits",,0-200,0,200,,large landslides sometimes; dam the river in ZionCanyon; and create lake deposits there,false,false,
105,2,2,QUATERNARY,,Crater Hill basalt flow,Crater Hill basalt flow,,0-400,0,400,,0.12 ± 0.02 m.y.,false,false,
105,3,3,QUATERNARY,,Gould Wash basalt flow,Gould Wash basalt flow,,0-30,0,30,,0.18 ± 0.028; Ar/Ar; these 9,false,false,
105,4,4,QUATERNARY,,Grapevine Wash basalt flows,Grapevine Wash basalt flows,,0-400,0,400,,0.22- 0.31; flows near Zion,false,false,
105,5,5,QUATERNARY,,Hornet Point basalt flow,Hornet Point basalt flow,,0-240,0,240,,0.74 ± 0.05; are only a few; of the many flows,false,false,
105,6,6,QUATERNARY,,Pintura basalt flow,Pintura basalt flow,,0-800,0,800,,0.84 - 0.88; younger than 2,false,false,
105,7,7,QUATERNARY,,Horse Ranch Mtn basalt flow,Horse Ranch Mtn basalt flow,,0-125,0,125,,1.03 ± 0.06; m.y. found in,false,false,
105,8,8,QUATERNARY,,Kolob Peak basalt flow,Kolob Peak basalt flow,,0-100,0,100,,1.05 ± 0.05; southwestern,false,false,
105,9,9,QUATERNARY,,Lava Point basalt flow,Lava Point basalt flow,,0-200,0,200,,1.02 - 1.14; Utah; their ages; help date fault,false,false,
105,10,10,QUATERNARY,,Little Creek basalt flow,Little Creek basalt flow,,0-60,0,60,,1.44 m.y.; activity,false,false,
105,11,11,QUATERNARY,,Old gravel deposits,Old gravel deposits,,0-50,0,50,,,false,false,
105,12,12,CRETACEOUS,Straight Cliffs Fm,Upper member,Upper member,,700+,700,700,,,false,false,
105,13,13,CRETACEOUS,Straight Cliffs Fm,Tibbet Canyon Mbr,Tibbet Canyon Member,,280-440,280,440,,"vertical cliffs, ""Gray Cliffs of the; Grand Staircase""",false,false,
105,14,14,CRETACEOUS,,Tropic Shale,Tropic Shale,,0-650,0,650,,thins westward; septarian nodules,false,false,
105,15,15,CRETACEOUS,Naturita Fm,Coal member,Coal member,,200-300,200,300,,coal; coal,false,false,
105,16,16,CRETACEOUS,Naturita Fm,Lower member,Lower member,,350-500,350,500,,numerous landslides; 93.5 m.y. bentonitic shale; lower coal,false,false,
105,17,17,CRETACEOUS,,Cedar Mountain Fm,Cedar Mountain Formation,,0-100,0,100,,98 m.y. ash bed,false,false,
105,18,18,JURASSIC,Carmel Fm,Winsor Member,Winsor Member,,180-300,180,300,,K UNCONFORMITY; yellow sandstone,false,false,
105,19,19,JURASSIC,Carmel Fm,Paria River Mbr,Paria River Member,,50-160,50,160,,gypsum,false,false,
105,20,20,JURASSIC,Carmel Fm,Crystal Creek Mbr,Crystal Creek Member,,150-250,150,250,,red sandstone,false,false,
105,21,21,JURASSIC,Carmel Fm,Co-op Creek Member,Co-op Creek Member,,300-500,300,500,,"marine limestone, crinoid stars; 166-169 m.y",false,false,
105,22,22,JURASSIC,Temple Cap Fm,White Throne Mbr,White Throne Member,,0-190,0,190,,J-2 UNCONFORMITY; white sandstone,false,false,
105,23,23,JURASSIC,Temple Cap Fm,Sinawava Mbr,Sinawava Member,,10-140,10,140,,170-173 m.y.; red siltstone & shale,false,false,
105,24,24,JURASSIC,,Navajo Sandstone,Navajo Sandstone,,2100-2200,2100,2200,,"J-1 UNCONFORMITY; upper third: white cross-bedded; sandstone; caps the Great White; Throne; middle third: pink cross-bedded; sandstone; contains ironstone; concretions; lower third: red-brown sand-; stone, forms vertical cliff",false,false,
105,25,25,JURASSIC,,Tenney Canyon Tongue,Tenney Canyon Tongue,,140-315,140,315,,Tongue of Kayenta Fm,false,false,
105,26,26,JURASSIC,Kayenta Fm,Lamb Point Tongue,Lamb Point Tongue,,0-120,0,120,,Tongue of Navajo Ss,false,false,
105,27,27,JURASSIC,Kayenta Fm,Main body Kayenta,Main body Kayenta,,290-400,290,400,,red (vermilion) siltstone with; interbeds of stream channel ss,false,false,
105,28,28,JURASSIC,Kayenta Fm,Springdale Ss Mbr,Springdale Sandstone Member,,90-150,90,150,,pinkish-gray sandstone,false,false,
105,29,29,JURASSIC,Moenave Fm,Whitmore Pt Mbr,Whitmore Pt Member,,60-90,60,90,,few fish fragments in shale,false,false,
105,30,30,JURASSIC,Moenave Fm,Dinosaur Canyon M,Dinosaur Canyon Member,,150-270,150,270,,reddish-brown sandstone,false,false,
105,31,31,TRIASSIC,Chinle Fm,upper beds,upper beds,,400-600,400,600,,"J-0 UNCONFORMITY; varicolored claystone, slts, & ss,; see Martz et al., 2017 for members",false,false,
105,32,32,TRIASSIC,Chinle Fm,Shinarump Cg Mbr,Shinarump Conglomerate Member,,60-180,60,180,,TR-3 UNCONFORMITY,false,false,
105,33,33,TRIASSIC,Moenkopi Fm,Upper red member,Upper red member,,250-450,250,450,,brick-red siltstone & sandstone,false,false,
105,34,34,TRIASSIC,Moenkopi Fm,Shnabkaib Mbr,Shnabkaib Member,,400-500,400,500,,interbedded red siltstone &; white gypsum; bacon-striped,false,false,
105,35,35,TRIASSIC,Moenkopi Fm,Middle red member,Middle red member,,400-550,400,550,,"reddish-brown siltstone,; mudstone & sandstone",false,false,
105,36,36,TRIASSIC,Moenkopi Fm,Virgin Ls Member,Virgin Limestone Member,,100-200,100,200,,gray ls ledges with shale interbeds,false,false,
105,37,37,TRIASSIC,Moenkopi Fm,Lower red member,Lower red member,,250-280,250,280,,red siltstone with gypsum veins,false,false,
105,38,38,TRIASSIC,Moenkopi Fm,Timpoweap Mbr,Timpoweap Member,,60-130,60,130,,gray limestone,false,false,
105,39,39,TRIASSIC,Moenkopi Fm,Rock Canyon Cg M,Rock Canyon Conglomerate Member,,0-90,0,90,,chert-pebble conglomerate; TR-1 UNCONFORMITY,false,false,
105,40,40,PERMIAN,Kaibab Fm,Harrisburg Mbr,Harrisburg Member,,100-160,100,160,,gypsum & limestone,false,false,
105,41,41,PERMIAN,Kaibab Fm,Fossil Mtn Mbr,Fossil Mtn Member,,200-250,200,250,,"cherty, fossiliferous limestone",false,false,
105,42,42,PERMIAN,Toroweap Fm,Woods Ranch M,Woods Ranch Member,,140-170,140,170,,gypsum & shale,false,false,
105,43,43,PERMIAN,Toroweap Fm,Brady Canyon Mbr,Brady Canyon Member,,180,180,180,,cherty limestone,false,false,
105,44,44,PERMIAN,Toroweap Fm,Seligman Member,Seligman Member,,130,130,130,,gypsum & shale,false,false,
105,45,45,PERMIAN,,Queantoweap Sandstone,Queantoweap Sandstone,,1300,1300,1300,,tan & red sandstone; subsurface at Zion NP; known from wells,false,false,
105,46,46,PERMIAN,,Pakoon Dolomite,Pakoon Dolomite,,700,700,700,,,false,false,
105,47,47,IP,,Callville Limestone,Callville Limestone,,650,650,650,,,false,false,
105,48,48,M,,Redwall Limestone,Redwall Limestone,,1000,1000,1000,,cherty,false,false,
105,49,49,D,,"Ouray-Elbert Fm, undivided","Ouray-Elbert Formation, undivided",,230,230,230,,Muddy Peak equivalent,false,false,
105,50,50,CAMB,,Nopah Dolomite,Nopah Dolomite,,1000,1000,1000,,,false,false,
105,51,51,CAMB,,Muav Limestone,Muav Limestone,,1000,1000,1000,,,false,false,
105,52,52,CAMB,,Bright Angel Shale,Bright Angel Shale,,500,500,500,,,false,false,
105,53,53,CAMB,,Tapeats Sandstone,Tapeats Sandstone,,500,500,500,,,false,false,
105,54,54,pꞒ,,schist,schist,,-,,,,,false,false,
106,1,1,Q,,"Alluvial, eolian, & landslide deps","Alluvial, eolian, & landslide deps",,0-100,0,100,,,false,false,
106,2,2,Q,,Basalt flows & cones,Basalt flows & cones,,0-200,0,200,,1.1 m.y. at Tenny Creek,false,false,
106,3,3,P,,Older terrace deposits,Older terrace deposits,,0-100,0,100,,,false,false,
106,4,4,Φ,,Brian Head Formation,Brian Head Formation,,400,400,400,,33 m.y.,false,false,
106,5,5,EO,Claron Fm,White member,White member,,100-200,100,200,,GRAND STAIR CASE,false,false,
106,6,6,EO,Claron Fm,Pink member,Pink member,,500,500,500,,PINK CLIFFS; fresh-water limestone,false,false,
106,7,7,PA,,Canaan Peak Formation,Canaan Peak Formation,,0-50,0,50,,MAJOR UNCONFORMTIY,false,false,
106,8,8,CRETACEOUS,,Wahweap Formation,Wahweap Formation,,300-600,300,600,,"reptile bones, rare",false,false,
106,9,9,CRETACEOUS,Straight Cliffs Fm,Drip Tank Member,Drip Tank Member,,50-100,50,100,,,false,false,
106,10,10,CRETACEOUS,Straight Cliffs Fm,John Henry Member,John Henry Member,,800,800,800,,GRAY CLIFFS,false,false,
106,11,11,CRETACEOUS,Straight Cliffs Fm,Smoky Hollow Mbr,Smoky Hollow Member,,165-250,165,250,,*Note: these formations pinch out or thin to the East,false,true,
106,12,12,CRETACEOUS,Straight Cliffs Fm,Tibbet Canyon Mbr,Tibbet Canyon Member,,80-330,80,330,,,false,false,
106,13,13,CRETACEOUS,,Tropic Shale,Tropic Shale,,300-1000,300,1000,,marine fossils; Smirl coal zone,false,false,
106,14,14,CRETACEOUS,,Naturita Formation,Naturita Formation,,750-200*,200,750,,93.5 m.y.; Bald Knoll coal zone,false,false,
106,15,15,JURASSIC,,Entrada Sandstone,Entrada Sandstone,,0-100,0,100,,cut out by unconformity to west,false,false,
106,16,16,JURASSIC,Carmel Fm,Winsor Member,Winsor Member,,200-300,200,300,,gypsiferous,false,false,
106,17,17,JURASSIC,Carmel Fm,Paria River Member,Paria River Member,,50-150,50,150,,gypsum,false,false,
106,18,18,JURASSIC,Carmel Fm,Thousand Pockets Ss Tg,Thousand Pockets Sandstone Tg,,0-80,0,80,,tongue of Page Sandstone,false,false,
106,19,19,JURASSIC,Carmel Fm,Crystal Creek Member,Crystal Creek Member,,150-180,150,180,,,false,false,
106,20,20,JURASSIC,Carmel Fm,Co-op Creek Member,Co-op Creek Member,,200-80*,80,200,,166-169 m.y. Ar/Ar ash bed; marine fossils,false,false,
106,21,21,JURASSIC,Temple Cap Fm,White Throne Ss Mbr,White Throne Sandstone Member,,0-160,0,160,,J-2 UNCONFORMITY,false,false,
106,22,22,JURASSIC,Temple Cap Fm,Sinawava Member,Sinawava Member,,0-50,0,50,,,false,false,
106,23,23,JURASSIC,,Navajo Sandstone,Navajo Sandstone,,1700-2000,1700,2000,,J-1 UNCONFORMITY; WHITE CLIFFS,false,false,
106,24,24,JURASSIC,,Tenney Canyon Tongue,Tenney Canyon Tongue,,320-0*,0,320,,pinches out to East,false,false,
106,25,25,JURASSIC,Kayenta Fm,"Lamb Point Tongue, N.S.","Lamb Point Tongue, N.S.",,0-450,0,450,,tongue of Navajo Ss,false,false,
106,26,26,JURASSIC,Kayenta Fm,Main body Kayenta,Main body Kayenta,,600-120*,120,600,,,false,false,
106,27,27,JURASSIC,,Springdale Ss Mbr,Springdale Sandstone Member,,100-200,100,200,,VERMILION CLIFFS,false,false,
106,28,28,JURASSIC,Moenave Fm,Whitmore Point Mbr,Whitmore Point Member,,20-80,20,80,,fossil fish,false,false,
106,29,29,JURASSIC,Moenave Fm,Dinosaur Canyon Mbr,Dinosaur Canyon Member,,400-150*,150,400,,J-0 UNCONFORMITY,false,false,
106,30,30,TRIASSIC,Chinle Fm,Petrified Forest Member,Petrified Forest Member,,400-800,400,800,,"fossil wood, landslide prone",false,false,
106,31,31,TRIASSIC,Chinle Fm,Shinarump Cg Mbr,Shinarump Conglomerate Member,,0-160,0,160,,pebble cg & sandstone; Tr-3 UNCONFORMITY,false,false,
106,32,32,TRIASSIC,Moenkopi Fm,Upper red member,Upper red member,,100-160,100,160,,CHOCOLATE CLIFFS,false,false,
106,33,33,TRIASSIC,Moenkopi Fm,Shnabkaib Member,Shnabkaib Member,,165-220,165,220,,red &white bacon-striped gypsum & siltstone,false,false,
106,34,34,TRIASSIC,Moenkopi Fm,Middle red member,Middle red member,,280-370,280,370,,,false,false,
106,35,35,TRIASSIC,Moenkopi Fm,Virgin Limestone Mbr,Virgin Limestone Member,,20-0*,0,20,,pinches out eastward; marine fossils,false,false,
106,36,36,TRIASSIC,Moenkopi Fm,Lower red member,Lower red member,,140-220,140,220,,,false,false,
106,37,37,TRIASSIC,Moenkopi Fm,Timpoweap Member,Timpoweap Member,,20-50,20,50,,Tr-1 UNCONFORMITY,false,false,
106,38,38,PERMIAN,Kaibab Fm,Harrisburg Member,Harrisburg Member,,80,80,80,,gypsum,false,false,
106,39,39,PERMIAN,Kaibab Fm,Fossil Mtn Member,Fossil Mtn Member,,200,200,200,,,false,false,
106,40,40,PERMIAN,Toroweap Fm,Woods Ranch Member,Woods Ranch Member,,150,150,150,,gypsum,false,false,
106,41,41,PERMIAN,Toroweap Fm,Brady Canyon Mbr,Brady Canyon Member,,100,100,100,,,false,false,
106,42,42,PERMIAN,,Coconino Sandstone,Coconino Sandstone,,60-0*,0,60,,"pinches out eastward, white ss",false,false,
106,43,43,PERMIAN,,Hermit Formation,Hermit Formation,,600,600,600,,red-brown shaly siltstone & ss,false,false,
106,44,44,PERMIAN,,Esplanade Sandstone,Esplanade Sandstone,,400,400,400,,subsurface,false,false,
106,45,45,P,,Lower Supai Group,Lower Supai Group,,600,600,600,,,false,false,
106,46,46,MISS,Redwall Limestone,Horseshoe Mesa Mbr,Horseshoe Mesa Member,,250,250,250,,cherty,false,false,
106,47,47,MISS,Redwall Limestone,Mooney Falls Mbr,Mooney Falls Member,,240,240,240,,,false,false,
106,48,48,MISS,Redwall Limestone,Thunder Springs Mbr,Thunder Springs Member,,200,200,200,,cherty,false,false,
106,49,49,MISS,Redwall Limestone,Whitmore Wash Mbr,Whitmore Wash Member,,100,100,100,,,false,false,
106,50,50,D,,Ouray Limestone,Ouray Limestone,,0-150,0,150,,,false,false,
106,51,51,D,,Temple Butte Limestone,Temple Butte Limestone,,300,300,300,,Elbert equivalent; MAJOR UNCONFORMITY; Frenchman Mtn Dolomite of Chart 109,false,true,
106,52,52,CAMBRIAN,,Nopah Dolomite,Nopah Dolomite,,600,600,600,,,false,false,
106,53,52,CAMBRIAN,,Muav Limestone,Muav Limestone,,450,450,450,,,false,false,
106,54,53,CAMBRIAN,,Bright Angel Shale,Bright Angel Shale,,400,400,400,,,false,false,
106,55,54,CAMBRIAN,,Tapeats Sandstone,Tapeats Sandstone,,0-300,0,300,,MAJOR UNCONFORMITY,false,false,
106,56,55,pЄ,,Grand Canyon Group,Grand Canyon Group,,800+,800,800,,,false,false,
107,1,1,Q,,"Alluvium, surficial rocks","Alluvium, surficial rocks",,0-200,0,200,,,false,false,
107,2,2,Q,,Basalt flows,Basalt flows,,0-150,0,150,,0.5 m.y. Ar/Ar north of road; 4.98 m.y. Ar/Ar south of road near Red Canyon,false,true,
107,3,3,M-P,,Sevier River Fm & old fan deposits,Sevier River Formation & old fan deposits,,0-1000,0,1000,,,false,false,
107,4,4,M-P,,Limerock Canyon Fm,Limerock Canyon Formation,,290,290,290,,20-21 m.y.,false,false,
107,5,4,OLIG,,Mount Dutton Formation,Mount Dutton Formation,,0-1000,0,1000,,23-26 m.y.,false,false,
107,6,5,OLIG,,Isom Formation,Isom Formation,,0-100,0,100,,27 m.y. Ar/Ar,false,false,
107,7,6,OLIG,,Brian Head Formation,Brian Head Formation,,0-200,0,200,,33 m.y.,false,false,
107,8,7,OLIG,,Conglomerate of Boat Mesa,Conglomerate of Boat Mesa,,0-100,0,100,,,false,false,
107,9,8,PALEO-EO,Claron Formation,Sandstone mbr,Sandstone mbr,,200-400,200,400,,,false,false,
107,10,9,PALEO-EO,Claron Formation,White limestone mbr,White limestone mbr,,200-550,200,550,,BRYCE CANYON NATIONAL PARK,false,false,
107,11,10,PALEO-EO,Claron Formation,Pink member,Pink member,,700-900,700,900,,"Claron Fm beds include paleosols, lake, marsh, and fluvial deposits",false,false,
107,12,11,PALEO-EO,,Pine Hollow Formation,Pine Hollow Formation,,0-450,0,450,,gray mudstone,false,false,
107,13,12,PALEO-EO,,Grand Castle Fm,Grand Castle Formation,,0-200,0,200,,TABLE CLIFF AREA,false,false,
107,14,13,PALEO-EO,,Canaan Peak Fm,Canaan Peak Formation,,0-700,0,700,,includes Cretaceous igneous pebbles,false,false,
107,15,14,CRETACEOUS,,Kaiparowits Formation,Kaiparowits Formation,,1200-3000,1200,3000,,76.0 to 76.3 m.y. ash bed; duck-bill dinosaurs; greenish gray shale,false,false,
107,16,15,CRETACEOUS,,Wahweap Formation,Wahweap Formation,,700-1400,700,1400,,light-gray to white sandstone; 80.6 m.y.,false,false,
107,17,16,CRETACEOUS,Straight Cliffs Fm,Drip Tank Mbr,Drip Tank Member,,200-300,200,300,,,false,false,
107,18,17,CRETACEOUS,Straight Cliffs Fm,John Henry Member,John Henry Member,,800-1000,800,1000,,coal,false,false,
107,19,18,CRETACEOUS,Straight Cliffs Fm,Smoky Hollow M,Smoky Hollow Member,,100-300,100,300,,,false,false,
107,20,19,CRETACEOUS,Straight Cliffs Fm,Tibbet Canyon M,Tibbet Canyon Member,,80-100,80,100,,,false,false,
107,21,20,CRETACEOUS,,Tropic Shale,Tropic Shale,,600-900,600,900,,marine fossils,false,false,
107,22,21,CRETACEOUS,,Naturita Formation,Naturita Formation,,100-300,100,300,,UNCONFORMITY,false,false,
107,23,22,CRETACEOUS,,Cedar Mountain Fm,Cedar Mountain Formation,,0-50,0,50,,UNCONFORMITY,false,false,
107,24,23,JURASSIC,Entrada Sandstone,Escalante Mbr,Escalante Member,,110,110,110,,"""Henrieville Sandstone""",false,false,
107,25,24,JURASSIC,Entrada Sandstone,Cannonville Mbr,Cannonville Member,,140-300,140,300,,"light greenish gray, spectacular sandstone pipes cut vertically through these members",false,true,
107,26,25,JURASSIC,Entrada Sandstone,Gunsight Butte M,Gunsight Butte Member,,150-280,150,280,,,false,false,
107,27,26,JURASSIC,Carmel Fm,Winsor Member,Winsor Member,,260-305,260,305,,gypsum; reddish-brown sandstone,false,false,
107,28,27,JURASSIC,Carmel Fm,Paria River Mbr,Paria River Member,,200,200,200,,"gypsum, limestone & sandstone",false,false,
107,29,28,JURASSIC,Carmel Fm,Thousand PocketsTng,Thousand PocketsTng,,20-70,20,70,,gray cross-bedded sandstone,false,false,
107,30,29,JURASSIC,Carmel Fm,Judd Hollow Mbr,Judd Hollow Member,,100-200,100,200,,red shale & calcareous ss,false,false,
107,31,30,JURASSIC,,Navajo Sandstone,Navajo Sandstone,,1500-1700,1500,1700,,J-1 UNCONFORMITY; large-scale festoon cross-bedding; subsurface,false,false,
107,32,31,JURASSIC,,Kayenta Formation,Kayenta Formation,,200-450,200,450,,,false,false,
107,33,32,JURASSIC,,Wingate Sandstone,Wingate Sandstone,,75-300,75,300,,J-0 UNCONFORMITY,false,false,
107,34,33,TRIASSIC,Chinle Fm,Upper member,Upper member,,450-700,450,700,,,false,false,
107,35,34,TRIASSIC,Chinle Fm,Shinarump Cg M,Shinarump Conglomerate Member,,60-100,60,100,,Tr-3 UNCONFORMITY,false,false,
107,36,35,TRIASSIC,Moenkopi Fm,Upper member,Upper member,,800-1000,800,1000,,,false,false,
107,37,36,TRIASSIC,Moenkopi Fm,Timpoweap Mbr,Timpoweap Member,,60-220,60,220,,Tr-1 UNCONFORMITY,false,false,
107,38,36,PERMIAN,,Kaibab Limestone,Kaibab Limestone,,120-230,120,230,,light gray dolomite,false,false,
107,39,37,PERMIAN,,White Rim Sandstone,White Rim Sandstone,,140-200,140,200,,,false,false,
107,40,38,PERMIAN,,Toroweap Fm,Toroweap Formation,,350-450,350,450,,anhydrite beds,false,false,
107,41,39,PERMIAN,Cutler Group,Organ Rock Sh,Organ Rock Shale,,50-200,50,200,,,false,false,
107,42,40,PERMIAN,Cutler Group,Cedar Mesa Sandstone,Cedar Mesa Sandstone,,700-1400,700,1400,,,false,false,
107,43,41,PERMIAN,Cutler Group,Halgaito Tongue,Halgaito Tongue,,350,350,350,,IP-P UNCONFORMITY,false,false,
107,44,42,IP,,Hermosa Formation,Hermosa Formation,,350-500,350,500,,,false,false,
107,45,43,IP,,Molas Fm,Molas Formation,,40-70,40,70,,M-IP UNCONFORMITY,false,false,
107,46,44,M,,Redwall Limestone,Redwall Limestone,,900,900,900,,D-M UNCONFORMITY,false,false,
107,47,45,D,,Ouray Ls,Ouray Limestone,,100-150,100,150,,conodonts abundant,false,false,
107,48,46,D,,Elbert Fm,Elbert Formation,,250-300,250,300,,Є-D UNCONFORMITY,false,false,
107,49,46,CAMB,,Muav Limestone,Muav Limestone,,900,900,900,,,false,false,
107,50,47,CAMB,,Bright Angel Shale,Bright Angel Shale,,600,600,600,,,false,false,
107,51,48,CAMB,,Tapeats Sandstone,Tapeats Sandstone,,300,300,300,,feldspathic,false,false,
107,52,49,pЄ,,Basement unidentified,Basement unidentified,,-,,,,not drilled yet,false,false,
108,1,1,QUAT,,"Alluvium, terrace gravel","Alluvium, terrace gravel",,0-100,0,100,,also talus & landslides,false,false,
108,2,2,QUAT,,Basalt flows,Basalt flows,,0-500,0,500,,within the last 1.2 m.y. basalt flows have dammed the western Grand Canyon 12 times creating lakes up to 100 miles long; Grand Canyon cutting began 6 m.y. ago,false,true,
108,3,3,E,,Eocene fluviolacustrine deposits,Eocene fluviolacustrine deposits,,0-200,0,200,,,false,false,
108,4,4,TR,,Moenkopi Formation,Moenkopi Formation,,0-400,0,400,,mostly eroded from Grand Canyon rim; forms reddish-brown soils along flanks of Grand Canyon uplift,false,false,
108,5,5,PERMIAN,Kaibab Fm,Harrisburg Mbr,Harrisburg Member,,80-300,80,300,,"gypsum, dolomite, chert",false,false,
108,6,6,PERMIAN,Kaibab Fm,Fossil Mountain Member,Fossil Mountain Member,,230-350,230,350,,"GRAND CANYON RIMROCK; cherty limestone with abundant brachiopods, bryozoa, & corals",false,false,
108,7,7,PERMIAN,Toroweap Fm,Woods Ranch Mbr,Woods Ranch Member,,65-200,65,200,,"gypsum, limestone & sandstone",false,false,
108,8,8,PERMIAN,Toroweap Fm,Brady Canyon Mbr,Brady Canyon Member,,40-130,40,130,,limestone to dolomite in east,false,false,
108,9,9,PERMIAN,Toroweap Fm,Seligman Member,Seligman Member,,30-60,30,60,,gypsum & sandstone,false,false,
108,10,10,PERMIAN,,Coconino Sandstone,Coconino Sandstone,,60-600,60,600,,eolian cross-bedded sandstone; forms conspicuous tan cliff; thins eastward,false,false,
108,11,11,PERMIAN,,Hermit Formation,Hermit Formation,,100-900,100,900,,"slope-forming red siltstone, mudstone, & fine-grained sandstone",false,false,
108,12,12,PERMIAN,Supai Group,Esplanade Sandstone,Esplanade Sandstone,,200-800,200,800,,grades westward into the Pakoon Limestone,false,false,
108,13,13,PENN,Supai Group,Wescogame Fm,Wescogame Formation,,100-200,100,200,,cyclic sandstone/ limestone beds,false,false,
108,14,14,PENN,Supai Group,Manakache Fm,Manakache Formation,,150-300,150,300,,quartz sandstone & red shale,false,false,
108,15,15,PENN,Supai Group,Watahomigi Fm,Watahomigi Formation,,100-300,100,300,,red mudstone & gray limestone,false,false,
108,16,16,MISS,,Surprise Canyon Formation,Surprise Canyon Formation,,0-400,0,400,,"channel-fill deposit; abundant corals, brachipods, & crinoids",false,true,
108,17,17,MISS,Redwall Limestone,Horseshoe Mesa Mbr,Horseshoe Mesa Member,,45-125,45,125,,,false,false,
108,18,18,MISS,Redwall Limestone,Mooney Falls Mbr,Mooney Falls Member,,200-400,200,400,,Meramecian conodonts,false,false,
108,19,19,MISS,Redwall Limestone,Thunder Springs Mbr,Thunder Springs Member,,100-150,100,150,,"corals, bryozoans, brachiopods & crinoids, cherty",false,false,
108,20,20,MISS,Redwall Limestone,Whitmore Wash Mbr,Whitmore Wash Member,,100-200,100,200,,Osagean conodonts,false,false,
108,21,21,D,,Temple Butte Formation,Temple Butte Formation,,0-450,0,450,,Polygnathus conodonts,false,false,
108,22,22,CAMBRIAN,,Frenchman Mountain Dolomite,Frenchman Mountain Dolomite,,0-430,0,430,,"see Korolev, 1997",false,false,
108,23,23,CAMBRIAN,,Muav Limestone,Muav Limestone,,140-830,140,830,,forms prominent gray cliffs,false,false,
108,24,24,CAMBRIAN,,Bright Angel Shale,Bright Angel Shale,,270-450,270,450,,Glossopleura trilobite zone; Olenellus trilobite zone,false,false,
108,25,25,CAMBRIAN,,Tapeats Sandstone,Tapeats Sandstone,,0-390,0,390,,550 m.y.,false,false,
108,26,26,NEOPROTEROZOIC,,Sixtymile Formation,Sixtymile Formation,,200,200,200,,MAJOR UNCONFORMITY; ALL BEDS BELOW ARE TILTED,false,false,
108,27,27,NEOPROTEROZOIC,Kwagunt Fm,Walcott Member,Walcott Member,,840,840,840,,black shale; Chuaria; 742 m.y. ash bed; flaky dolomite bed,false,false,
108,28,28,NEOPROTEROZOIC,Kwagunt Fm,Awatubi Member,Awatubi Member,,1230,1230,1230,,argillaceous mudstone & shales; Chuaria; dolomitized stromatolite,false,false,
108,29,29,NEOPROTEROZOIC,Kwagunt Fm,Carbon Butte M,Carbon Butte Member,,250,250,250,,"764 m.y., red & purple mudstone; soft red sandstone",false,false,
108,30,30,NEOPROTEROZOIC,Galeros Fm,Duppa Mbr,Duppa Member,,570,570,570,,argillaceous siltstone,false,false,
108,31,31,NEOPROTEROZOIC,Galeros Fm,Carbon Cnyn Member,Carbon Cnyn Member,,1550,1550,1550,,cherty dolomite & calcareous siltstone; contains mudcracks & ripple marks,false,false,
108,32,32,NEOPROTEROZOIC,Galeros Fm,Jupiter Member,Jupiter Member,,1520,1520,1520,,argillite with thin interbeds of sandstone & siltstone; stromatolitic limestone,false,false,
108,33,33,NEOPROTEROZOIC,Galeros Fm,Tanner Mbr,Tanner Member,,640,640,640,,argillitic shale; dolomite,false,false,
108,34,34,NEOPROTEROZOIC,Nankoweap Formation,Upper member,Upper member,,330,330,330,,fine-grained sandstone,false,false,
108,35,35,NEOPROTEROZOIC,Nankoweap Formation,Ferruginous mbr,Ferruginous mbr,,0-40,0,40,,"~780 m.y., red ss & sst",false,false,
108,36,36,MESOPROTEROZOIC,Unkar Group,Cardenas Basalt & diabase sills & dikes,Cardenas Basalt & diabase sills & dikes,,770-990,770,990,,1.1 b.y.; cuts older rocks,false,false,
108,37,37,MESOPROTEROZOIC,Dox Ss,Ochoa Point Mbr,Ochoa Point Member,,175-300,175,300,,red sandstone; micaceous mudstone,false,false,
108,38,38,MESOPROTEROZOIC,Dox Ss,Comanche Point Member,Comanche Point Member,,425-620,425,620,,"varicolored shaly siltstone, stromatolitic dolomite",false,false,
108,39,39,MESOPROTEROZOIC,Dox Ss,Solomon Temple Member,Solomon Temple Member,,920,920,920,,"mud cracks & ripple marks; red mudstone, siltstone, & sandstone",false,false,
108,40,40,MESOPROTEROZOIC,Dox Ss,Escalante Creek member,Escalante Creek member,,1280,1280,1280,,"tan siliceous, arkosic, & calcareous sandstones",false,false,
108,41,41,MESOPROTEROZOIC,Unkar Group,Shinumo Quartzite,Shinumo Quartzite,,1130-1540,1130,1540,,"pale red, brown, & purple cliff forming quartzite",false,false,
108,42,42,MESOPROTEROZOIC,Unkar Group,Hakatai Shale,Hakatai Shale,,450-1000,450,1000,,"purple, red, & orange argillic shale & sandstone",false,false,
108,43,43,MESOPROTEROZOIC,Bass Fm,Dolomite mbr,Dolomite mbr,,190-330,190,330,,1.25 b.y. argillitic interbeds,false,false,
108,44,44,MESOPROTEROZOIC,Bass Fm,Hotauta Cg Mbr,Hotauta Conglomerate Member,,0-150,0,150,,includes breccias,false,false,
108,45,45,PALEO-PROTEROZOIC,Crystalline Basement Rocks,Granite & pegmatite,Granite & pegmatite,,not stratified units,,,,1.66-1.7 b.y.; Zoroaster Complex,false,false,
108,46,45,PALEO-PROTEROZOIC,Crystalline Basement Rocks,Granodiorite complexes,Granodiorite complexes,,not stratified units,,,,1.71-1.74 b.y.,false,false,
108,47,45,PALEO-PROTEROZOIC,Crystalline Basement Rocks,Vishnu Schist,Vishnu Schist,,not stratified units,,,,1.75 b.y.,false,false,
108,48,45,PALEO-PROTEROZOIC,Crystalline Basement Rocks,Brahma Schist,Brahma Schist,,not stratified units,,,,1.75 b.y.,false,false,
108,49,45,PALEO-PROTEROZOIC,Crystalline Basement Rocks,Rama Schist (& gneiss),Rama Schist (& gneiss),,not stratified units,,,,1.75 b.y.,false,false,
108,50,45,PALEO-PROTEROZOIC,Crystalline Basement Rocks,Elves Chasm pluton,Elves Chasm pluton,,not stratified units,,,,1.84 b.y.,false,false,
109,1,1,Q,,"Alluvium, colluvium, & slide deposits","Alluvium, colluvium, & slide deposits",,0-400,0,400,,large boulders common,false,false,
109,2,2,M-P,,High terrace - gravel alluvium,High terrace - gravel alluvium,,0-50,0,50,,basalt clasts abundant,false,false,
109,3,3,M-P,,Basaltic andesite,Basaltic andesite,,200+,200,200,,"undated, probably Miocene",false,false,
109,4,4,M-P,,Tuffaceous sediments,Tuffaceous sediments,,100-500 ?,100,500,,"see Weir et al., 1990",false,false,
109,5,5,P,,Claron Formation,Claron Formation,,0-80 ?,0,80,,,false,false,
109,6,6,CRETACEOUS,,Mesaverde Sandstone,Mesaverde Sandstone,,400,400,400,,light-brown sandstone,false,false,
109,7,7,CRETACEOUS,Mancos Shale,Masuk Shale Member,Masuk Shale Member,,700-900,700,900,,gray silty mudstone,false,false,
109,8,8,CRETACEOUS,Mancos Shale,Muley Canyon Ss Mbr,Muley Canyon Sandstone Member,,120-300,120,300,,white cross bedded sandstone,false,false,
109,9,9,CRETACEOUS,Mancos Shale,Blue Gate Shale Member,Blue Gate Shale Member,,1200-1500,1200,1500,,bluish-gray mudstone; some bentonitic beds,false,false,
109,10,10,CRETACEOUS,Mancos Shale,Ferron Ss Mbr,Ferron Sandstone Member,,200-350,200,350,,coal,false,false,
109,11,11,CRETACEOUS,Mancos Shale,Tununk Shale Member,Tununk Shale Member,,500-650,500,650,,dark-gray mudstone; Pycnodonte newberryi,false,false,
109,12,12,CRETACEOUS,,Naturita Formation,Naturita Formation,,100-170,100,170,,fossiliferous ss & shale,false,false,
109,13,13,JURASSIC,Morrison Fm,Brushy Basin Mbr,Brushy Basin Member,,0-150,0,150,,"varicolored mudstone, minor sandstone & conglomerate",false,false,
109,14,14,JURASSIC,Morrison Fm,Salt Wash Ss Mbr,Salt Wash Sandstone Member,,30-60,30,60,,white sandstone & red and green mudstone,false,false,
109,15,15,JURASSIC,Morrison Fm,Tidwell Member,Tidwell Member,,100-180,100,180,,,false,false,
109,16,16,JURASSIC,,Summerville Formation,Summerville Formation,,50-190,50,190,,J-5 UNCONFORMITY; reddish-brown siltstone,false,false,
109,17,17,JURASSIC,,Curtis Formation,Curtis Formation,,0-5,0,5,,white calcareous sandstone,false,false,
109,18,18,JURASSIC,Entrada Ss,Upper member,Upper member,,170-250,170,250,,J-3 UNCONFORMITY; white & brown sandstone,false,false,
109,19,19,JURASSIC,Entrada Ss,Middle member,Middle member,,320-360,320,360,,reddish-brown siltstone & ss,false,false,
109,20,20,JURASSIC,Entrada Ss,Lower member,Lower member,,210-365,210,365,,brown cross-bedded sandstone,false,false,
109,21,21,JURASSIC,Carmel Fm,Winsor Mbr,Winsor Member,,300-600,300,600,,,false,false,
109,22,21,JURASSIC,Carmel Fm,Paria River Mbr,Paria River Member,,300-600,300,600,,gypsum,false,false,
109,23,22,JURASSIC,Carmel Fm,Thousand Pockets Tng,Thousand Pockets Tng,,0-80,0,80,,,false,false,
109,24,23,JURASSIC,Carmel Fm,Judd Hollow Mbr,Judd Hollow Member,,0-110,0,110,,,false,false,
109,25,24,JURASSIC,,Temple Cap Formation,Temple Cap Formation,,0-120,0,120,,Harris Wash equivalent; J-1 UNCONFORMITY,false,false,
109,26,25,JURASSIC,,Navajo Sandstone,Navajo Sandstone,,1000-1500,1000,1500,,"white cliff-forming, cross-bedded sandstone",false,false,
109,27,26,JURASSIC,,Kayenta Formation,Kayenta Formation,,200-400,200,400,,reddish-brown ss & siltstone; few yellow limestone beds,false,false,
109,28,27,JURASSIC,,Wingate Sandstone,Wingate Sandstone,,230-350,230,350,,orange eolian sandstone; J-0 UNCONFORMITY,false,false,
109,29,28,TRIASSIC,Chinle Fm,Owl Rock Member,Owl Rock Member,,150-250,150,250,,"red, brown, & green ss & shale",false,false,
109,30,29,TRIASSIC,Chinle Fm,Petrified Forest Member,Petrified Forest Member,,150-350,150,350,,petrified wood,false,false,
109,31,30,TRIASSIC,Chinle Fm,Monitor Butte Mbr,Monitor Butte Member,,10-200,10,200,,,false,false,
109,32,31,TRIASSIC,Chinle Fm,Shinarump Cg Mbr,Shinarump Conglomerate Member,,0-250,0,250,,TR-3 UNCONFORMITY,false,false,
109,33,32,TRIASSIC,Moenkopi Fm,Moody Canyon Mbr,Moody Canyon Member,,0-300,0,300,,,false,false,
109,34,33,TRIASSIC,Moenkopi Fm,Torrey Member,Torrey Member,,200-250,200,250,,vertebrate swim tracks; reddish-brown sandst. & siltst.,false,false,
109,35,34,TRIASSIC,Moenkopi Fm,Sinbad Limestone Mbr,Sinbad Limestone Member,,0-150,0,150,,orange fossiliferous dolomite,false,false,
109,36,35,TRIASSIC,Moenkopi Fm,Lower member,Lower member,,0-25,0,25,,white dolomitic sandstone; TR-1 UNCONFORMITY,false,false,
109,37,36,PERMIAN,,Black Box Dolomite,Black Box Dolomite,,0-60,0,60,,Kaibab equivalent,false,false,
109,38,37,PERMIAN,,White Rim Sandstone,White Rim Sandstone,,100-250,100,250,,dolomitic sandstone,false,false,
109,39,38,PERMIAN,Cutler Group,Cedar Mesa Sandstone,Cedar Mesa Sandstone,,1000-1500,1000,1500,,subsurface,false,false,
109,40,39,PENN,,Hermosa Fm,Hermosa Formation,,700-1000,700,1000,,gypsum,false,false,
109,41,40,PENN,,Molas Fm,Molas Formation,,0-50,0,50,,red silty shale,false,false,
109,42,41,MISS,,Redwall Limestone,Redwall Limestone,,760,760,760,,,false,false,
109,43,42,D,,Ouray & Elbert Fms undivided,Ouray & Elbert Fms undivided,,500,500,500,,Pre-Mississippian thicknesses estimated from regional data,false,false,
109,44,43,CAMBRIAN,,"""Lynch"" Dolomite","""Lynch"" Dolomite",,750,750,750,,,false,false,
109,45,43,CAMBRIAN,,Unnamed shale,Unnamed shale,,200,200,200,,,false,false,
109,46,44,CAMBRIAN,,Muav Limestone,Muav Limestone,,300,300,300,,,false,false,
109,47,45,CAMBRIAN,,Bright Angel Shale,Bright Angel Shale,,300,300,300,,micaceous,false,false,
109,48,46,CAMBRIAN,,Tapeats Sandstone,Tapeats Sandstone,,300,300,300,,,false,false,
109,49,47,pЄ,,"""granite""","""granite""",,-,,,,,false,false,
110,1,1,Q,,"Alluvium, dunes, terraces","Alluvium, dunes, terraces",,0-100,0,100,,,false,false,
110,2,2,CRETACEOUS,,Kaiparowits Fm,Kaiparowits Formation,,200+,200,200,,,false,false,
110,3,3,CRETACEOUS,,Wahweap Formation,Wahweap Formation,,1100-1300,1100,1300,,,false,false,
110,4,4,CRETACEOUS,Straight Cliffs Fm,Drip Tank Mbr,Drip Tank Member,,20-250,20,250,,,false,false,
110,5,4,CRETACEOUS,Straight Cliffs Fm,John Henry Member,John Henry Member,,600-1200,600,1200,,Christensen coal zone,false,false,
110,6,5,CRETACEOUS,Straight Cliffs Fm,Smoky Hollow M,Smoky Hollow Member,,30-150,30,150,,,false,false,
110,7,6,CRETACEOUS,Straight Cliffs Fm,Tibbet Canyon M,Tibbet Canyon Member,,70-150,70,150,,,false,false,
110,8,7,CRETACEOUS,,Tropic Shale,Tropic Shale,,600-730,600,730,,Allocrioceras; bentonitic,false,false,
110,9,7,CRETACEOUS,,Naturita Formation,Naturita Formation,,20-200,20,200,,93.5 m.y.; Pycnodonte newberryi,false,false,
110,10,7,CRETACEOUS,,Cedar Mountain Fm,Cedar Mountain Formation,,0-50,0,50,,,false,false,
110,11,8,JURASSIC,Morrison Fm,Upper member,Upper member,,100-350,100,350,,150.7 m.y.,false,false,
110,12,9,JURASSIC,Morrison Fm,Salt Wash Mbr,Salt Wash Member,,200-360,200,360,,,false,false,
110,13,9,JURASSIC,,Romana Sandstone,Romana Sandstone,,30-150,30,150,,J-5 UNCONFORMITY,false,false,
110,14,10,JURASSIC,Entrada Ss,Escalante & Cannonville Mbrs,Escalante & Cannonville Mbrs,,115-540,115,540,,"J-3 UNCONFORMITY; red & white banded, “Middle member”",false,false,
110,15,11,JURASSIC,Entrada Ss,Gunsight Butte Mbr,Gunsight Butte Member,,300-730,300,730,,"reddish-orange, cross-bedded; Winsor Member",false,false,
110,16,12,JURASSIC,,Carmel Fm,Carmel Formation,,140-200,140,200,,Paria River Member; Judd Hollow Member,false,false,
110,17,12,JURASSIC,,Temple Cap Fm,Temple Cap Formation,,50-100,50,100,,171.5 m.y.,false,false,
110,18,13,JURASSIC,Glen Canyon Group,Navajo Sandstone,Navajo Sandstone,,1170-1230,1170,1230,,J-1 UNCONFORMITY; contains thin lenses of sandy limestone and dolomite; vertebrate tracks,false,false,
110,19,14,JURASSIC,Glen Canyon Group,Kayenta Fm,Kayenta Formation,,250-330,250,330,,,false,false,
110,20,15,JURASSIC,Glen Canyon Group,Wingate Ss,Wingate Sandstone,,250-310,250,310,,,false,false,
110,21,16,TRIASSIC,Chinle Fm,Owl Rock Mbr,Owl Rock Member,,130-150,130,150,,J-0 UNCONFORMITY,false,false,
110,22,17,TRIASSIC,Chinle Fm,Petrified Forest Member,Petrified Forest Member,,450-520,450,520,,varicolored; bentonitic,false,false,
110,23,18,TRIASSIC,Chinle Fm,Shinarump Cg M,Shinarump Conglomerate Member,,140-200,140,200,,Tr-3 UNCONFORMITY,false,false,
110,24,19,TRIASSIC,,Moenkopi Formation,Moenkopi Formation,,230-270,230,270,,Tr-1 UNCONFORMITY,false,false,
110,25,20,PERMIAN,,Kaibab Limestone,Kaibab Limestone,,130-150,130,150,,,false,false,
110,26,21,PERMIAN,Cutler Group,White Rim Ss,White Rim Sandstone,,20-230,20,230,,,false,false,
110,27,22,PERMIAN,Cutler Group,Organ Rock Shale,Organ Rock Shale,,400-500,400,500,,,false,false,
110,28,23,PERMIAN,Cutler Group,Cedar Mesa Sandstone,Cedar Mesa Sandstone,,800-900,800,900,,subsurface,false,false,
110,29,24,PERMIAN,Cutler Group,Elephant Canyon Formation,Elephant Canyon Formation,,500-600,500,600,,,false,false,
110,30,25,PENN,,Hermosa Formation,Hermosa Formation,,500-570,500,570,,,false,false,
110,31,26,PENN,,Molas Fm,Molas Formation,,150-200,150,200,,,false,false,
110,32,27,MISS,Redwall Ls,Horseshoe Mesa M,Horseshoe Mesa Member,,170,170,170,,,false,false,
110,33,28,MISS,Redwall Ls,Mooney Falls M,Mooney Falls Member,,250,250,250,,,false,false,
110,34,29,MISS,Redwall Ls,Thunder Spr M,Thunder Spr Member,,150,150,150,,cherty,false,false,
110,35,30,MISS,Redwall Ls,Whitmore Wash M,Whitmore Wash Member,,110,110,110,,,false,false,
110,36,31,D,,Ouray Limestone,Ouray Limestone,,140,140,140,,,false,false,
110,37,32,D,,Elbert Formation,Elbert Formation,,150-230,150,230,,,false,false,
110,38,33,CAMBRIAN,,Muav Limestone,Muav Limestone,,430,430,430,,,false,false,
110,39,34,CAMBRIAN,,Bright Angel Shale,Bright Angel Shale,,680,680,680,,,false,false,
110,40,35,CAMBRIAN,,Tapeats Sandstone,Tapeats Sandstone,,300,300,300,,,false,false,
110,41,36,pЄ,,Basement unidentified,Basement unidentified,,-,,,,lithology not known,false,false,
111,1,1,Q,,"Alluvial, eolian, slump, & landslide deposits","Alluvial, eolian, slump, & landslide deposits",,0-200,0,200,,"see Willis, 2005 for Quaternary deposits",false,false,
111,2,2,JURASSIC,Carmel Fm,Winsor & Paria River M,Winsor & Paria River Member,,100±,100,100,,"see Doelling et al., 2013 for revised Carmel-Temple Cap stratigraphy",false,true,
111,3,3,JURASSIC,Carmel Fm,Judd Hollow Mbr,Judd Hollow Member,,0-20,0,20,,thickness of Judd Hollow & Temple Cap increase to west,false,true,
111,4,4,JURASSIC,,Temple Cap Formation,Temple Cap Formation,,0-25,0,25,,,false,false,
111,5,5,JURASSIC,,Navajo Sandstone,Navajo Sandstone,,600-650,600,650,,J-1 UNCONFORMITY; yellow-orange sandstone with local limestone & siltstone interdunal deposits,false,false,
111,6,6,JURASSIC,,Kayenta Formation,Kayenta Formation,,180-300,180,300,,"purplish-red sandstone with some conglomerate, siltstone & clay",false,false,
111,7,7,JURASSIC,,Wingate Sandstone,Wingate Sandstone,,280-320,280,320,,"red-brown cross-bedded sandstone forms vertical cliff; period cell boundary falls inside this row (JURASSIC above, TRIASSIC below)",false,false,
111,8,8,TRIASSIC,Chinle Fm,Church Rock Mbr,Church Rock Member,,80-200,80,200,,= Rock Point Member,false,false,
111,9,9,TRIASSIC,Chinle Fm,Owl Rock & Petrified Forest Members,Owl Rock & Petrified Forest Members,,280-520,280,520,,"variegated purple, red, gray, & green mudstones; contains some sandstone beds",false,false,
111,10,10,TRIASSIC,Chinle Fm,Moss Back Member,Moss Back Member,,0-190,0,190,,gray sandstone with conglomerate and siltstone beds,false,false,
111,11,11,TRIASSIC,Chinle Fm,Monitor Butte Member,Monitor Butte Member,,120-250,120,250,,variegated mudstone with lenses of sandstone,false,false,
111,12,12,TRIASSIC,Chinle Fm,Shinarump Cg Mbr,Shinarump Conglomerate Member,,0-80,0,80,,"gray, cross-bedded conglomeratic sandstone",false,false,
111,13,13,TRIASSIC,Moenkopi Fm,Upper member,Upper member,,180-270,180,270,,Tr-3 UNCONFORMITY; red-brown siltstone & sandstone; few thin limestone beds,false,false,
111,14,14,TRIASSIC,Moenkopi Fm,Hoskininni Ss Member,Hoskininni Sandstone Member,,0-110,0,110,,pale red-brown sandstone; forms knobby cliff; UNCONFORMITY,false,false,
111,15,15,PERMIAN,Cutler Group,White Rim Ss,White Rim Sandstone,,0-100,0,100,,"see Condon, 1997, for thickness & description of Cutler Group rocks",false,true,
111,16,16,PERMIAN,Cutler Group,Organ Rock Shale,Organ Rock Shale,,200-400,200,400,,UNCONFORMITY; red-brown siltstone & sandstone,false,false,
111,17,17,PERMIAN,Cutler Group,Cedar Mesa Sandstone,Cedar Mesa Sandstone,,1000-1200,1000,1200,,"cross-bedded, light orange, fine grained sandstone, with varicolored lenses of sandy siltstone in upper part",false,false,
111,18,18,PERMIAN,Cutler Group,Halgaito Formation,Halgaito Formation,,380-460,380,460,,"formerly called Rico Fm; yellow-orange, fine- to coarse-grained sandstone",false,false,
111,19,19,PENNSYLVANIAN,Hermosa Group,Honaker Trail Formation,Honaker Trail Formation,,600+,600,600,,dark-gray limestone with interbeds of limy sandstone,false,false,
111,20,19,PENNSYLVANIAN,Hermosa Group,Paradox Fm,Paradox Formation,,1500-2500,1500,2500,,strata below Honaker Trail not exposed; thickness extrapolated from adjacent areas,false,false,
111,21,19,PENNSYLVANIAN,Hermosa Group,Pinkerton Trail Formation,Pinkerton Trail Formation,,0-200,0,200,,,false,false,
111,22,20,PENNSYLVANIAN,,Molas Formation,Molas Formation,,0-150,0,150,,,false,false,
111,23,21,MISS,,Leadville/Redwall Limestone,Leadville/Redwall Limestone,,500-700,500,700,,"see Condon, 1995, for pre-Pennsylvanian rock thickness and description",false,false,
111,24,22,DEVONIAN,,Ouray Limestone,Ouray Limestone,,100-125,100,125,,,false,false,
111,25,23,DEVONIAN,Elbert Fm,Upper member,Upper member,,200-230,200,230,,,false,false,
111,26,24,DEVONIAN,Elbert Fm,McCracken Sandstone Mbr,McCracken Sandstone Member,,20-80,20,80,,,false,false,
111,27,25,DEVONIAN,,Aneth Formation,Aneth Formation,,0-100,0,100,,"MAJOR UNCONFORMITY; period cell boundary falls inside this row (DEVONIAN above, CAMBRIAN below)",false,false,
111,28,26,CAMBRIAN,,“Lynch” Dolomite,“Lynch” Dolomite,,50-300,50,300,,,false,false,
111,29,26,CAMBRIAN,,“Maxfield” Limestone & “Ophir” Formations undivided,“Maxfield” Limestone & “Ophir” Formations undivided,,400-600,400,600,,"Note: formation names in quotes are from well loggers, who have used Cambrian names from the Wasatch Mts here; see note on Cambrian correlation table, column 10",false,false,
111,30,27,CAMBRIAN,,“Tintic” Quartzite,“Tintic” Quartzite,,250,250,250,,MAJOR UNCONFORMITY,false,false,
111,31,28,pЄ,,granite,granite,,-,,,,,false,false,
112,1,1,Q,,"Alluvial, eolian, & mass-movement deposits","Alluvial, eolian, & mass-movement deposits",,0-100,0,100,,Colorado River incision rates range from 0.36 to 1.64 feet per 1000 years,false,false,
112,2,2,JURASSIC,Morrison Formation,Salt Wash Member,Salt Wash Member,,200+,200,200,,"cross-bedded sandstone, cg, mudstone, & siltstone",false,false,
112,3,3,JURASSIC,Entrada Formation,Middle member (Cannonville Mbr),Middle member (Cannonville Member),,360,360,360,,"J-5 UNCONFORMITY; red & white banded cliffs of sandstone, & minor silt & clay",false,false,
112,4,4,JURASSIC,Entrada Formation,Lower member (Gunsight Butte Mbr),Lower member (Gunsight Butte Member),,460,460,460,,"yellow to orange, thickbedded, calcareous fine-grained sandstone",false,false,
112,5,5,JURASSIC,,Carmel Formation,Carmel Formation,,100-140,100,140,,"reddish-gray, gypsiferous ss, siltstone, & mudstone",false,false,
112,6,6,JURASSIC,,Temple Cap Fm,Temple Cap Formation,,0-100,0,100,,"orange, cross-bedded ss",false,false,
112,7,7,JURASSIC,,Navajo Sandstone,Navajo Sandstone,,900-1100,900,1100,,"J-1 UNCONFORMITY; yellowish-gray, tan, & orange, massive cross-bedded sandstone; contains thin lenses of sandy limestone & dolomite",false,false,
112,8,8,JURASSIC,,Kayenta Formation,Kayenta Formation,,200-240,200,240,,"reddish-brown, lenticular thin-to thick bedded sandstone & siltstone; forms ledges",false,false,
112,9,9,JURASSIC,,Wingate Sandstone,Wingate Sandstone,,260-340,260,340,,"orange-brown, cross-bedded fine-grained sandstone",false,false,
112,10,10,TRIASSIC,Chinle Fm,Church Rock Mbr,Church Rock Member,,40,40,40,,J-0 UNCONFORMITY; reddish brown siltstones & ss,false,false,
112,11,11,TRIASSIC,Chinle Fm,Owl Rock Mbr,Owl Rock Member,,370,370,370,,"mottled, varicolored calcareous silstone & sandstone, forms slopes",false,false,
112,12,12,TRIASSIC,Chinle Fm,Petrified Forest Member,Petrified Forest Member,,520,520,520,,"purple, green, red, & gray bentonitic mudstone with few lenses of sandstone; prone to slumping",false,false,
112,13,13,TRIASSIC,Chinle Fm,Monitor Butte Mbr,Monitor Butte Member,,100,100,100,,greenish-gray bentonitic mudstone & sandstone,false,false,
112,14,14,TRIASSIC,Chinle Fm,Shinarump Cg Mbr,Shinarump Conglomerate Member,,0-200,0,200,,TR 3 UNCONFORMITY,false,false,
112,15,15,TRIASSIC,Moenkopi Fm,Main body,Main body,,380,380,380,,"reddish-brown ss & siltstone, lesser mudstone; gypsum veinlets",false,false,
112,16,16,TRIASSIC,Moenkopi Fm,Hoskinnini Ss Mbr,Hoskinnini Sandstone Member,,70-110,70,110,,pink & tan silty sandstone,false,false,
112,17,17,PERMIAN,,White Rim Sandstone,White Rim Sandstone,,0-30,0,30,,MAJOR UNCONFORMITY; pale yellow cross-bedded ss,false,false,
112,18,18,PERMIAN,,De Chelly Sandstone,De Chelly Sandstone,,0-750,0,750,,"cliff-forming, yellow-gray sandstone that forms most of the monuments in Monument Valley",false,false,
112,19,19,PERMIAN,Cutler Group,Organ Rock Shale,Organ Rock Shale,,450,450,450,,red-brown to orange siltstone & subarkosic sandstone,false,false,
112,20,20,PERMIAN,Cutler Group,Cedar Mesa Sandstone,Cedar Mesa Sandstone,,700-1000,700,1000,,"yellowish-gray & reddish brown, fine-grained calcareous sandstone with interbeds of reddish brown siltstone, forms massive cliffs",false,false,
112,21,21,PENNSYLVANIAN,Halgaito Formation,upper,upper,,60-90,60,90,,red-brown sandstone & siltstone,false,false,
112,22,22,PENNSYLVANIAN,Halgaito Formation,lower,lower,,380,380,380,,"same as upper unit but includes thin beds of limestone & dolomite; see Scott & Sumida, 2004, for vertebrate fossils",false,false,
112,23,23,PENNSYLVANIAN,Honaker Trail Formation,upper,upper,,180,180,180,,,false,false,
112,24,24,PENNSYLVANIAN,Honaker Trail Formation,lower,lower,,550,550,550,,"interbedded ls & black shale; Skelly 1-A, 1952, 6726 ft; Forest Oil, 1956, 4160 ft; Sinclair, 1967, 3885 ft",false,true,
112,25,25,PENNSYLVANIAN,,Paradox Formation,Paradox Formation,,0-840,0,840,,interbedded black shale and limestone,false,false,
112,26,26,PENNSYLVANIAN,,Pinkerton Trail Fm,Pinkerton Trail Formation,,230,230,230,,limestone with some dolomite and shale,false,false,
112,27,27,PENNSYLVANIAN,,Molas Formation,Molas Formation,,150-190,150,190,,,false,false,
112,28,28,MISS,,Redwall/Leadville Limestone,Redwall/Leadville Limestone,,510-590,510,590,,"fossiliferous limstone with lesser dolomite, chert in some beds",false,false,
112,29,29,D,,"Ouray Limestone & Elbert Fm, undivided","Ouray Limestone & Elbert Formation, undivided",,250-400,250,400,,MAJOR UNCONFORMITY,false,false,
112,30,30,CAMB,,"Lynch Dolo, Muav Ls, & Bright Angel Sh, undivided","Lynch Dolo, Muav Limestone, & Bright Angel Shale, undivided",,300,300,300,,,false,false,
112,31,31,CAMB,,Tapeats/Ignacio Quartzite,Tapeats/Ignacio Quartzite,,300,300,300,,MAJOR UNCONFORMITY,false,false,
112,32,32,pЄ,,gneiss & schist,gneiss & schist,,-,,,,,false,false,
113,1,1,Q,,"Alluvium, colluvium","Alluvium, colluvium",,0-100,0,100,,scattered sand dunes,false,false,
113,2,2,Q,,Glacial & eolian deposits,Glacial & eolian deposits,,0-200,0,200,,0.6 m.y. ash beds,false,false,
113,3,3,OLIG,,Geyser Creek Fanglomerate,Geyser Creek Fanglomerate,,0-2000+,0,2000,,,false,false,
113,4,4,OLIG,,"Diorite & monzonite porphyry dikes, sills, & laccoliths of LaSal Mts","Diorite & monzonite porphyry dikes, sills, & laccoliths of LaSal Mts",,,,,,"25-28 m.y. Ar/Ar; see Ross, 2006, for igneous rocks",false,false,
113,5,5,CRET,Mancos Shale,Upper Shale Mbr,Upper Shale Member,,"up to 3,000",3000,3000,,,false,false,
113,6,6,CRET,Mancos Shale,Ferron Ss Mbr,Ferron Sandstone Member,,50-130,50,130,,,false,false,
113,7,7,CRET,Mancos Shale,Lower Shale Mbr,Lower Shale Member,,150-400,150,400,,Pycnodonte newberryi,false,false,
113,8,8,CRET,,Naturita Formation,Naturita Formation,,0-200,0,200,,,false,false,
113,9,9,CRET,,Cedar Mtn/Burro Canyon Fm,Cedar Mtn/Burro Canyon Formation,,80-300,80,300,,dinosaur tracks & bones; 25 m.y. UNCONFORMITY,false,false,
113,10,10,JURASSIC,Morrison Fm,Brushy Basin Mbr,Brushy Basin Member,,250-500,250,500,,dinosaur bones,false,false,
113,11,11,JURASSIC,Morrison Fm,Salt Wash Member,Salt Wash Member,,130-400,130,400,,,false,false,
113,12,12,JURASSIC,Morrison Fm,Tidwell Member,Tidwell Member,,20-100,20,100,,formerly Summerville,false,false,
113,13,13,JURASSIC,,Summerville Formation,Summerville Formation,,5-220,5,220,,J-5 UNCONFORMITY,false,false,
113,14,14,JURASSIC,,"Curtis Fm, Moab Tongue","Curtis Formation, Moab Tongue",,0-180,0,180,,white caprock; J-3 UNCONFORMITY,false,false,
113,15,15,JURASSIC,,"Entrada Sandstone, Slick Rock Member","Entrada Sandstone, Slick Rock Member",,140-500,140,500,,ARCHES NAT'L PARK,false,false,
113,16,16,JURASSIC,,"Carmel Fm, Dewey Bridge Mbr","Carmel Formation, Dewey Bridge Member",,300-240,240,300,,Page Ss locally; J-1 UNCONFORMITY,false,false,
113,17,17,JURASSIC,,Navajo Sandstone,Navajo Sandstone,,0-740,0,740,,195-200 m.y.; rounded outcrops,false,false,
113,18,18,JURASSIC,,Kayenta Formation,Kayenta Formation,,100-360,100,360,,DEAD HORSE POINT,false,false,
113,19,19,JURASSIC,,Wingate Sandstone,Wingate Sandstone,,220-450,220,450,,vertical cliffs,false,false,
113,20,20,TRIASSIC,Chinle Fm,Church Rock Mbr,Church Rock Member,,150-300,150,300,,"Rock Point Mbr, ginglymoidian fish & vertebrate tracks",false,false,
113,21,21,TRIASSIC,Chinle Fm,Black ledge,Black ledge,,0-150,0,150,,manganese coating,false,false,
113,22,22,TRIASSIC,Chinle Fm,Kane Springs beds,Kane Springs beds,,0-50,0,50,,,false,false,
113,23,23,TRIASSIC,Chinle Fm,Claystone mbr,Claystone mbr,,0-100,0,100,,,false,false,
113,24,24,TRIASSIC,Chinle Fm,Moss Back Mbr,Moss Back Member,,0-50,0,50,,TR-3 UNCONFORMITY,false,false,
113,25,25,TRIASSIC,Moenkopi Fm,Upper slope mbr,Upper slope mbr,,230,230,230,,MEMBERS IN CASTLE VALLEY,false,false,
113,26,26,TRIASSIC,Moenkopi Fm,Ledge-forming mbr,Ledge-forming mbr,,260,260,260,,140' - Pariott Mbr; 380' - Sewemup Mbr,false,false,
113,27,27,TRIASSIC,Moenkopi Fm,Sinbad Ls Mbr,Sinbad Limestone Member,,0-60,0,60,,220' - Ali Baba Mbr,false,false,
113,28,28,TRIASSIC,Moenkopi Fm,Lower slope mbr,Lower slope mbr,,100-200,100,200,,220' - Tenderfoot Mbr,false,false,
113,29,29,TRIASSIC,,Hoskinnini Sandstone,Hoskinnini Sandstone,,0-100,0,100,,Permian ?,false,false,
113,30,30,PERMIAN,Cutler Group,White Rim Ss,White Rim Sandstone,,0-430,0,430,,tar sands,false,false,
113,31,31,PERMIAN,Cutler Group,Organ Rock Sh,Organ Rock Shale,,0-400,0,400,,,false,false,
113,32,32,PERMIAN,Cutler Group,Cedar Mesa Sandstone,Cedar Mesa Sandstone,,200-1200,200,1200,,CANYONLANDS NAT'L PARK,false,false,
113,33,33,PERMIAN,Cutler Group,Arkosic facies,Arkosic facies,,400-3000,400,3000,,"Arkosic facies is not a separately named map unit but forms the undivided lower part of the Cutler Group at Moab, Shafer limestone bed below Cedar Mesa Sst contains shark teeth",false,false,
113,34,34,PERMIAN,Cutler Group,Elephant Canyon Fm (formerly called Rico facies of Cutler),Elephant Canyon Formation (formerly called Rico facies of Cutler),,0-1500,0,1500,,"Elephant Canyon Fm is exposed along Colorado River south of Potash plant. Fossils include corals, bryozoans, brachiopods and fusulinids",false,false,
113,35,35,PENNSYLVANIAN,Hermosa Group,Honaker Trail Formation,Honaker Trail Formation,,0-5000,0,5000,,Honaker Trail Fm exposed on west side of Moab fault near Arches headquarters; mudstone is interbedded with fossiliferous limestone that contains corals & brachiopods,false,false,
113,36,36,PENNSYLVANIAN,Hermosa Group,"Paradox Fm (cyclic sequence of salt, anhydrite, potash, black shale, dolomite and locally arkose)","Paradox Formation (cyclic sequence of salt, anhydrite, potash, black shale, dolomite and locally arkose)",,"0-14,000",0,14000,,"Caprock of Paradox Fm is up to 800 feet thick in Moab Valley; potash & salt; Salt from the Paradox Formation has been mobilized into elongate masses up to 14,000 ft thick which have formed the salt anticlines in this region",false,false,
113,37,37,PENNSYLVANIAN,Hermosa Group,Pinkerton Trail Fm,Pinkerton Trail Formation,,0-150,0,150,,Anthracospirifer,false,false,
113,38,38,PENNSYLVANIAN,,Molas Formation,Molas Formation,,0-100,0,100,,,false,false,
113,39,39,M,,Leadville Dolomite,Leadville Dolomite,,300-600,300,600,,Oil zones in Lisbon and Big Flat oil fields,false,false,
113,40,40,DEV,,Ouray Limestone,Ouray Limestone,,0-150,0,150,,,false,false,
113,41,41,DEV,,Elbert Formation,Elbert Formation,,100-200,100,200,,,false,false,
113,42,42,DEV,,McCracken Ss Mbr,McCracken Sandstone Member,,25-100,25,100,,,false,false,
113,43,43,CAMB,,"""Lynch"" Dolomite","""Lynch"" Dolomite",,800-1000,800,1000,,UNCONFORMITY,false,false,
113,44,44,CAMB,,"""Bright Angel"" Shale","""Bright Angel"" Shale",,0-100,0,100,,,false,false,
113,45,45,CAMB,,Ignacio Quartzite,Ignacio Quartzite,,100-300,100,300,,,false,false,
113,46,46,pЄ,,"Schist, gneiss, granitic and pegmatite dikes and plugs","Schist, gneiss, granitic and pegmatite dikes and plugs",,,,,,1480 m.y. granite; 1700 m.y. gneiss,false,false,
114,1,1,Q,,Alluvium - dune sand,Alluvium - dune sand,,0-100,0,100,,,false,false,
114,2,2,JURASSIC,Morrison Fm,Brushy Basin Member,Brushy Basin Member,,250-500,250,500,,"purple, green, red, yellow, mostly mudstone; contains dinosaur bone",false,false,
114,3,3,JURASSIC,Morrison Fm,Salt Wash Mbr,Salt Wash Member,,200-400,200,400,,mostly sandstone; vanadium-uranium ore,false,false,
114,4,3,JURASSIC,Morrison Fm,Tidwell member,Tidwell member,,0-60,0,60,,,false,false,
114,5,4,JURASSIC,,Summerville Formation,Summerville Formation,,5-70,5,70,,J-5 UNCONFORMITY; Wanakah Mbr on some maps,false,false,
114,6,5,JURASSIC,,"Curtis Fm, Moab Member","Curtis Formation, Moab Member",,80-110,80,110,,pinkish gray sandstone previously included in the upper Entrada Ss; J-3 UNCONFORMITY,false,false,
114,7,6,JURASSIC,,"Entrada Ss, Slickrock Mbr","Entrada Sandstone, Slickrock Member",,60-310,60,310,,banded eolian sandstone with “stonepecker” holes; has arches locally,false,false,
114,8,7,JURASSIC,,"Carmel Fm, Dewey Bridge M","Carmel Formation, Dewey Bridge Member",,20-80,20,80,,,false,false,
114,9,8,JURASSIC,Glen Canyon Group,Navajo Sandstone,Navajo Sandstone,,80-500,80,500,,J-1 UNCONFORMITY; rounded cliffs; eolian sandstone,false,false,
114,10,9,JURASSIC,Glen Canyon Group,Kayenta Fm,Kayenta Formation,,60-360,60,360,,DEAD HORSE POINT; bench-forming sandstone,false,false,
114,11,10,JURASSIC,Glen Canyon Group,Wingate Sandstone,Wingate Sandstone,,220-420,220,420,,"vertical cliff face; period cell boundary falls inside this row (JURASSIC above, TRIASSIC below)",false,false,
114,12,11,TRIASSIC,Chinle Fm,Church Rock Member,Church Rock Member,,240-310,240,310,,,false,false,
114,13,12,TRIASSIC,Chinle Fm,Owl Rock M,Owl Rock Member,,70-120,70,120,,"for alternative names see Martz et al., 2017",false,false,
114,14,13,TRIASSIC,Chinle Fm,Petrified Forest M,Petrified Forest Member,,50-100,50,100,,bentonitic,false,false,
114,15,14,TRIASSIC,Chinle Fm,Moss Back Ss M,Moss Back Sandstone Member,,0-100,0,100,,bears uranium locally,false,false,
114,16,15,TRIASSIC,Moenkopi Fm,Moody Canyon M,Moody Canyon Member,,40-120,40,120,,Tr-3 UNCONFORMITY,false,false,
114,17,16,TRIASSIC,Moenkopi Fm,Torrey Member,Torrey Member,,100-200,100,200,,ripple marks & mudcracks & thin veinlets of gypsum,false,false,
114,18,16,TRIASSIC,Moenkopi Fm,Sinbad Ls Mbr,Sinbad Limestone Member,,0-20,0,20,,,false,false,
114,19,17,TRIASSIC,Moenkopi Fm,Black Dragon Mbr,Black Dragon Member,,0-230,0,230,,Tr 1 UNCONFORMITY,false,false,
114,20,18,TRIASSIC,,Hoskinnini Sandstone Tongue,Hoskinnini Sandstone Tongue,,0-50,0,50,,,false,false,
114,21,18,PERMIAN,Cutler Group,White Rim Ss,White Rim Sandstone,,0-250,0,250,,,false,false,
114,22,19,PERMIAN,Cutler Group,Organ Rock Fm,Organ Rock Formation,,200-400,200,400,,,false,false,
114,23,20,PERMIAN,Cutler Group,Cedar Mesa Sandstone,Cedar Mesa Sandstone,,200-1200,200,1200,,surface rock in The Needles area; interfingers eastward with arkosic beds within the Park,false,false,
114,24,21,PERMIAN,Cutler Group,Elephant Canyon and Halgaito Fms (time equivalent),Elephant Canyon and Halgaito Fms (time equivalent),,0-1500,0,1500,,thickens and becomes less limy towards Uncompahgre Uplift to the east,false,false,
114,25,22,PENNSYLVNIAN,Hermosa Group,Honaker Trail Formation,Honaker Trail Formation,,0-3000,0,3000,,UNCONFORMITY; fossiliferous limestone,false,false,
114,26,23,PENNSYLVNIAN,Hermosa Group,Paradox Formation,Paradox Formation,,500-9000,500,9000,,"Oldest rocks exposed in Canyonlands, at river level in the Gypsum Canyon area; subsurface; salt & potash interbedded with black shale and anhydrite",false,false,
114,27,24,PENNSYLVNIAN,Hermosa Group,Pinkerton Trail Formation,Pinkerton Trail Formation,,200-300,200,300,,,false,false,
114,28,25,PENNSYLVNIAN,,Molas Foramtion,Molas Foramtion,,0-100,0,100,,,false,false,
114,29,26,MISS,,Leadville Limestone,Leadville Limestone,,400-600,400,600,,Pre-Paradox rocks are known from wells and from geophysical measurements,false,false,
114,30,27,D,,Ouray Limestone,Ouray Limestone,,100,100,100,,,false,false,
114,31,28,D,,Elbert Formation,Elbert Formation,,300,300,300,,,false,false,
114,32,29,CAMBRIAN,,"Undivided Upper Cambrian dolomite, limestone, & shale","Undivided Upper Cambrian dolomite, limestone, & shale",,800-900,800,900,,,false,false,
114,33,30,CAMBRIAN,,“Bright Angel” Shale,“Bright Angel” Shale,,0-200,0,200,,,false,false,
114,34,31,CAMBRIAN,,Ignacio Quartzite,Ignacio Quartzite,,100-200,100,200,,,false,false,
114,35,32,pЄ,,Metamorphic rocks,Metamorphic rocks,,-,,,,,false,false,
115,1,1,Q,,"Alluvium, colluvium","Alluvium, colluvium",,0-100,0,100,,,false,false,
115,2,2,Q,,"Loess, pediment, & gravel","Loess, pediment, & gravel",,0-100,0,100,,loess forms red soil,false,false,
115,3,3,Φ,,"Dikes, plugs, diatremes","Dikes, plugs, diatremes",,intrusive,,,,Alhambra Rock,false,false,
115,4,4,Φ,,Abajo Mts laccoliths,Abajo Mts laccoliths,,intrusive,,,,25-28 m.y. Ar/Ar,false,false,
115,5,5,CRET,,Mancos Shale,Mancos Shale,,0-700,0,700,,Pycnodonte (clam),false,false,
115,6,5,CRET,,Bridge Creek Ls Mbr,Bridge Creek Limestone Member,,0-50,0,50,,93 m.y. Ar/Ar,false,false,
115,7,7,CRET,,Naturita Formation,Naturita Formation,,30-150,30,150,,50 ft of Mancos below,false,false,
115,8,8,CRET,,Burro Canyon Fm,Burro Canyon Formation,,50-180,50,180,,MAJOR UNCONFORMITY,false,false,
115,9,9,JURASSIC,Morrison Fm,Brushy Basin Mbr,Brushy Basin Member,,200-440,200,440,,150.6 m.y. U-Pb; varicolored mudstone,false,false,
115,10,10,JURASSIC,Morrison Fm,Westwater Canyon M,Westwater Canyon Member,,0-180,0,180,,,false,false,
115,11,11,JURASSIC,Morrison Fm,Recapture Mbr,Recapture Member,,0-835,0,835,,includes Salt Wash & Tidwell facies; uranium mines; 153.8 m.y. U-Pb,false,false,
115,12,12,JURASSIC,Morrison Fm,Bluff Ss Mbr,Bluff Sandstone Member,,0-340,0,340,,J-5 UNCONFORMITY,false,false,
115,13,13,JURASSIC,,Wanakah Fm,Wanakah Formation,,60-200,60,200,,"formerly Summerville; see O'Sullivan, 1997",false,false,
115,14,14,JURASSIC,,Entrada Sandstone,Entrada Sandstone,,50-400,50,400,,,false,false,
115,15,15,JURASSIC,,Carmel Fm,Carmel Formation,,0-120,0,120,,,false,false,
115,16,16,JURASSIC,,Navajo Sandstone,Navajo Sandstone,,300-800,300,800,,J-1 UNCONFORMITY; thickens westward,false,false,
115,17,17,JURASSIC,,Kayenta Fm,Kayenta Formation,,50-250,50,250,,stream-channel sandstone,false,false,
115,18,18,JURASSIC,,Wingate Sandstone,Wingate Sandstone,,250-450,250,450,,,false,false,
115,19,19,TRIASSIC,Chinle Fm,Church Rock M,Church Rock Member,,100-500,100,500,,light brown,false,false,
115,20,20,TRIASSIC,Chinle Fm,Owl Rock Mbr,Owl Rock Member,,100-400,100,400,,pale red,false,false,
115,21,21,TRIASSIC,Chinle Fm,Petrified Forest M,Petrified Forest Member,,0-300,0,300,,"varicolored, bentonite",false,false,
115,22,22,TRIASSIC,Chinle Fm,Moss Back Cg M,Moss Back Conglomerate Member,,0-100,0,100,,,false,false,
115,23,23,TRIASSIC,Chinle Fm,Monitor Butte M,Monitor Butte Member,,0-200,0,200,,,false,false,
115,24,24,TRIASSIC,Chinle Fm,Shinarump Cg M,Shinarump Conglomerate Member,,0-100,0,100,,,false,false,
115,25,25,TRIASSIC,Moenkopi Fm,Moody Canyon M,Moody Canyon Member,,0-100,0,100,,TR-3 UNCONFORMITY; slope-forming mbr,false,false,
115,26,26,TRIASSIC,Moenkopi Fm,Torrey Mbr,Torrey Member,,200,200,200,,ledge-forming mbr,false,false,
115,27,27,TRIASSIC,Moenkopi Fm,Hoskinnini Tongue,Hoskinnini Tongue,,0-100,0,100,,UNCONFORMITY,false,false,
115,28,28,PERMIAN,,De Chelly Ss,De Chelly Sandstone,,0-500,0,500,,,false,false,
115,29,29,PERMIAN,Cutler Group,Organ Rock Fm,Organ Rock Formation,,100-800,100,800,,,false,false,
115,30,30,PERMIAN,Cutler Group,Cedar Mesa Sandstone,Cedar Mesa Sandstone,,400-1200,400,1200,,"rocks at Natural Bridges National Monument; see Condon, 1997, for Cutler Group in the Paradox Basin",false,false,
115,31,31,PERMIAN,Cutler Group,Halgaito Fm,Halgaito Formation,,400-500,400,500,,reddish brown,false,false,
115,32,32,PENNSYLVANIAN,Hermosa Group,Honaker Trail Formation,Honaker Trail Formation,,500-1500,500,1500,,"""Rico Fm""",false,false,
115,33,33,PENNSYLVANIAN,Hermosa Group,Paradox Fm,Paradox Formation,,500-3500,500,3500,,"Oil zones: Ismay; Desert Creek Akah; Barker Creek; Alkali Gulch; halite, anhydrite & potash interbedded with black shale, dolomite and algal reef mounds which yield oil",false,false,
115,34,34,PENNSYLVANIAN,Hermosa Group,Pinkerton Trail Fm,Pinkerton Trail Formation,,100-400,100,400,,Pre-Pennsylvanian is in subsurface only,false,false,
115,35,35,PENNSYLVANIAN,,Molas Formation,Molas Formation,,0-150,0,150,,,false,false,
115,36,36,MISS,,Leadville/Redwall Limestone,Leadville/Redwall Limestone,,300-600,300,600,,"see Condon, 1995, for thickness maps of pre-Pennsyvanian rocks in the Paradox Basin",false,false,
115,37,37,DEV,,Ouray Formation,Ouray Formation,,50-150,50,150,,,false,false,
115,38,38,DEV,,Elbert Formation,Elbert Formation,,160-350,160,350,,,false,false,
115,39,39,DEV,Elbert Formation,McCracken Ss Mbr,McCracken Sandstone Member,,0-120,0,120,,,false,false,
115,40,40,DEV,,Aneth Formation,Aneth Formation,,0-200,0,200,,fish plates,false,false,
115,41,41,CAMB,,"""Lynch"" Dolomite","""Lynch"" Dolomite",,0-600,0,600,,see Chart 108 for more appropriate formation names than those in quotes,false,true,
115,42,42,CAMB,,"""Ophir"" Fm & ""Maxfield"" Ls","""Ophir"" Formation & ""Maxfield"" Limestone",,0-600,0,600,,,false,false,
115,43,43,CAMB,,Ignacio Quartzite,Ignacio Quartzite,,0-300,0,300,,,false,false,
115,44,44,pЄ,,"Granite, metasediments gneiss & schist","Granite, metasediments gneiss & schist",,,,,,,false,false,
116,1,1,Q,,Alluvium & dune sand,Alluvium & dune sand,,0-100,0,100,,,false,false,
116,2,2,Φ,,Lamprophyric dike near Oljeto,Lamprophyric dike near Oljeto,,intrusive,,,,28 m.y.,false,false,
116,3,4,JURASSIC,Glen Canyon Group,Navajo Sandstone,Navajo Sandstone,,600+,600,600,,,false,false,
116,4,5,JURASSIC,Glen Canyon Group,Kayenta Formation,Kayenta Formation,,200-230,200,230,,,false,false,
116,5,6,JURASSIC,Glen Canyon Group,Wingate Sandstone,Wingate Sandstone,,310-360,310,360,,"period cell boundary falls inside this row (JURASSIC above, TRIASSIC below)",false,false,
116,6,7,TRIASSIC,Chinle Fm,"Church Rock, Owl Rock Petrifed Forest, and Monitor Butte members undivided","Church Rock, Owl Rock Petrifed Forest, and Monitor Butte members undivided",,770-1020,770,1020,,multicolored; bentonitic,false,false,
116,7,8,TRIASSIC,Chinle Fm,Shinarump Cg M,Shinarump Conglomerate Member,,0-200,0,200,,caprock for most of the monuments in this area,false,false,
116,8,9,TRIASSIC,,Moenkopi Formation,Moenkopi Formation,,100-350,100,350,,Tr-3 UNCONFORMITY,false,false,
116,9,10,TRIASSIC,,Hoskinnini Sandstone,Hoskinnini Sandstone,,40-120,40,120,,Permian?,false,false,
116,10,11,PERMIAN,Cutler Group,DeChelly Sandstone,DeChelly Sandstone,,0-400,0,400,,rocks at Oljeto & buttes of Monument Valley,false,false,
116,11,12,PERMIAN,Cutler Group,Organ Rock Formation,Organ Rock Formation,,300-700,300,700,,rocks at Goulding T.P. & lower slopes in Monument Valley,false,false,
116,12,13,PERMIAN,Cutler Group,Cedar Mesa Sandstone,Cedar Mesa Sandstone,,500-700,500,700,,resistant sandstone that is exposed at the surface over much of the northern Monument Upward; grades eastward to gypsiferous redbeds within Monument Valley,false,false,
116,13,14,PERMIAN,Cutler Group,Halgaito Formation,Halgaito Formation,,400-700,400,700,,Rocks at Mexican Hat,false,false,
116,14,15,PENNSYLVANIAN,Hermosa Group,Honaker Trail Formation,Honaker Trail Formation,,400-600,400,600,,"This is the type area for Honaker Trail Fm Skelly Oil, 1952 27-40S-12E Nokai # 1-A",false,false,
116,15,16,PENNSYLVANIAN,Hermosa Group,Paradox Formation,Paradox Formation,,500-1000,500,1000,,Ismay Stage; shale; Desert Creek Stage; shale; Akah Stage; shale; Barker Creek Stage,false,false,
116,16,17,PENNSYLVANIAN,Hermosa Group,Pinkerton Trail Formation,Pinkerton Trail Formation,,200-400,200,400,,,false,false,
116,17,18,PENNSYLVANIAN,,Molas Formation,Molas Formation,,150,150,150,,,false,false,
116,18,19,MISS,Redwall Ls,Horseshoe Mesa M,Horseshoe Mesa Member,,110,110,110,,,false,false,
116,19,20,MISS,Redwall Ls,Mooney Falls Member,Mooney Falls Member,,220,220,220,,,false,false,
116,20,21,MISS,Redwall Ls,Thunder Springs M,Thunder Springs Member,,140,140,140,,cherty,false,false,
116,21,22,MISS,Redwall Ls,Whitmore Wash M,Whitmore Wash Member,,90,90,90,,,false,false,
116,22,23,DEV,,Ouray Limestone,Ouray Limestone,,110,110,110,,,false,false,
116,23,24,DEV,,Elbert Formation,Elbert Formation,,310,310,310,,McCracken Ss Mbr,false,false,
116,24,25,CAMBRIAN,,Muav Limestone,Muav Limestone,,630,630,630,,“Lynch” Dolomite,false,false,
116,25,26,CAMBRIAN,,Bright Angel Shale,Bright Angel Shale,,290,290,290,,,false,false,
116,26,27,CAMBRIAN,,Tapeats Sandstone,Tapeats Sandstone,,180+,180,180,,,false,false,
117,1,1,Q,,Alluvium,Alluvium,,0-150,0,150,,"colluvium, rock glaciers, talus",false,false,
117,2,2,Q,,Pinedale till,Pinedale till,,0-165,0,165,,"32,000 - 14,000 years old, formerly called Smiths Fork till",false,false,
117,3,2,T,,Residual deposits,Residual deposits,,0-10,0,10,,,false,false,
117,4,4,Є-O,,Diabase dikes,Diabase dikes,,,,,,453 to 552 m.y.,false,false,
117,5,6,NEOPROTEROZOIC,,Formation of Hades Pass,Formation of Hades Pass,,4920,4920,4920,,<766 m.y.,false,false,
117,6,7,NEOPROTEROZOIC,,Mount Agassiz Formation,Mount Agassiz Formation,,460-980,460,980,,,false,false,
117,7,8,NEOPROTEROZOIC,,Dead Horse Pass Formation,Dead Horse Pass Formation,,490,490,490,,feldspathic,false,false,
117,8,8,NEOPROTEROZOIC,Red Castle Formation,upper member,upper member,,<100,100,100,,"arkosic, pebbly",false,false,
117,9,9,NEOPROTEROZOIC,Red Castle Formation,middle member,middle member,,8530,8530,8530,,feldspathic,false,false,
117,10,9,NEOPROTEROZOIC,Red Castle Formation,UNREADABLE,UNREADABLE,,8530,8530,8530,,not exposed,false,false,unreadable
118,1,1,Q,,Alluvium & surficial deposits,Alluvium & surficial deposits,,0-150,0,150,,,false,false,
118,2,2,OLIGO,,Bishop Conglomerate,Bishop Conglomerate,,1030,1030,1030,,30.5 m.y. Ar/Ar sanidine; 34.0 m.y. Ar/Ar sanidine; Gilbert Peak Erosion Surface,false,false,
118,3,3,EOCENE,Duchesne River Formation,Starr Flat Member,Starr Flat Member,,335-800,335,800,,,false,false,
118,4,4,EOCENE,Duchesne River Formation,Lapoint Member,Lapoint Member,,0-365,0,365,,mammal fossils; 39.5 m.y. Ar/Ar plagioclase,false,false,
118,5,5,EOCENE,Duchesne River Formation,Dry Gulch Creek Mbr,Dry Gulch Creek Member,,0-490,0,490,,39.4 m.y. Ar/Ar sanidine,false,false,
118,6,6,EOCENE,Duchesne River Formation,Brennan Basin Mbr,Brennan Basin Member,,1430-1850,1430,1850,,grades southwestward from conglomerate to sandstone; mammal fossils,false,false,
118,7,7,CRETACEOUS,,Mesaverde Formation,Mesaverde Formation,,1790,1790,1790,,tar sand,false,false,
118,8,8,CRETACEOUS,,Mancos Shale,Mancos Shale,,3300-4925,3300,4925,,,false,false,
118,9,9,CRETACEOUS,,Frontier Formation,Frontier Formation,,145,145,145,,oyster bed; coal; includes Tununk Shale at base,false,false,
118,10,10,CRETACEOUS,,Mowry Shale,Mowry Shale,,155,155,155,,fish scales and bones,false,false,
118,11,11,CRETACEOUS,,Muddy Sandstone,Muddy Sandstone,,260-305,260,305,,formerly Dakota Sandstone; coal,false,false,
118,12,12,CRETACEOUS,,Cedar Mountain Fm,Cedar Mountain Formation,,210,210,210,,,false,false,
118,13,13,JURASSIC,,Morrison Formation,Morrison Formation,,520-650,520,650,,,false,false,
118,14,14,JURASSIC,,Stump Formation,Stump Formation,,220-270,220,270,,,false,false,
118,15,15,JURASSIC,,Entrada Sandstone,Entrada Sandstone,,160-215,160,215,,,false,false,
118,16,16,JURASSIC,,Carmel Formation,Carmel Formation,,150-350,150,350,,169.5 m.y. Ar/Ar biotite,false,false,
119,1,1,Q,,Alluvium & other surficial deposits,Alluvium & other surficial deposits,,0-100,0,100,,,false,false,
119,2,2,Q,,Older piedmont alluvium,Older piedmont alluvium,,50-100,50,100,,,false,false,
119,3,3,Φ,,Bishop Conglomerate,Bishop Conglomerate,,300-500,300,500,,30-34 m.y. Ar/Ar sanidine,false,false,
119,4,4,EO,,Duchesne River Formation,Duchesne River Formation,,0-520,0,520,,39.5 m.y. Ar/Ar sanidine,false,false,
119,5,5,CRETACEOUS,,Mancos Shale,Mancos Shale,,4700,4700,4700,,,false,false,
119,6,6,CRETACEOUS,,Frontier Sandstone,Frontier Sandstone,,140-270,140,270,,"""cannon balls""; thin coal beds",false,false,
119,7,7,CRETACEOUS,,Mowry Shale,Mowry Shale,,90-120,90,120,,"fish scales, shark teeth",false,false,
119,8,8,CRETACEOUS,,Muddy Formation,Muddy Formation,,115-200,115,200,,petrified wood; formerly Dakota Fm.,false,false,
119,9,9,CRETACEOUS,,Cedar Mountain Fm,Cedar Mountain Formation,,220,220,220,,dinosaur fossils; Buckhorn Conglomerate 0-10 ft,false,false,
119,10,10,JURASSIC,,Morrison Formation,Morrison Formation,,520-650,520,650,,dinosaur fossils; petrified wood; J-5 UNCONFORMITY,false,false,
119,11,11,JURASSIC,Stump Fm,Redwater Mbr,Redwater Member,,180,180,180,,oolitic limestones; belemnites,false,false,
119,12,12,JURASSIC,Stump Fm,Curtis Mbr,Curtis Member,,40-90,40,90,,glauconitic sandstone,false,false,
119,13,13,JURASSIC,,Entrada Sandstone,Entrada Sandstone,,160-215,160,215,,J-3 UNCONFORMITY,false,false,
119,14,14,JURASSIC,,Carmel Formation,Carmel Formation,,150-350,150,350,,gypsum beds; 169.5 m.y. Ar/Ar biotite; J-1 UNCONFORMITY,false,false,
119,15,15,JURASSIC,,Nugget Sandstone,Nugget Sandstone,,720-1100,720,1100,,formerly called Glen Canyon Sandstone; lacustrine limestone; vertebrate tracks,false,false,
119,16,16,TRIASSIC,,Bell Springs Mbr*,Bell Springs Member*,,90-130,90,130,,salt casts; ripple-laminated sand; basal rip-up clast conglomerate,false,false,
119,17,17,TRIASSIC,Chinle Fm,upper mbr,upper mbr,,170-230,170,230,,"*NOTE: Imris et al., 2015 include the Bell Springs as the upper part of the Chinle Formation.",false,true,
119,18,17,TRIASSIC,Chinle Fm,Gartra Mbr,Gartra Member,,10-80,10,80,,petrified wood,false,false,
119,19,18,TRIASSIC,,Moenkopi Formation,Moenkopi Formation,,575-1120,575,1120,,gypsum; reptile tracks,false,false,
119,20,19,TRIASSIC,,Dinwoody Formation,Dinwoody Formation,,0-110,0,110,,gypsum beds,false,false,
119,21,20,PERMIAN,Park City/Phosphoria Fms,upper undivided,upper undivided,,85-145,85,145,,,false,false,
119,22,20,PERMIAN,Park City/Phosphoria Fms,Meade Pk Mbr,Meade Peak Member,,20-30,20,30,,mined for phosphate,false,false,
119,23,21,PERMIAN,,Weber Sandstone,Weber Sandstone,,945-1275,945,1275,,chert; lower part may be marine,false,false,
119,24,22,PENN,,Morgan Formation,Morgan Formation,,360-500,360,500,,,false,false,
119,25,23,PENN,,Round Valley Limestone,Round Valley Limestone,,230-260,230,260,,red chert,false,false,
119,26,24,MISS,,Doughnut Formation,Doughnut Formation,,50-80,50,80,,,false,false,
119,27,25,MISS,,Humbug Formation,Humbug Formation,,110-160,110,160,,,false,false,
119,28,25,MISS,,Deseret Limestone,Deseret Limestone,,775,775,775,,gray chert,false,false,
119,29,26,MISS,,Madison Limestone,Madison Limestone,,250+,250,250,,,false,false,
120,1,1,Q,,Alluvium & surficial deposits,Alluvium & surficial deposits,,0-100,0,100,,,false,false,
120,2,2,Q,,Glacial deposits,Glacial deposits,,0-150,0,150,,,false,false,
120,3,3,EOCENE,,Bridger Formation,Bridger Formation,,1970-3200,1970,3200,,,false,false,
120,4,4,EOCENE,,Green River Formation,Green River Formation,,0-650,0,650,,oil shale,false,false,
120,5,5,EOCENE,,Wasatch Formation,Wasatch Formation,,750-4260,750,4260,,,false,false,
120,6,6,CRETACEOUS,,Baxter Shale,Baxter Shale,,6200-6900,6200,6900,,,false,false,
120,7,7,CRETACEOUS,,Frontier Sandstone,Frontier Sandstone,,120-275,120,275,,"bivalves, coal",false,false,
120,8,8,CRETACEOUS,,Mowry Shale,Mowry Shale,,30-250,30,250,,siliceous,false,false,
120,9,9,CRETACEOUS,,Muddy Formation,Muddy Formation,,50-250,50,250,,formerly Dakota Sst,false,false,
120,10,10,CRETACEOUS,,Cedar Mountain Fm,Cedar Mountain Formation,,0-200,0,200,,,false,false,
120,11,11,JURASSIC,,Morrison Formation,Morrison Formation,,295-940,295,940,,J-5 UNCONFORMITY,false,false,
120,12,12,JURASSIC,,Stump Fm,Stump Formation,,175-300,175,300,,oolitic limestones; glauconitic sandstone,false,false,
120,13,13,JURASSIC,,Entrada Sandstone,Entrada Sandstone,,130-165,130,165,,J-3 UNCONFORMITY,false,false,
120,14,14,JURASSIC,,Carmel Formation,Carmel Formation,,285-400,285,400,,oolitic limestone,false,false,
120,15,15,JURASSIC,,Nugget Sandstone,Nugget Sandstone,,700-900,700,900,,"J-1 UNCONFORMITY; period cell boundary falls inside this row (JURASSIC above, TRIASSIC below)",false,false,
120,16,16,TRIASSIC,,Chinle Formation,Chinle Formation,,130-450,130,450,,Gartra equivalent?,false,false,
120,17,17,TRIASSIC,,Moenkopi Formation,Moenkopi Formation,,720-830,720,830,,,false,false,
120,18,18,TRIASSIC,,Dinwoody Formation,Dinwoody Formation,,295-600,295,600,,gypsum,false,false,
120,19,19,PERMIAN,Park City/Phosphoria Fms,Franson Mbr,Franson Member,,170-325,170,325,,,false,false,
120,20,20,PERMIAN,Park City/Phosphoria Fms,Meade Peak Mbr,Meade Peak Member,,100-175,100,175,,phosphate,false,false,
120,21,21,PERMIAN,Park City/Phosphoria Fms,Grandeur Mbr,Grandeur Member,,200-255,200,255,,,false,false,
120,22,22,PERMIAN,,Weber Sandstone,Weber Sandstone,,1000-1400,1000,1400,,,false,false,
120,23,23,PENN,,Morgan Formation,Morgan Formation,,500-950,500,950,,,false,false,
120,24,24,PENN,,Round Valley Limestone,Round Valley Limestone,,275-450,275,450,,red chert,false,false,
120,25,24,MISS,,Doughnut Formation,Doughnut Formation,,170-250,170,250,,,false,false,
120,26,25,MISS,,Humbug Formation,Humbug Formation,,295-380,295,380,,,false,false,
120,27,25,MISS,,Madison Limestone,Madison Limestone,,925-1100,925,1100,,gray chert,false,false,
120,28,26,Є,,Lodore Sandstone,Lodore Sandstone,,0-35,0,35,,,false,false,
120,29,26,NEOPROTEROZOIC,,Red Pine Shale,Red Pine Shale,,1640-1750,1640,1750,,cyanobacteria; ~740 m.y.,false,false,
120,30,27,NEOPROTEROZOIC,,Hades Pass Formation,Hades Pass Formation,,4500+,4500,4500,,<766 m.y.,false,false,
121,1,1,Q,,Alluvium - dunes,Alluvium - dunes,,0-200,0,200,,,false,false,
121,2,2,EOCENE,Uinta Fm,Member B,Member B,,80,80,80,,some tuffaceous beds,false,false,
121,3,3,EOCENE,Uinta Fm,Member A,Member A,,325,325,325,,interfingers with Green River lithologies,false,false,
121,4,4,EOCENE,Green River Fm,Parachute Creek Mbr,Parachute Creek Member,,705,705,705,,"Horse Bench sandstone bed; many tuff beds; Mahogany oil shale bed, 100+ ft thick",false,false,
121,5,5,EOCENE,Green River Fm,Douglas Creek Member,Douglas Creek Member,,690-1800,690,1800,,stromatalites; Celeron Oil Agency Draw #16-3 and Texaco/Skyline AG #1,false,true,
121,6,6,PALEOCENE,,Wasatch Formation,Wasatch Formation,,2170-3015,2170,3015,,,false,false,
121,7,7,CRETACEOUS,Mesaverde Group,Upper unit,Upper unit,,1900-2400,1900,2400,,UNCONFORMITY; coal,false,false,
121,8,7,CRETACEOUS,Mesaverde Group,Sego Ss,Sego Sandstone,,10-250,10,250,,,false,false,
121,9,8,CRETACEOUS,,Buck Tongue of Mancos Shale,Buck Tongue of Mancos Shale,,50,50,50,,,false,false,
121,10,9,CRETACEOUS,Mesaverde Group,Castlegate Ss,Castlegate Sandstone,,250-325,250,325,,,false,false,
121,11,9,CRETACEOUS,,Mancos Shale,Mancos Shale,,3900-4120,3900,4120,,subsurface olive-gray mudstone,false,false,
121,12,9,CRETACEOUS,,Naturita Formation,Naturita Formation,,130,130,130,,,false,false,
121,13,9,CRETACEOUS,,Cedar Mountain Fm,Cedar Mountain Formation,,175,175,175,,UNCONFORMITY,false,false,
121,14,9,JURASSIC,,Morrison Formation,Morrison Formation,,600,600,600,,,false,false,
121,15,9,JURASSIC,,Entrada Sandstone,Entrada Sandstone,,305,305,305,,J-5 UNCONFORMITY,false,false,
121,16,10,JURASSIC,,Carmel Formation,Carmel Formation,,48,48,48,,J-1 UNCONFORMITY,false,false,
121,17,11,JURASSIC,,Navajo Sandstone,Navajo Sandstone,,69,69,69,,Glen Canyon Group,false,true,
121,18,11,JURASSIC,,Kayenta Fm,Kayenta Formation,,74,74,74,,,false,false,
121,19,11,TRIASSIC,,Wingate Sandstone,Wingate Sandstone,,495,495,495,,,false,false,
121,20,12,TRIASSIC,,Chinle Formation,Chinle Formation,,280,280,280,,,false,false,
121,21,13,TRIASSIC,,Moenkopi Formation,Moenkopi Formation,,1070,1070,1070,,UNCONFORMITY,false,false,
121,22,14,PENN,,Weber Sandstone,Weber Sandstone,,—,,,,,false,false,
122,1,1,Q,,"Alluvium, Lake Bonneville beds","Alluvium, Lake Bonneville beds",,0-300,0,300,,,false,false,
122,2,2,MIO-PLIO,,Pre-Bonneville valley fill,Pre-Bonneville valley fill,,0-1000+,0,1000,,includes Salt Lake Fm,false,false,
122,3,3,MIO-PLIO,,Volcanic breccia,Volcanic breccia,,0-300,0,300,,sedimentary & volcanic blocks in a tuffaceous matrix,false,false,
122,4,4,OLIGOCENE,,Jasperoid,Jasperoid,,–,,,,silicified & opalized volcanic rocks and Paleozoic carbonates,false,true,
122,5,5,OLIGOCENE,,Rhyolite of Desert Mountain,Rhyolite of Desert Mountain,,450+,450,450,,phenocryst of quartz & k-spar in fine-grained ground mass,false,false,
122,6,6,OLIGOCENE,,Leucogranite of Desert Mountain,Leucogranite of Desert Mountain,,–,,,,about 28.5 m.y.; light-colored feldspar phenocrysts in a dark matrix,false,false,
122,7,7,OLIGOCENE,,Granodiorite of Desert Mountain,Granodiorite of Desert Mountain,,–,,,,"period cell boundary falls inside this row (OLIGOCENE above, E below)",false,false,
122,8,7,OLIGOCENE,,Altered volcanic rocks,Altered volcanic rocks,,–,,,,silicified & argillized tuffs and flows probably older than 34.5 m.y.,false,false,
122,9,9,O,,Fish Haven Dolomite,Fish Haven Dolomite,,200+,200,200,,,false,false,
122,10,11,NEOPROT,,Dutch Peak Formation,Dutch Peak Formation,,"12,300+",12300,12300,,"dark olive-green diamictite; Christie-Blick, 1997, shows unconformable relations within Dutch Peak Fm",false,false,
122,11,12,MESOPROT,,equivalent of Otis Canyon Fm,equivalent of Otis Canyon Formation,,"7,200+",7200,7200,,gray to tan quartzite with interbeds of conglomerate; diabase sills in qtzt,false,false,
123,1,1,Q,,Alluvium - dune sand,Alluvium - dune sand,,0-100,0,100,,,false,false,
123,2,2,JUR,,Kayenta Fm,Kayenta Formation,,130-230,130,230,,ledgy siltstone and sandstone,false,false,
123,3,3,JUR,,Wingate Sandstone,Wingate Sandstone,,230-270,230,270,,vertical cliff face,false,false,
123,4,4,TRIASSIC,Chinle Fm,Church Rock Mbr,Church Rock Member,,125-175,125,175,,,false,false,
123,5,5,TRIASSIC,Chinle Fm,Owl Rock Mbr,Owl Rock Member,,365-385,365,385,,,false,false,
123,6,6,TRIASSIC,Chinle Fm,Petrified Forest M,Petrified Forest Member,,85-110,85,110,,"bentonitic, petrified wood",false,false,
123,7,7,TRIASSIC,Chinle Fm,Moss Back Ss M,Moss Back Sandstone Member,,78-135,78,135,,,false,false,
123,8,7,TRIASSIC,Chinle Fm,Monitor Butte M,Monitor Butte Member,,65-104,65,104,,TR-3 UNCONFORMITY,false,false,
123,9,7,TRIASSIC,Chinle Fm,Shinarump Cng M,Shinarump Cng Member,,0-15,0,15,,petrified wood,false,false,
123,10,8,TRIASSIC,Moenkopi Fm,Upper Member,Upper Member,,175-240,175,240,,TR-1 UNCONFORMITY; ripple marks & mudcracks & thin veinlets of gypsum,false,false,
123,11,9,TRIASSIC,Moenkopi Fm,Hoskinnini Ss Mbr,Hoskinnini Sandstone Member,,67-111,67,111,,,false,false,
123,12,10,PERMIAN,Cutler Group,Organ Rock Fm,Organ Rock Formation,,200-310,200,310,,micaceous siltsone & thin sandstones,false,false,
123,13,11,PERMIAN,Cutler Group,Cedar Mesa Sandstone,Cedar Mesa Sandstone,,1000-1375,1000,1375,,natural bridges,false,false,
123,14,12,PERMIAN,Cutler Group,Lower Cutler Beds,Lower Cutler Beds,,300-450,300,450,,"Halgaito – Elephant Canyon equivalent, trace fossils",false,false,
123,15,13,PENNSYLVANIAN,Hermosa Group,Honaker Trail Formation,Honaker Trail Formation,,660-1100,660,1100,,"UNCONFORMITY; subsurface; interbedded limestone, sandstone, siltstone, and shale",false,false,
123,16,14,PENNSYLVANIAN,Hermosa Group,Paradox Formation,Paradox Formation,,815-990,815,990,,salt & potash interbedded with black shale and anhydrite,false,false,
123,17,15,PENNSYLVANIAN,Hermosa Group,Pinkerton Trail Formation,Pinkerton Trail Formation,,225-335,225,335,,,false,false,
123,18,16,PENNSYLVANIAN,,Molas Foramtion,Molas Foramtion,,135-180,135,180,,,false,false,
123,19,17,MISS,,Leadville Limestone,Leadville Limestone,,300-740,300,740,,,false,false,
123,20,18,D,,Ouray Limestone,Ouray Limestone,,75,75,75,,,false,false,
123,21,19,D,,Elbert Formation,Elbert Formation,,210+,210,210,,McCracken Sandstone,false,false,
123,22,20,Є,,Cambrian undivided,Cambrian undivided,,-,,,,,false,false,
